# Blender 5.1.1
# www.blender.org
mtllib PistaLoop.mtl
o loop
v 0.642832 0.038077 -1.097390
v 2.622444 0.047756 -1.102525
v 0.164896 -0.706021 -0.750531
v 2.056338 -0.686327 -0.779332
v -0.146435 -1.067474 0.159602
v 1.760156 -1.048457 0.167024
v 3.202350 1.105780 -0.130127
v 1.106719 0.795085 -0.848661
v 3.106719 0.797596 -0.846371
v 3.761868 0.038077 0.837119
v 1.782255 0.047756 0.842254
v 4.239804 -0.706057 0.490223
v 2.348361 -0.686330 0.519059
v 4.551133 -1.067650 -0.471784
v 2.705635 -1.044594 -0.435601
v 1.202349 1.105780 -0.130144
v 3.297980 0.795085 0.588390
v 1.297980 0.797596 0.586100
v 4.609290 -1.119996 -2.340539
v 2.770179 -1.096015 -2.303124
v -0.205583 -1.120000 1.777882
v 2.000046 -1.120000 1.999700
v -0.205633 -1.120000 9.319000
v 1.870407 -1.120000 9.000000
v -2.011642 -1.120000 1.777962
v -2.011642 -1.120000 9.319000
v 4.000000 -1.120000 2.141814
v 4.000000 -1.120000 8.861210
v 2.000000 -1.120000 1.807079
v 4.000000 -1.120000 1.807079
v 1.937047 -1.075558 9.417371
v 4.064850 -1.070839 9.409979
v -2.014504 -1.120000 9.000001
v -2.080116 -1.070465 9.409654
v -0.208274 -0.636584 9.438700
v -2.036908 -0.636405 9.436045
v 1.664250 -0.628512 9.458033
v 4.084853 -0.628514 9.422886
v -2.099357 -0.628510 9.422886
v 4.120000 -1.000000 1.807078
v 4.120000 -0.628512 1.807078
v -2.134504 -1.119995 1.777962
v -2.134504 -0.628512 1.777962
v -0.205633 -1.120000 1.777961
v -0.205990 -1.120000 9.000001
v 4.609550 -1.119998 -7.098147
v 2.770408 -1.096017 -7.093720
v 4.609017 -1.085132 -7.376814
v 2.769914 -1.060577 -7.372944
v 4.610042 -0.640502 -7.412251
v 2.770933 -0.616524 -7.407806
v 4.803885 -1.084853 -2.340554
v 4.803884 -1.084853 -7.098147
v 2.577670 -1.060873 -2.303139
v 2.575471 -1.052187 -7.125649
v 4.610332 -1.084854 -7.377104
v 2.771130 -1.060896 -7.372636
v 4.796859 -1.064587 -7.356837
v 2.555929 -1.023544 -7.315722
v 4.610330 -0.640505 -7.412251
v 2.771220 -0.616521 -7.407807
v 4.719027 -0.640502 -7.412251
v 2.662524 -0.616521 -7.407807
v 4.839031 -0.640423 -2.340554
v 4.839031 -0.640424 -7.098148
v 2.542522 -0.616443 -2.303139
v 2.542522 -0.616449 -7.093709
v 4.839031 -0.640424 -7.412251
v 2.542522 -0.616450 -7.407794
v 0.217972 -0.629004 -0.822538
v 0.273166 -0.545780 -0.886928
v 0.330373 -0.457193 -0.943462
v 0.389486 -0.364075 -0.991860
v 0.450398 -0.267218 -1.031814
v 0.513000 -0.167395 -1.062983
v 0.577182 -0.065365 -1.084985
v 0.890296 0.040868 -1.098166
v 1.137743 0.041525 -1.098778
v 1.385190 0.042184 -1.099389
v 1.632637 0.042844 -1.099999
v 1.880084 0.043504 -1.100609
v 2.127531 0.044166 -1.101218
v 2.374978 0.044828 -1.101826
v 2.548246 -0.054356 -1.092738
v 2.474000 -0.155041 -1.073668
v 2.400223 -0.253498 -1.045627
v 2.327428 -0.348999 -1.008889
v 2.256129 -0.440807 -0.963692
v 2.186841 -0.528163 -0.910249
v 2.120074 -0.610272 -0.848745
v 1.819930 -0.690073 -0.774467
v 1.583493 -0.692163 -0.771244
v 1.347057 -0.694252 -0.768022
v 1.110620 -0.696340 -0.764800
v 0.874183 -0.698428 -0.761578
v 0.637746 -0.700516 -0.758357
v 0.401309 -0.702602 -0.755137
v -0.122106 -1.044869 0.005182
v -0.092827 -1.016682 -0.135363
v -0.058996 -0.982456 -0.263331
v -0.021005 -0.941692 -0.379944
v 0.020760 -0.893906 -0.486236
v 0.065920 -0.838735 -0.583017
v 0.114095 -0.776055 -0.670910
v 1.996233 -0.755696 -0.701731
v 1.940708 -0.818141 -0.614576
v 1.890777 -0.873272 -0.516905
v 1.847439 -0.921049 -0.407928
v 1.811696 -0.961850 -0.286604
v 1.784553 -0.996277 -0.151514
v 1.767031 -1.024960 -0.000928
v 1.521832 -1.050834 0.166096
v 1.283508 -1.053207 0.165137
v 1.045184 -1.055581 0.164176
v 0.806860 -1.057954 0.163215
v 0.568536 -1.060327 0.162253
v 0.330212 -1.062699 0.161289
v 0.091888 -1.065072 0.160324
v 3.202163 1.100629 -0.230546
v 3.200855 1.085398 -0.329711
v 3.197306 1.060411 -0.426673
v 3.190396 1.025943 -0.520543
v 3.179003 0.982227 -0.610417
v 3.162006 0.929466 -0.695355
v 3.138285 0.867842 -0.774372
v 2.856719 0.796318 -0.847552
v 2.606719 0.796317 -0.847553
v 2.356719 0.796317 -0.847554
v 2.106719 0.796316 -0.847554
v 1.856719 0.796315 -0.847555
v 1.606719 0.796315 -0.847555
v 1.356719 0.796314 -0.847556
v 0.709643 0.141925 -1.099830
v 0.776516 0.244958 -1.092373
v 0.842157 0.346229 -1.075223
v 0.905275 0.444880 -1.048551
v 0.964579 0.540036 -1.012483
v 1.018779 0.630790 -0.967101
v 1.066589 0.716178 -0.912458
v 3.066550 0.719389 -0.910145
v 3.018464 0.634628 -0.965007
v 2.963509 0.544517 -1.010819
v 2.902734 0.450083 -1.047555
v 2.837190 0.352287 -1.075178
v 2.767926 0.252042 -1.093624
v 2.695993 0.150232 -1.102788
v 3.827518 -0.065365 0.824714
v 3.891699 -0.167395 0.802712
v 3.954301 -0.267218 0.771543
v 4.015213 -0.364075 0.731589
v 4.074327 -0.457193 0.683191
v 4.131534 -0.545780 0.626657
v 4.186728 -0.629004 0.562268
v 3.514404 0.040868 0.837896
v 3.266957 0.041525 0.838507
v 3.019510 0.042184 0.839118
v 2.772063 0.042844 0.839729
v 2.524616 0.043504 0.840338
v 2.277168 0.044166 0.840947
v 2.029721 0.044829 0.841556
v 2.284625 -0.610272 0.588475
v 2.217858 -0.528163 0.649978
v 2.148570 -0.440807 0.703422
v 2.077272 -0.348999 0.748618
v 2.004477 -0.253498 0.785356
v 1.930699 -0.155041 0.813398
v 1.856453 -0.054356 0.832468
v 2.584770 -0.690082 0.514187
v 2.821207 -0.692175 0.510961
v 3.057643 -0.694266 0.507736
v 3.294080 -0.696358 0.504511
v 3.530517 -0.698449 0.501287
v 3.766954 -0.700539 0.498063
v 4.003390 -0.702628 0.494840
v 4.290607 -0.776260 0.410274
v 4.338793 -0.839169 0.321252
v 4.383977 -0.894490 0.222102
v 4.425774 -0.942298 0.111767
v 4.463791 -0.982985 -0.011070
v 4.497627 -1.017088 -0.148027
v 4.526878 -1.045150 -0.300953
v 2.678674 -1.022447 -0.265144
v 2.646031 -0.994779 -0.112618
v 2.608027 -0.961072 0.023925
v 2.564977 -0.920735 0.146292
v 2.517190 -0.873209 0.255971
v 2.464964 -0.818165 0.354062
v 2.408590 -0.755715 0.441414
v 4.320450 -1.064749 -0.467089
v 4.089761 -1.061874 -0.462625
v 3.859073 -1.058998 -0.458162
v 3.628384 -1.056123 -0.453698
v 3.397696 -1.053247 -0.449234
v 3.167006 -1.050372 -0.444771
v 2.936317 -1.047496 -0.440307
v 1.266414 0.867842 0.514102
v 1.242694 0.929466 0.435085
v 1.225697 0.982227 0.350146
v 1.214303 1.025943 0.260272
v 1.207392 1.060411 0.166402
v 1.203844 1.085398 0.069441
v 1.202536 1.100629 -0.029724
v 1.547980 0.796318 0.587282
v 1.797980 0.796317 0.587282
v 2.047980 0.796317 0.587283
v 2.297980 0.796316 0.587284
v 2.547980 0.796315 0.587284
v 2.797980 0.796315 0.587285
v 3.047980 0.796314 0.587286
v 3.338111 0.716178 0.652188
v 3.385921 0.630789 0.706830
v 3.440121 0.540036 0.752212
v 3.499425 0.444880 0.788281
v 3.562542 0.346229 0.814953
v 3.628184 0.244958 0.832102
v 3.695056 0.141925 0.839559
v 1.708707 0.150233 0.842518
v 1.636774 0.252043 0.833353
v 1.567509 0.352287 0.814907
v 1.501965 0.450083 0.787284
v 1.441191 0.544517 0.750548
v 1.386236 0.634628 0.704736
v 1.338150 0.719389 0.649874
v 2.952350 1.105780 -0.130135
v 2.702350 1.105780 -0.130135
v 2.452350 1.105780 -0.130135
v 2.202350 1.105780 -0.130135
v 1.952350 1.105780 -0.130135
v 1.702350 1.105780 -0.130135
v 1.452350 1.105780 -0.130135
v 1.138285 0.866130 -0.776330
v 1.162006 0.928398 -0.696884
v 1.179003 0.981614 -0.611525
v 1.190396 1.025629 -0.521278
v 1.197307 1.060277 -0.427104
v 1.200855 1.085356 -0.329917
v 1.202163 1.100622 -0.230611
v 3.202536 1.100622 -0.029659
v 3.203844 1.085356 0.069646
v 3.207393 1.060277 0.166833
v 3.214304 1.025629 0.261008
v 3.225697 0.981615 0.351254
v 3.242694 0.928398 0.436613
v 3.266415 0.866130 0.516059
v 4.378880 -1.116992 -2.335854
v 4.148991 -1.113995 -2.331177
v 3.919102 -1.110997 -2.326500
v 3.689213 -1.108000 -2.321824
v 3.459325 -1.105002 -2.317147
v 3.229436 -1.102004 -2.312470
v 2.999547 -1.099007 -2.307794
v 4.608658 -1.119889 -2.080773
v 4.607876 -1.119182 -1.823383
v 4.605742 -1.117259 -1.570940
v 4.601581 -1.113510 -1.326025
v 4.594715 -1.107316 -1.091187
v 4.584467 -1.098049 -0.868929
v 4.570165 -1.085057 -0.661679
v 2.726774 -1.061708 -0.625162
v 2.742661 -1.074469 -0.832115
v 2.754044 -1.083568 -1.054134
v 2.761672 -1.089649 -1.288802
v 2.766295 -1.093329 -1.533608
v 2.768666 -1.095216 -1.785993
v 2.769536 -1.095910 -2.043362
v 1.724505 -1.119992 1.970897
v 1.448785 -1.119994 1.943310
v 1.173065 -1.119996 1.915728
v 0.897344 -1.119997 1.888152
v 0.621623 -1.119998 1.860580
v 0.345901 -1.119999 1.833015
v 0.070178 -1.120000 1.805455
v -0.205321 -1.119899 1.555728
v -0.204329 -1.119190 1.335358
v -0.201969 -1.117263 1.118710
v -0.197579 -1.113505 0.907776
v -0.190495 -1.107295 0.704516
v -0.180052 -1.097998 0.510845
v -0.165587 -1.084958 0.328611
v 1.764549 -1.067280 0.353468
v 1.779167 -1.082077 0.556764
v 1.802557 -1.093488 0.774663
v 1.833262 -1.102109 1.004814
v 1.869828 -1.108512 1.244784
v 1.910799 -1.113258 1.492088
v 1.954718 -1.116901 1.744206
v -0.205633 -1.120000 8.376371
v -0.205633 -1.120000 7.433742
v -0.205633 -1.120000 6.491111
v -0.205633 -1.120000 5.548481
v -0.205633 -1.120000 4.605852
v -0.205633 -1.120000 3.663222
v -0.205633 -1.120000 2.720592
v 1.995715 -1.120000 2.870953
v 1.995714 -1.120000 3.746531
v 1.995713 -1.120000 4.622109
v 1.995712 -1.120000 5.497688
v 1.995711 -1.120000 6.373266
v 1.995710 -1.120000 7.248845
v 1.995710 -1.120000 8.124422
v -2.011642 -1.120000 8.376371
v -2.011642 -1.120000 7.433742
v -2.011642 -1.120000 6.491111
v -2.011642 -1.120000 5.548481
v -2.011642 -1.120000 4.605851
v -2.011642 -1.120000 3.663222
v -2.011642 -1.120000 2.720592
v -1.785891 -1.120000 1.777962
v -1.560140 -1.120000 1.777962
v -1.334389 -1.120000 1.777962
v -1.108638 -1.120000 1.777962
v -0.882886 -1.120000 1.777962
v -0.657135 -1.120000 1.777962
v -0.431384 -1.120000 1.777962
v -0.431384 -1.120000 9.319001
v -0.657135 -1.120000 9.319001
v -0.882886 -1.120000 9.319001
v -1.108638 -1.120000 9.319001
v -1.334389 -1.120000 9.319000
v -1.560140 -1.120000 9.319000
v -1.785891 -1.120000 9.319000
v 4.000000 -1.120000 2.875000
v 4.000000 -1.120000 3.750000
v 4.000000 -1.120000 4.625000
v 4.000000 -1.120000 5.500000
v 4.000000 -1.120000 6.375001
v 4.000000 -1.120000 7.250001
v 4.000000 -1.120000 8.125002
v 3.750000 -1.120000 8.861210
v 3.500000 -1.120000 8.861210
v 3.250000 -1.120000 8.861210
v 3.000000 -1.120000 8.861210
v 2.750000 -1.120000 8.861210
v 2.500000 -1.120000 8.861210
v 2.250000 -1.120000 8.861210
v 2.250000 -1.120000 2.141814
v 2.500000 -1.120000 2.141814
v 2.750000 -1.120000 2.141814
v 3.000000 -1.120000 2.141814
v 3.250000 -1.120000 2.141814
v 3.500000 -1.120000 2.141814
v 3.750000 -1.120000 2.141814
v 2.250000 -1.120000 1.807079
v 2.500000 -1.120000 1.807079
v 2.750000 -1.120000 1.807079
v 3.000000 -1.120000 1.807079
v 3.250000 -1.120000 1.807079
v 3.500000 -1.120000 1.807079
v 3.750000 -1.120000 1.807079
v 4.000000 -1.120000 1.831194
v 4.000000 -1.120000 1.855309
v 4.000000 -1.120000 1.879424
v 4.000000 -1.120000 1.903539
v 4.000000 -1.120000 1.927655
v 4.000000 -1.120000 1.951770
v 4.000000 -1.120000 1.975885
v 2.000000 -1.120000 1.975885
v 2.000000 -1.120000 1.951770
v 2.000000 -1.120000 1.927655
v 2.000000 -1.120000 1.903539
v 2.000000 -1.120000 1.879424
v 2.000000 -1.120000 1.855309
v 2.000000 -1.120000 1.831194
v 3.748760 -1.075902 9.417027
v 3.499782 -1.075558 9.417372
v 3.249262 -1.075557 9.417373
v 2.998251 -1.075557 9.417372
v 2.746476 -1.075558 9.417372
v 2.493224 -1.075559 9.417369
v 2.236803 -1.075558 9.417372
v 1.958031 -1.119299 9.308735
v 1.958031 -1.120000 9.253525
v 1.958031 -1.120000 9.211270
v 1.958031 -1.120000 9.169017
v 1.958031 -1.120000 9.126763
v 1.958031 -1.120000 9.084509
v 1.958031 -1.120000 9.042255
v 4.000000 -1.120000 9.042254
v 4.000000 -1.120000 9.084509
v 4.000000 -1.120000 9.126762
v 4.000000 -1.120000 9.169017
v 4.000000 -1.120000 9.211270
v 4.000000 -1.120000 9.253525
v 3.998991 -1.119847 9.301749
v -2.014001 -1.119850 9.301750
v -2.014504 -1.120000 9.253525
v -2.014504 -1.120000 9.211270
v -2.014504 -1.120000 9.169017
v -2.014504 -1.120000 9.126762
v -2.014504 -1.120000 9.084509
v -2.014504 -1.120000 9.042254
v -1.512691 -1.120000 9.000001
v -1.010878 -1.120000 9.000001
v -0.509065 -1.120000 9.000001
v -0.007252 -1.120000 9.000001
v 0.494561 -1.120000 9.000001
v 0.996374 -1.120000 9.000001
v 1.498187 -1.120000 9.000001
v 1.484990 -1.075557 9.417373
v 0.989598 -1.075557 9.417373
v 0.491036 -1.075557 9.417373
v -0.009001 -1.075557 9.417372
v -0.509803 -1.075557 9.417372
v -1.011097 -1.075558 9.417371
v -1.512117 -1.075939 9.416998
v 3.749345 -0.628513 9.458033
v 3.494754 -0.628512 9.458033
v 3.232295 -0.628512 9.458033
v 2.958031 -0.628508 9.458033
v 2.668030 -0.628508 9.458032
v 2.358356 -0.628513 9.458033
v 2.025074 -0.628514 9.458033
v 1.273260 -0.628512 9.458033
v 0.854729 -0.628509 9.458033
v 0.412591 -0.628507 9.458032
v -0.049221 -0.628510 9.458033
v -0.526771 -0.628512 9.458032
v -1.016124 -0.628510 9.458032
v -1.513347 -0.628509 9.458032
v -2.099357 -0.674947 9.422886
v -2.099357 -0.721384 9.422886
v -2.099357 -0.767821 9.422886
v -2.099357 -0.814258 9.422886
v -2.099358 -0.860692 9.422884
v -2.099357 -0.907127 9.422886
v -2.099231 -0.957071 9.422938
v 1.841306 -0.964348 9.457547
v 1.765674 -0.907128 9.458033
v 1.719771 -0.860692 9.458034
v 1.692229 -0.814256 9.458033
v 1.676053 -0.767819 9.458034
v 1.667747 -0.721384 9.458033
v 1.664687 -0.674949 9.458033
v 4.084565 -0.957078 9.423100
v 4.084853 -0.907128 9.422886
v 4.084854 -0.860694 9.422884
v 4.084853 -0.814255 9.422886
v 4.084853 -0.767819 9.422884
v 4.084853 -0.721384 9.422886
v 4.084853 -0.674948 9.422884
v -2.036900 -0.683422 9.436006
v -2.036890 -0.730438 9.435964
v -2.036881 -0.777453 9.435920
v -2.036871 -0.824468 9.435873
v -2.036860 -0.871481 9.435823
v -2.036849 -0.918494 9.435770
v -2.036837 -0.965507 9.435716
v -0.208266 -0.965776 9.438348
v -0.208268 -0.918751 9.438407
v -0.208269 -0.871725 9.438463
v -0.208270 -0.824698 9.438516
v -0.208271 -0.777671 9.438566
v -0.208272 -0.730643 9.438612
v -0.208273 -0.683614 9.438658
v 4.120000 -0.953564 1.807078
v 4.120000 -0.907128 1.807078
v 4.120000 -0.860692 1.807078
v 4.120000 -0.814256 1.807078
v 4.120000 -0.767820 1.807078
v 4.120000 -0.721384 1.807078
v 4.120000 -0.674948 1.807078
v 4.120000 -0.628512 2.748447
v 4.120000 -0.628512 3.689817
v 4.120000 -0.628512 4.631186
v 4.120000 -0.628512 5.572556
v 4.120000 -0.628512 6.513925
v 4.120000 -0.628512 7.455294
v 4.120000 -0.628512 8.396664
v 4.120000 -1.000000 8.396664
v 4.120000 -1.000000 7.455294
v 4.120000 -1.000000 6.513925
v 4.120000 -1.000000 5.572556
v 4.120000 -1.000000 4.631186
v 4.120000 -1.000000 3.689817
v 4.120000 -1.000000 2.748447
v -2.134504 -0.689947 1.777962
v -2.134504 -0.751382 1.777962
v -2.134504 -0.812818 1.777962
v -2.134504 -0.874254 1.777962
v -2.134504 -0.935689 1.777961
v -2.134504 -0.997125 1.777962
v -2.134504 -1.058560 1.777962
v -2.134504 -1.104996 2.722970
v -2.134504 -1.089996 3.667980
v -2.134504 -1.074997 4.612988
v -2.134504 -1.059997 5.557997
v -2.134504 -1.044998 6.503006
v -2.134504 -1.029999 7.448015
v -2.134504 -1.014999 8.393024
v -2.134504 -0.628512 8.393023
v -2.134504 -0.628512 7.448015
v -2.134504 -0.628512 6.503006
v -2.134504 -0.628512 5.557997
v -2.134504 -0.628512 4.612988
v -2.134504 -0.628512 3.667980
v -2.134504 -0.628512 2.722970
v -0.205677 -1.120000 2.680716
v -0.205722 -1.120000 3.583471
v -0.205767 -1.120000 4.486226
v -0.205811 -1.120000 5.388981
v -0.205856 -1.120000 6.291736
v -0.205901 -1.120000 7.194491
v -0.205945 -1.120000 8.097246
v 0.070071 -1.120000 1.805716
v 0.345775 -1.120000 1.833471
v 0.621479 -1.120000 1.861226
v 0.897184 -1.120000 1.888981
v 1.172888 -1.120000 1.916735
v 1.448592 -1.120000 1.944490
v 1.724296 -1.120000 1.972245
v 1.724252 -1.120000 9.000001
v 1.448503 -1.120000 9.000001
v 1.172754 -1.120000 9.000001
v 0.897005 -1.120000 9.000001
v 0.621256 -1.120000 9.000001
v 0.345507 -1.120000 9.000001
v 0.069759 -1.120000 9.000001
v 4.378879 -1.116992 -7.097592
v 4.148990 -1.113995 -7.097036
v 3.919101 -1.110997 -7.096481
v 3.689213 -1.108000 -7.095925
v 3.459324 -1.105002 -7.095369
v 3.229435 -1.102004 -7.094814
v 2.999547 -1.099007 -7.094258
v 4.609550 -1.119998 -6.503448
v 4.609550 -1.119998 -5.908749
v 4.609550 -1.119998 -5.314050
v 4.609550 -1.119998 -4.719350
v 4.609549 -1.119998 -4.124651
v 4.609550 -1.119998 -3.529952
v 4.609550 -1.119998 -2.935253
v 2.770440 -1.096017 -2.901960
v 2.770440 -1.096017 -3.500780
v 2.770440 -1.096017 -4.099601
v 2.770440 -1.096017 -4.698421
v 2.770440 -1.096017 -5.297242
v 2.770440 -1.096017 -5.896062
v 2.770440 -1.096017 -6.494883
v 4.379132 -1.081847 -7.376546
v 4.149243 -1.078850 -7.375991
v 3.919354 -1.075852 -7.375435
v 3.689466 -1.072854 -7.374881
v 3.459577 -1.069857 -7.374325
v 3.229688 -1.066859 -7.373768
v 2.999800 -1.063861 -7.373214
v 4.608768 -1.119990 -7.267988
v 4.608768 -1.119990 -7.243725
v 4.608768 -1.119990 -7.219462
v 4.608768 -1.119990 -7.195199
v 4.608767 -1.119990 -7.170936
v 4.608768 -1.119990 -7.146673
v 4.608768 -1.119990 -7.122410
v 2.769658 -1.096009 -7.117966
v 2.769658 -1.096009 -7.142229
v 2.769658 -1.096009 -7.166492
v 2.769658 -1.096009 -7.190755
v 2.769657 -1.096009 -7.215017
v 2.769658 -1.096009 -7.239281
v 2.769658 -1.096009 -7.263543
v 4.380153 -0.637504 -7.411695
v 4.150265 -0.634507 -7.411140
v 3.920376 -0.631510 -7.410584
v 3.690487 -0.628512 -7.410029
v 3.460598 -0.625513 -7.409473
v 3.230710 -0.622516 -7.408918
v 3.000821 -0.619520 -7.408362
v 4.610042 -0.685440 -7.412251
v 4.610042 -0.730377 -7.412251
v 4.610042 -0.775312 -7.412251
v 4.610042 -0.820250 -7.412251
v 4.610042 -0.865189 -7.412251
v 4.610042 -0.910126 -7.412251
v 4.610042 -0.955064 -7.412251
v 2.770932 -0.931082 -7.407806
v 2.770932 -0.886146 -7.407807
v 2.770932 -0.841208 -7.407806
v 2.770932 -0.796270 -7.407807
v 2.770932 -0.751332 -7.407806
v 2.770932 -0.706395 -7.407807
v 2.770932 -0.661459 -7.407806
v 4.803884 -1.084853 -6.503448
v 4.803884 -1.084853 -5.908749
v 4.803884 -1.084853 -5.314049
v 4.803884 -1.084853 -4.719350
v 4.803884 -1.084853 -4.124650
v 4.803885 -1.084852 -3.529952
v 4.803884 -1.084852 -2.935253
v 4.705444 -1.120000 -2.340554
v 4.691856 -1.120000 -2.340553
v 4.678269 -1.120000 -2.340553
v 4.664682 -1.120000 -2.340554
v 4.651094 -1.120000 -2.340554
v 4.637507 -1.120000 -2.340554
v 4.623919 -1.120000 -2.340554
v 4.623920 -1.120000 -7.098147
v 4.637507 -1.120000 -7.098147
v 4.651094 -1.120000 -7.098147
v 4.664682 -1.120000 -7.098147
v 4.678269 -1.120000 -7.098146
v 4.691856 -1.120000 -7.098147
v 4.705443 -1.120000 -7.098147
v 2.577670 -1.060873 -2.901960
v 2.577669 -1.060872 -3.500780
v 2.577669 -1.060872 -4.099601
v 2.577669 -1.060872 -4.698421
v 2.577670 -1.060873 -5.297241
v 2.577670 -1.060872 -5.896061
v 2.577670 -1.060872 -6.494883
v 2.655442 -1.089511 -7.126757
v 2.679183 -1.094094 -7.112356
v 2.697527 -1.095463 -7.103708
v 2.713645 -1.095870 -7.098742
v 2.728682 -1.095985 -7.095944
v 2.743223 -1.096014 -7.094485
v 2.757381 -1.096019 -7.093880
v 2.757635 -1.096019 -2.303139
v 2.744048 -1.096019 -2.303139
v 2.730460 -1.096020 -2.303139
v 2.716872 -1.096019 -2.303139
v 2.703284 -1.096019 -2.303139
v 2.689697 -1.096019 -2.303139
v 2.676110 -1.096019 -2.303139
v 4.623920 -1.084853 -7.377105
v 4.637507 -1.084852 -7.377105
v 4.651091 -1.084855 -7.377102
v 4.664681 -1.084852 -7.377106
v 4.678271 -1.084855 -7.377101
v 4.691858 -1.084852 -7.377106
v 4.705444 -1.084852 -7.377106
v 2.625484 -1.068948 -7.344387
v 2.669624 -1.071835 -7.357207
v 2.693787 -1.067474 -7.364915
v 2.711952 -1.064306 -7.368932
v 2.727862 -1.062420 -7.371041
v 2.742869 -1.061416 -7.372104
v 2.757275 -1.060998 -7.372532
v 2.770976 -1.096019 -7.263477
v 2.770763 -1.096019 -7.239228
v 2.770616 -1.096018 -7.214987
v 2.770561 -1.096018 -7.190755
v 2.770615 -1.096018 -7.166522
v 2.770765 -1.096019 -7.142282
v 2.770977 -1.096019 -7.118032
v 2.565080 -0.985756 -7.161976
v 2.563276 -0.971886 -7.170444
v 2.563270 -0.964775 -7.184223
v 2.563007 -0.961631 -7.199011
v 2.562301 -0.961520 -7.212978
v 2.561369 -0.964927 -7.224024
v 2.562578 -0.973825 -7.226309
v 4.803884 -1.084853 -7.267989
v 4.803884 -1.084853 -7.243724
v 4.803884 -1.084853 -7.219462
v 4.803884 -1.084853 -7.195199
v 4.803883 -1.084854 -7.170935
v 4.803885 -1.084853 -7.146674
v 4.803884 -1.084853 -7.122411
v 4.610333 -1.120000 -7.122410
v 4.610332 -1.120000 -7.146673
v 4.610332 -1.120000 -7.170936
v 4.610332 -1.120000 -7.195200
v 4.610332 -1.120000 -7.219461
v 4.610332 -1.120000 -7.243725
v 4.610332 -1.120000 -7.267988
v 4.623918 -0.640503 -7.412251
v 4.637508 -0.640502 -7.412251
v 4.651093 -0.640502 -7.412251
v 4.664683 -0.640503 -7.412252
v 4.678273 -0.640503 -7.412251
v 4.691855 -0.640501 -7.412251
v 4.705441 -0.640501 -7.412251
v 2.676110 -0.616521 -7.407806
v 2.689697 -0.616521 -7.407806
v 2.703285 -0.616521 -7.407806
v 2.716873 -0.616521 -7.407807
v 2.730461 -0.616521 -7.407806
v 2.744046 -0.616521 -7.407806
v 2.757634 -0.616521 -7.407806
v 2.771223 -0.661459 -7.407806
v 2.771227 -0.706396 -7.407806
v 2.771224 -0.751333 -7.407806
v 2.771222 -0.796269 -7.407807
v 2.771224 -0.841208 -7.407807
v 2.771225 -0.886146 -7.407806
v 2.771221 -0.931082 -7.407806
v 2.662520 -0.931082 -7.407807
v 2.662522 -0.886144 -7.407807
v 2.662522 -0.841208 -7.407806
v 2.662520 -0.796270 -7.407807
v 2.662519 -0.751332 -7.407806
v 2.662519 -0.706396 -7.407806
v 2.662522 -0.661459 -7.407806
v 4.719028 -0.685439 -7.412251
v 4.719029 -0.730376 -7.412251
v 4.719029 -0.775314 -7.412251
v 4.719030 -0.820250 -7.412252
v 4.719030 -0.865188 -7.412251
v 4.719025 -0.910126 -7.412252
v 4.719024 -0.955063 -7.412252
v 4.610332 -0.955062 -7.412251
v 4.610332 -0.910125 -7.412251
v 4.610335 -0.865189 -7.412251
v 4.610334 -0.820250 -7.412252
v 4.610332 -0.775314 -7.412251
v 4.610334 -0.730376 -7.412251
v 4.610332 -0.685439 -7.412251
v 4.839031 -0.640424 -6.503448
v 4.839031 -0.640424 -5.908749
v 4.839031 -0.640423 -5.314049
v 4.839031 -0.640423 -4.719350
v 4.839031 -0.640424 -4.124651
v 4.839031 -0.640424 -3.529952
v 4.839031 -0.640424 -2.935253
v 2.542522 -0.616443 -2.901960
v 2.542522 -0.616443 -3.500780
v 2.542522 -0.616443 -4.099601
v 2.542522 -0.616443 -4.698421
v 2.542522 -0.616443 -5.297241
v 2.542522 -0.616443 -5.896062
v 2.542522 -0.616443 -6.494882
v 2.542522 -0.616466 -7.132979
v 2.542522 -0.616486 -7.172238
v 2.542522 -0.616499 -7.211497
v 2.542522 -0.616503 -7.250754
v 2.542522 -0.616496 -7.290010
v 2.542522 -0.616481 -7.329270
v 2.542522 -0.616460 -7.368531
v 4.839031 -0.640424 -7.372988
v 4.839031 -0.640423 -7.333725
v 4.839031 -0.640423 -7.294462
v 4.839031 -0.640423 -7.255198
v 4.839031 -0.640423 -7.215935
v 4.839031 -0.640423 -7.176673
v 4.839031 -0.640423 -7.137410
v 4.839031 -0.685371 -2.340554
v 4.839031 -0.730318 -2.340553
v 4.839031 -0.775264 -2.340553
v 4.839031 -0.820212 -2.340554
v 4.839031 -0.865159 -2.340553
v 4.839031 -0.910106 -2.340554
v 4.839031 -0.955053 -2.340554
v 4.839031 -0.955053 -7.098146
v 4.839031 -0.910106 -7.098148
v 4.839031 -0.865159 -7.098147
v 4.839031 -0.820212 -7.098147
v 4.839031 -0.775265 -7.098147
v 4.839031 -0.730317 -7.098147
v 4.839031 -0.685370 -7.098147
v 2.542522 -0.661411 -7.392748
v 2.542523 -0.706384 -7.377518
v 2.542526 -0.751307 -7.361903
v 2.542543 -0.796105 -7.345595
v 2.542621 -0.840699 -7.327981
v 2.542972 -0.884904 -7.307499
v 2.545066 -0.928363 -7.278381
v 2.543262 -0.933976 -7.106680
v 2.542655 -0.887305 -7.099208
v 2.542552 -0.841779 -7.096295
v 2.542529 -0.796556 -7.094903
v 2.542523 -0.751458 -7.094201
v 2.542522 -0.706416 -7.093867
v 2.542522 -0.661414 -7.093738
v 2.542522 -0.931072 -2.303139
v 2.542522 -0.886125 -2.303139
v 2.542522 -0.841178 -2.303139
v 2.542522 -0.796231 -2.303139
v 2.542522 -0.751284 -2.303139
v 2.542522 -0.706337 -2.303139
v 2.542522 -0.661390 -2.303139
v 4.839031 -0.955053 -7.307251
v 4.839031 -0.910105 -7.322251
v 4.839031 -0.865159 -7.337252
v 4.839031 -0.820211 -7.352252
v 4.839031 -0.775264 -7.367249
v 4.839031 -0.730317 -7.382250
v 4.839031 -0.685371 -7.397251
v 0.823577 -0.062530 -1.086219
v 1.069956 -0.061681 -1.087111
v 1.316334 -0.060830 -1.088001
v 1.562712 -0.059978 -1.088892
v 1.809090 -0.059124 -1.089781
v 2.055469 -0.058268 -1.090670
v 2.301847 -0.057411 -1.091559
v 0.758137 -0.164514 -1.064691
v 1.003258 -0.163470 -1.065906
v 1.248378 -0.162423 -1.067121
v 1.493499 -0.161374 -1.068336
v 1.738619 -0.160323 -1.069550
v 1.983740 -0.159270 -1.070763
v 2.228861 -0.158214 -1.071977
v 0.694136 -0.264265 -1.034008
v 0.937860 -0.263027 -1.035573
v 1.181585 -0.261786 -1.037139
v 1.425309 -0.260542 -1.038705
v 1.669034 -0.259297 -1.040270
v 1.912758 -0.258048 -1.041836
v 2.156482 -0.256798 -1.043401
v 0.631734 -0.361029 -0.994547
v 0.873975 -0.359601 -0.996474
v 1.116216 -0.358171 -0.998402
v 1.358456 -0.356739 -1.000330
v 1.600697 -0.355304 -1.002259
v 1.842937 -0.353867 -1.004187
v 2.085177 -0.352427 -1.006116
v 0.571093 -0.454043 -0.946645
v 0.811813 -0.452434 -0.948931
v 1.052532 -0.450823 -0.951217
v 1.293251 -0.449209 -0.953505
v 1.533970 -0.447593 -0.955792
v 1.774689 -0.445975 -0.958081
v 2.015409 -0.444355 -0.960369
v 0.512371 -0.542525 -0.890601
v 0.751582 -0.540744 -0.893230
v 0.990793 -0.538961 -0.895859
v 1.230004 -0.537176 -0.898490
v 1.469216 -0.535390 -0.901120
v 1.708427 -0.533601 -0.903752
v 1.947638 -0.531811 -0.906384
v 0.455724 -0.625657 -0.826688
v 0.693491 -0.623715 -0.829633
v 0.931258 -0.621772 -0.832578
v 1.169025 -0.619827 -0.835523
v 1.406791 -0.617882 -0.838470
v 1.644559 -0.615936 -0.841417
v 1.882325 -0.613988 -0.844364
v 0.349338 -0.772628 -0.675896
v 0.584614 -0.770423 -0.679325
v 0.819891 -0.768217 -0.682755
v 1.055167 -0.766011 -0.686184
v 1.290444 -0.763805 -0.689614
v 1.525720 -0.761598 -0.693044
v 1.760996 -0.759392 -0.696474
v 0.300240 -0.835424 -0.588136
v 0.534599 -0.833122 -0.591655
v 0.768958 -0.830820 -0.595175
v 1.003317 -0.828518 -0.598694
v 1.237676 -0.826216 -0.602213
v 1.472034 -0.823914 -0.605731
v 1.706393 -0.821612 -0.609250
v 0.254483 -0.890776 -0.491175
v 0.488245 -0.888389 -0.494627
v 0.722007 -0.886002 -0.498080
v 0.955769 -0.883614 -0.501533
v 1.189531 -0.881226 -0.504985
v 1.423293 -0.878838 -0.508438
v 1.657056 -0.876450 -0.511891
v 0.212525 -0.938742 -0.384388
v 0.446088 -0.936283 -0.387579
v 0.679652 -0.933822 -0.390771
v 0.913216 -0.931361 -0.393964
v 1.146780 -0.928899 -0.397158
v 1.380344 -0.926437 -0.400352
v 1.613907 -0.923973 -0.403548
v 0.174821 -0.979657 -0.266982
v 0.408663 -0.977149 -0.269667
v 0.642506 -0.974640 -0.272354
v 0.876348 -0.972131 -0.275042
v 1.110190 -0.969620 -0.277733
v 1.344032 -0.967109 -0.280425
v 1.577874 -0.964597 -0.283119
v 0.141834 -1.014009 -0.137918
v 0.376509 -1.011492 -0.139789
v 0.611185 -1.008975 -0.141662
v 0.845861 -1.006457 -0.143537
v 1.080536 -1.003938 -0.145415
v 1.315212 -1.001419 -0.147295
v 1.549888 -0.998899 -0.149177
v 0.114031 -1.042321 0.004063
v 0.350174 -1.039847 0.003385
v 0.586317 -1.037372 0.002705
v 0.822461 -1.034897 0.002023
v 1.058604 -1.032422 0.001338
v 1.294747 -1.029946 0.000652
v 1.530890 -1.027470 -0.000036
v 1.452163 1.100625 -0.230579
v 1.702163 1.100625 -0.230579
v 1.952163 1.100625 -0.230579
v 2.202163 1.100625 -0.230579
v 2.452163 1.100625 -0.230579
v 2.702163 1.100625 -0.230579
v 2.952163 1.100625 -0.230579
v 1.450855 1.085377 -0.329815
v 1.700855 1.085377 -0.329815
v 1.950855 1.085377 -0.329815
v 2.200855 1.085377 -0.329815
v 2.450856 1.085377 -0.329815
v 2.700855 1.085377 -0.329815
v 2.950855 1.085377 -0.329815
v 1.447307 1.060343 -0.426891
v 1.697307 1.060343 -0.426891
v 1.947306 1.060343 -0.426891
v 2.197307 1.060343 -0.426891
v 2.447307 1.060343 -0.426891
v 2.697307 1.060343 -0.426891
v 2.947306 1.060343 -0.426891
v 1.440396 1.025784 -0.520917
v 1.690396 1.025784 -0.520917
v 1.940396 1.025784 -0.520917
v 2.190396 1.025784 -0.520917
v 2.440396 1.025784 -0.520917
v 2.690396 1.025784 -0.520917
v 2.940396 1.025784 -0.520917
v 1.429002 0.981916 -0.610983
v 1.679003 0.981916 -0.610983
v 1.929003 0.981916 -0.610983
v 2.179003 0.981916 -0.610983
v 2.429002 0.981916 -0.610983
v 2.679003 0.981916 -0.610983
v 2.929002 0.981916 -0.610983
v 1.412006 0.928922 -0.696139
v 1.662006 0.928922 -0.696139
v 1.912006 0.928922 -0.696139
v 2.162006 0.928922 -0.696139
v 2.412006 0.928922 -0.696139
v 2.662006 0.928922 -0.696139
v 2.912006 0.928922 -0.696139
v 1.388285 0.866969 -0.775381
v 1.638285 0.866969 -0.775381
v 1.888285 0.866969 -0.775381
v 2.138285 0.866969 -0.775381
v 2.388285 0.866969 -0.775381
v 2.638285 0.866969 -0.775381
v 2.888285 0.866969 -0.775381
v 1.316584 0.717742 -0.911347
v 1.566579 0.717748 -0.911344
v 1.816574 0.717755 -0.911341
v 2.066569 0.717762 -0.911337
v 2.316564 0.717769 -0.911334
v 2.566559 0.717775 -0.911331
v 2.816554 0.717782 -0.911328
v 1.268741 0.632613 -0.966093
v 1.518701 0.632640 -0.966091
v 1.768661 0.632666 -0.966088
v 2.018621 0.632693 -0.966085
v 2.268582 0.632720 -0.966083
v 2.518542 0.632747 -0.966080
v 2.768502 0.632774 -0.966077
v 1.214447 0.542066 -1.011649
v 1.464313 0.542133 -1.011659
v 1.714178 0.542199 -1.011670
v 1.964043 0.542266 -1.011681
v 2.213909 0.542333 -1.011691
v 2.463774 0.542400 -1.011702
v 2.713640 0.542466 -1.011712
v 1.154962 0.447083 -1.047943
v 1.404643 0.447213 -1.047990
v 1.654324 0.447343 -1.048037
v 1.904005 0.447473 -1.048084
v 2.153686 0.447603 -1.048131
v 2.403367 0.447733 -1.048178
v 2.653047 0.447863 -1.048225
v 1.091543 0.348588 -1.074886
v 1.340920 0.348807 -1.075002
v 1.590296 0.349027 -1.075119
v 1.839673 0.349246 -1.075235
v 2.089050 0.349466 -1.075351
v 2.338427 0.349686 -1.075467
v 2.587804 0.349905 -1.075583
v 1.025451 0.247467 -1.092353
v 1.274374 0.247804 -1.092582
v 1.523297 0.248141 -1.092809
v 1.772220 0.248478 -1.093037
v 2.021143 0.248816 -1.093264
v 2.270066 0.249153 -1.093492
v 2.518990 0.249491 -1.093718
v 0.957947 0.144585 -1.100181
v 1.206237 0.145069 -1.100572
v 1.454527 0.145553 -1.100962
v 1.702817 0.146037 -1.101352
v 1.951107 0.146523 -1.101741
v 2.199397 0.147008 -1.102130
v 2.447686 0.147494 -1.102518
v 3.581122 -0.062530 0.825949
v 3.334744 -0.061681 0.826840
v 3.088366 -0.060830 0.827731
v 2.841987 -0.059978 0.828621
v 2.595609 -0.059124 0.829511
v 2.349231 -0.058268 0.830400
v 2.102852 -0.057411 0.831289
v 3.646562 -0.164514 0.804420
v 3.401442 -0.163470 0.805636
v 3.156322 -0.162423 0.806851
v 2.911201 -0.161374 0.808065
v 2.666080 -0.160323 0.809279
v 2.420960 -0.159270 0.810493
v 2.175839 -0.158214 0.811706
v 3.710564 -0.264265 0.773737
v 3.466839 -0.263027 0.775303
v 3.223114 -0.261786 0.776869
v 2.979390 -0.260542 0.778434
v 2.735666 -0.259297 0.780000
v 2.491941 -0.258048 0.781566
v 2.248217 -0.256798 0.783131
v 3.772965 -0.361029 0.734277
v 3.530724 -0.359601 0.736204
v 3.288484 -0.358171 0.738132
v 3.046243 -0.356739 0.740060
v 2.804003 -0.355304 0.741988
v 2.561762 -0.353867 0.743917
v 2.319522 -0.352427 0.745845
v 3.833606 -0.454043 0.686374
v 3.592887 -0.452434 0.688660
v 3.352168 -0.450823 0.690947
v 3.111448 -0.449209 0.693234
v 2.870729 -0.447593 0.695522
v 2.630010 -0.445975 0.697810
v 2.389290 -0.444355 0.700099
v 3.892329 -0.542525 0.630331
v 3.653117 -0.540744 0.632959
v 3.413906 -0.538961 0.635589
v 3.174695 -0.537176 0.638219
v 2.935484 -0.535390 0.640850
v 2.696273 -0.533601 0.643481
v 2.457062 -0.531811 0.646114
v 3.948976 -0.625657 0.566418
v 3.711209 -0.623715 0.569362
v 3.473441 -0.621772 0.572307
v 3.235675 -0.619827 0.575253
v 2.997908 -0.617882 0.578199
v 2.760141 -0.615936 0.581146
v 2.522374 -0.613988 0.584094
v 4.055378 -0.772790 0.415333
v 3.820118 -0.770566 0.418795
v 3.584857 -0.768342 0.422256
v 3.349595 -0.766118 0.425718
v 3.114335 -0.763894 0.429180
v 2.879074 -0.761669 0.432642
v 2.643813 -0.759445 0.436104
v 4.104591 -0.835802 0.326556
v 3.870353 -0.833453 0.330221
v 3.636114 -0.831104 0.333886
v 3.401876 -0.828755 0.337551
v 3.167638 -0.826406 0.341216
v 2.933400 -0.824057 0.344881
v 2.699162 -0.821708 0.348546
v 4.150653 -0.891303 0.227428
v 3.917297 -0.888835 0.231272
v 3.683939 -0.886368 0.235116
v 3.450582 -0.883900 0.238959
v 3.217224 -0.881433 0.242803
v 2.983867 -0.878965 0.246646
v 2.750510 -0.876498 0.250490
v 4.193195 -0.939273 0.116967
v 3.960588 -0.936696 0.120972
v 3.727981 -0.934119 0.124976
v 3.495374 -0.931542 0.128979
v 3.262767 -0.928965 0.132983
v 3.030160 -0.926388 0.136987
v 2.797553 -0.923811 0.140990
v 4.231835 -0.980061 -0.006043
v 3.999860 -0.977387 -0.001896
v 3.767884 -0.974713 0.002250
v 3.535908 -0.972040 0.006397
v 3.303932 -0.969366 0.010544
v 3.071956 -0.966692 0.014690
v 2.839979 -0.964018 0.018837
v 4.266189 -1.014205 -0.143155
v 4.034736 -1.011449 -0.138883
v 3.803282 -1.008694 -0.134612
v 3.571829 -1.005938 -0.130340
v 3.340376 -1.003183 -0.126069
v 3.108922 -1.000427 -0.121797
v 2.877468 -0.997671 -0.117526
v 4.295860 -1.042268 -0.296190
v 4.064832 -1.039445 -0.291812
v 3.833803 -1.036623 -0.287435
v 3.602776 -1.033800 -0.283058
v 3.371747 -1.030978 -0.278681
v 3.140720 -1.028155 -0.274304
v 2.909692 -1.025333 -0.269927
v 2.952536 1.100625 -0.029692
v 2.702537 1.100625 -0.029692
v 2.452536 1.100625 -0.029692
v 2.202536 1.100625 -0.029692
v 1.952536 1.100625 -0.029692
v 1.702536 1.100625 -0.029692
v 1.452536 1.100625 -0.029692
v 2.953844 1.085377 0.069544
v 2.703844 1.085377 0.069544
v 2.453844 1.085377 0.069544
v 2.203844 1.085377 0.069544
v 1.953844 1.085377 0.069544
v 1.703844 1.085377 0.069544
v 1.453844 1.085377 0.069544
v 2.957393 1.060343 0.166620
v 2.707393 1.060343 0.166620
v 2.457393 1.060343 0.166620
v 2.207392 1.060343 0.166620
v 1.957392 1.060343 0.166620
v 1.707393 1.060343 0.166620
v 1.457393 1.060343 0.166620
v 2.964303 1.025784 0.260646
v 2.714303 1.025784 0.260646
v 2.464303 1.025784 0.260646
v 2.214303 1.025784 0.260646
v 1.964303 1.025784 0.260646
v 1.714303 1.025784 0.260646
v 1.464303 1.025784 0.260646
v 2.975697 0.981916 0.350712
v 2.725697 0.981916 0.350712
v 2.475697 0.981916 0.350712
v 2.225697 0.981916 0.350712
v 1.975697 0.981916 0.350712
v 1.725697 0.981916 0.350712
v 1.475697 0.981916 0.350712
v 2.992694 0.928922 0.435869
v 2.742694 0.928922 0.435869
v 2.492693 0.928922 0.435869
v 2.242694 0.928922 0.435869
v 1.992694 0.928922 0.435869
v 1.742694 0.928922 0.435869
v 1.492694 0.928922 0.435869
v 3.016414 0.866969 0.515111
v 2.766414 0.866969 0.515111
v 2.516414 0.866969 0.515111
v 2.266415 0.866969 0.515111
v 2.016414 0.866969 0.515111
v 1.766414 0.866969 0.515111
v 1.516414 0.866969 0.515111
v 3.088115 0.717742 0.651076
v 2.838120 0.717748 0.651073
v 2.588125 0.717755 0.651070
v 2.338130 0.717762 0.651067
v 2.088135 0.717769 0.651064
v 1.838140 0.717775 0.651060
v 1.588145 0.717782 0.651057
v 3.135959 0.632613 0.705823
v 2.885998 0.632640 0.705820
v 2.636038 0.632667 0.705818
v 2.386078 0.632693 0.705815
v 2.136118 0.632720 0.705812
v 1.886158 0.632747 0.705810
v 1.636198 0.632774 0.705807
v 3.190252 0.542066 0.751378
v 2.940387 0.542133 0.751389
v 2.690521 0.542200 0.751400
v 2.440656 0.542266 0.751410
v 2.190790 0.542333 0.751421
v 1.940925 0.542400 0.751431
v 1.691059 0.542466 0.751442
v 3.249738 0.447083 0.787672
v 3.000057 0.447213 0.787719
v 2.750376 0.447343 0.787767
v 2.500695 0.447473 0.787814
v 2.251014 0.447603 0.787861
v 2.001333 0.447733 0.787908
v 1.751652 0.447863 0.787954
v 3.313156 0.348588 0.814615
v 3.063779 0.348807 0.814732
v 2.814403 0.349027 0.814848
v 2.565026 0.349246 0.814964
v 2.315649 0.349466 0.815081
v 2.066272 0.349686 0.815197
v 1.816896 0.349905 0.815312
v 3.379248 0.247467 0.832083
v 3.130326 0.247804 0.832311
v 2.881402 0.248141 0.832539
v 2.632479 0.248478 0.832767
v 2.383556 0.248816 0.832994
v 2.134633 0.249153 0.833221
v 1.885710 0.249492 0.833448
v 3.446752 0.144586 0.839910
v 3.198462 0.145069 0.840301
v 2.950172 0.145553 0.840691
v 2.701882 0.146038 0.841081
v 2.453593 0.146523 0.841471
v 2.205303 0.147008 0.841859
v 1.957013 0.147494 0.842248
v 4.339744 -1.082132 -0.657019
v 4.109319 -1.079215 -0.652487
v 3.878894 -1.076299 -0.647955
v 3.648469 -1.073383 -0.643423
v 3.418045 -1.070467 -0.638891
v 3.187620 -1.067550 -0.634359
v 2.957195 -1.064634 -0.629827
v 4.354244 -1.095099 -0.864275
v 4.124016 -1.092152 -0.859691
v 3.893791 -1.089206 -0.855107
v 3.663564 -1.086259 -0.850523
v 3.433338 -1.083313 -0.845939
v 3.203112 -1.080366 -0.841355
v 2.972886 -1.077419 -0.836771
v 4.364632 -1.104347 -1.086526
v 4.134548 -1.101379 -1.081905
v 3.904464 -1.098411 -1.077283
v 3.674380 -1.095442 -1.072661
v 3.444296 -1.092474 -1.068040
v 3.214211 -1.089506 -1.063418
v 2.984127 -1.086538 -1.058796
v 4.371593 -1.110527 -1.321356
v 4.141604 -1.107545 -1.316708
v 3.911615 -1.104562 -1.312061
v 3.681627 -1.101580 -1.307413
v 3.451638 -1.098597 -1.302766
v 3.221649 -1.095614 -1.298118
v 2.991660 -1.092632 -1.293471
v 4.375812 -1.114268 -1.566265
v 4.145881 -1.111277 -1.561601
v 3.915950 -1.108285 -1.556938
v 3.686019 -1.105294 -1.552274
v 3.456088 -1.102303 -1.547610
v 3.226157 -1.099312 -1.542947
v 2.996226 -1.096320 -1.538283
v 4.377974 -1.116186 -1.818705
v 4.148073 -1.113190 -1.814032
v 3.918172 -1.110194 -1.809360
v 3.688271 -1.107199 -1.804688
v 3.458369 -1.104203 -1.800016
v 3.228468 -1.101207 -1.795343
v 2.998567 -1.098212 -1.790671
v 4.378767 -1.116892 -2.076095
v 4.148878 -1.113894 -2.071419
v 3.918988 -1.110897 -2.066743
v 3.689097 -1.107900 -2.062068
v 3.459207 -1.104902 -2.057391
v 3.229317 -1.101905 -2.052716
v 2.999427 -1.098907 -2.048039
v 0.075681 -1.082740 0.331625
v 0.316948 -1.080531 0.334734
v 0.558215 -1.078321 0.337845
v 0.799482 -1.076112 0.340955
v 1.040749 -1.073902 0.344066
v 1.282016 -1.071693 0.347177
v 1.523283 -1.069484 0.350289
v 0.064852 -1.096007 0.516562
v 0.309755 -1.094015 0.522283
v 0.554658 -1.092024 0.528006
v 0.799560 -1.090033 0.533732
v 1.044463 -1.088042 0.539459
v 1.289366 -1.086051 0.545188
v 1.534269 -1.084060 0.550918
v 0.058637 -1.105570 0.713303
v 0.307770 -1.103843 0.722040
v 0.556903 -1.102116 0.730781
v 0.806035 -1.100389 0.739524
v 1.055168 -1.098662 0.748271
v 1.304301 -1.096935 0.757021
v 1.553433 -1.095208 0.765774
v 0.056274 -1.112082 0.919950
v 0.310132 -1.110657 0.932041
v 0.563990 -1.109231 0.944137
v 0.817847 -1.107806 0.956237
v 1.071705 -1.106381 0.968341
v 1.325562 -1.104955 0.980449
v 1.579419 -1.103530 0.992560
v 0.057001 -1.116171 1.134527
v 0.315980 -1.115076 1.150244
v 0.574958 -1.113982 1.165967
v 0.833936 -1.112888 1.181694
v 1.092914 -1.111793 1.197427
v 1.351891 -1.110699 1.213164
v 1.610868 -1.109604 1.228905
v 0.060056 -1.118449 1.355012
v 0.324452 -1.117708 1.374561
v 0.588847 -1.116966 1.394116
v 0.853242 -1.116225 1.413676
v 1.117637 -1.115483 1.433241
v 1.382031 -1.114740 1.452811
v 1.646425 -1.113998 1.472386
v 0.064676 -1.119525 1.579351
v 0.334686 -1.119150 1.602871
v 0.604696 -1.118776 1.626396
v 0.874706 -1.118401 1.649927
v 1.144715 -1.118026 1.673463
v 1.414724 -1.117651 1.697004
v 1.684732 -1.117275 1.720550
v -0.431384 -1.120000 2.720592
v -0.431384 -1.120000 3.663222
v -0.431384 -1.120000 4.605851
v -0.431384 -1.120000 5.548481
v -0.431384 -1.120000 6.491111
v -0.431384 -1.120000 7.433741
v -0.431384 -1.120000 8.376371
v -0.657135 -1.120000 2.720592
v -0.657135 -1.120000 3.663222
v -0.657135 -1.120000 4.605852
v -0.657135 -1.120000 5.548482
v -0.657135 -1.120000 6.491112
v -0.657135 -1.120000 7.433741
v -0.657135 -1.120000 8.376371
v -0.882886 -1.120000 2.720592
v -0.882886 -1.120000 3.663222
v -0.882886 -1.120000 4.605851
v -0.882886 -1.120000 5.548481
v -0.882886 -1.120000 6.491111
v -0.882886 -1.120000 7.433742
v -0.882886 -1.120000 8.376371
v -1.108638 -1.120000 2.720592
v -1.108638 -1.120000 3.663222
v -1.108637 -1.120000 4.605852
v -1.108638 -1.120000 5.548481
v -1.108638 -1.120000 6.491111
v -1.108638 -1.120000 7.433742
v -1.108638 -1.120000 8.376371
v -1.334389 -1.120000 2.720592
v -1.334389 -1.120000 3.663222
v -1.334389 -1.120000 4.605851
v -1.334389 -1.120000 5.548481
v -1.334389 -1.120000 6.491111
v -1.334389 -1.120000 7.433741
v -1.334389 -1.120000 8.376371
v -1.560140 -1.120000 2.720592
v -1.560140 -1.120000 3.663221
v -1.560140 -1.120000 4.605852
v -1.560140 -1.120000 5.548481
v -1.560140 -1.120000 6.491112
v -1.560140 -1.120000 7.433741
v -1.560140 -1.120000 8.376371
v -1.785891 -1.120000 2.720592
v -1.785891 -1.120000 3.663222
v -1.785891 -1.120000 4.605851
v -1.785891 -1.120000 5.548481
v -1.785891 -1.120000 6.491112
v -1.785891 -1.120000 7.433742
v -1.785891 -1.120000 8.376371
v 2.250000 -1.120000 8.125001
v 2.250000 -1.120000 7.250001
v 2.250000 -1.120000 6.375000
v 2.250000 -1.120000 5.500000
v 2.250000 -1.120000 4.625000
v 2.250000 -1.120000 3.750000
v 2.250000 -1.120000 2.875000
v 2.500000 -1.120000 8.125001
v 2.500000 -1.120000 7.250001
v 2.500000 -1.120000 6.375001
v 2.500000 -1.120000 5.500000
v 2.500000 -1.120000 4.625000
v 2.500000 -1.120000 3.750000
v 2.500000 -1.120000 2.875000
v 2.750000 -1.120000 8.125001
v 2.750000 -1.120000 7.250001
v 2.750000 -1.120000 6.375000
v 2.750000 -1.120000 5.500000
v 2.750000 -1.120000 4.625000
v 2.750000 -1.120000 3.750000
v 2.750000 -1.120000 2.875000
v 3.000000 -1.120000 8.125001
v 3.000000 -1.120000 7.250001
v 3.000000 -1.120000 6.375001
v 3.000000 -1.120000 5.500000
v 3.000000 -1.120000 4.625000
v 3.000000 -1.120000 3.750000
v 3.000000 -1.120000 2.875000
v 3.250000 -1.120000 8.125001
v 3.250000 -1.120000 7.250001
v 3.250000 -1.120000 6.375000
v 3.250000 -1.120000 5.500000
v 3.250000 -1.120000 4.625000
v 3.250000 -1.120000 3.750000
v 3.250000 -1.120000 2.875000
v 3.500000 -1.120000 8.125001
v 3.500000 -1.120000 7.250001
v 3.500000 -1.120000 6.375001
v 3.500000 -1.120000 5.500000
v 3.500000 -1.120000 4.625000
v 3.500000 -1.120000 3.750000
v 3.500000 -1.120000 2.875000
v 3.750000 -1.120000 8.125001
v 3.750000 -1.120000 7.250000
v 3.750000 -1.120000 6.375000
v 3.750000 -1.120000 5.500001
v 3.750000 -1.120000 4.625000
v 3.750000 -1.120000 3.750000
v 3.750000 -1.120000 2.875000
v 3.750000 -1.120000 1.975885
v 3.500000 -1.120000 1.975885
v 3.250000 -1.120000 1.975885
v 3.000000 -1.120000 1.975885
v 2.750000 -1.120000 1.975885
v 2.500000 -1.120000 1.975885
v 2.250000 -1.120000 1.975885
v 3.750000 -1.120000 1.951770
v 3.500000 -1.120000 1.951770
v 3.250000 -1.120000 1.951770
v 3.000000 -1.120000 1.951770
v 2.750000 -1.120000 1.951770
v 2.500000 -1.120000 1.951770
v 2.250000 -1.120000 1.951770
v 3.750000 -1.120000 1.927654
v 3.500000 -1.120000 1.927655
v 3.250000 -1.120000 1.927654
v 3.000000 -1.120000 1.927655
v 2.750000 -1.120000 1.927654
v 2.500000 -1.120000 1.927655
v 2.250000 -1.120000 1.927654
v 3.750000 -1.120000 1.903539
v 3.500000 -1.120000 1.903539
v 3.250000 -1.120000 1.903539
v 3.000000 -1.120000 1.903539
v 2.750000 -1.120000 1.903539
v 2.500000 -1.120000 1.903539
v 2.250000 -1.120000 1.903539
v 3.750000 -1.120000 1.879424
v 3.500000 -1.120000 1.879424
v 3.250000 -1.120000 1.879424
v 3.000000 -1.120000 1.879424
v 2.750000 -1.120000 1.879424
v 2.500000 -1.120000 1.879424
v 2.250000 -1.120000 1.879424
v 3.750000 -1.120000 1.855309
v 3.500000 -1.120000 1.855309
v 3.250000 -1.120000 1.855309
v 3.000000 -1.120000 1.855309
v 2.750000 -1.120000 1.855308
v 2.500000 -1.120000 1.855308
v 2.250000 -1.120000 1.855308
v 3.750000 -1.120000 1.831194
v 3.500000 -1.120000 1.831194
v 3.250000 -1.120000 1.831194
v 3.000000 -1.120000 1.831194
v 2.750000 -1.120000 1.831194
v 2.500000 -1.120000 1.831194
v 2.250000 -1.120000 1.831194
v 2.250000 -1.120000 9.042255
v 2.500000 -1.120000 9.042255
v 2.750000 -1.120000 9.042255
v 3.000000 -1.120000 9.042255
v 3.250000 -1.120000 9.042255
v 3.500000 -1.120000 9.042255
v 3.750000 -1.120000 9.042255
v 2.250000 -1.120000 9.084509
v 2.500000 -1.120000 9.084509
v 2.750000 -1.120000 9.084509
v 3.000000 -1.120000 9.084509
v 3.250000 -1.120000 9.084509
v 3.500000 -1.120000 9.084509
v 3.750001 -1.120000 9.084509
v 2.250000 -1.120000 9.126762
v 2.500000 -1.120000 9.126763
v 2.750000 -1.120000 9.126761
v 3.000000 -1.120000 9.126763
v 3.250000 -1.120000 9.126761
v 3.500000 -1.120000 9.126763
v 3.750000 -1.120000 9.126762
v 2.250000 -1.120000 9.169017
v 2.500000 -1.120000 9.169017
v 2.750000 -1.120000 9.169017
v 3.000000 -1.120000 9.169017
v 3.250000 -1.120000 9.169017
v 3.500000 -1.120000 9.169017
v 3.750001 -1.120000 9.169016
v 2.250000 -1.120000 9.211270
v 2.500000 -1.120000 9.211271
v 2.750000 -1.120000 9.211270
v 3.000000 -1.120000 9.211271
v 3.250000 -1.120000 9.211270
v 3.500000 -1.120000 9.211271
v 3.750000 -1.120000 9.211270
v 2.250000 -1.120000 9.253525
v 2.500000 -1.120000 9.253525
v 2.750000 -1.120000 9.253525
v 3.000000 -1.120000 9.253525
v 3.250000 -1.120000 9.253525
v 3.500000 -1.120000 9.253525
v 3.750000 -1.120000 9.253525
v 2.250000 -1.119298 9.308736
v 2.500000 -1.119298 9.308736
v 2.750000 -1.119298 9.308736
v 3.000000 -1.119299 9.308735
v 3.250000 -1.119299 9.308735
v 3.500000 -1.119299 9.308735
v 3.749494 -1.119626 9.305234
v 1.498187 -1.120000 9.042255
v 1.498187 -1.120000 9.084509
v 1.498187 -1.120000 9.126763
v 1.498187 -1.120000 9.169017
v 1.498187 -1.120000 9.211270
v 1.498187 -1.120000 9.253524
v 1.498187 -1.119299 9.308735
v 0.996374 -1.120000 9.042254
v 0.996374 -1.120000 9.084509
v 0.996374 -1.120000 9.126763
v 0.996374 -1.120000 9.169016
v 0.996374 -1.120000 9.211270
v 0.996374 -1.120000 9.253524
v 0.996374 -1.119299 9.308735
v 0.494561 -1.120000 9.042254
v 0.494561 -1.120000 9.084509
v 0.494561 -1.120000 9.126763
v 0.494561 -1.120000 9.169017
v 0.494561 -1.120000 9.211270
v 0.494561 -1.120000 9.253524
v 0.494561 -1.119299 9.308735
v -0.007252 -1.120000 9.042254
v -0.007252 -1.120000 9.084509
v -0.007252 -1.120000 9.126763
v -0.007252 -1.120000 9.169016
v -0.007252 -1.120000 9.211270
v -0.007252 -1.120000 9.253524
v -0.007252 -1.119299 9.308735
v -0.509065 -1.120000 9.042254
v -0.509065 -1.120000 9.084509
v -0.509065 -1.120000 9.126763
v -0.509065 -1.120000 9.169017
v -0.509065 -1.120000 9.211270
v -0.509065 -1.120000 9.253524
v -0.509065 -1.119299 9.308735
v -1.010878 -1.120000 9.042255
v -1.010878 -1.120000 9.084509
v -1.010878 -1.120000 9.126763
v -1.010878 -1.120000 9.169016
v -1.010878 -1.120000 9.211270
v -1.010878 -1.120000 9.253524
v -1.010878 -1.119299 9.308735
v -1.512691 -1.120000 9.042255
v -1.512691 -1.120000 9.084509
v -1.512691 -1.120000 9.126763
v -1.512691 -1.120000 9.169016
v -1.512691 -1.120000 9.211271
v -1.512691 -1.120000 9.253524
v -1.512439 -1.119626 9.305239
v -1.512623 -0.961425 9.457775
v -1.012176 -0.964350 9.457547
v -0.513445 -0.964350 9.457547
v -0.017635 -0.964350 9.457547
v 0.473674 -0.964350 9.457546
v 0.956468 -0.964350 9.457546
v 1.422411 -0.964349 9.457547
v -1.513005 -0.907127 9.458033
v -1.013392 -0.907128 9.458033
v -0.517549 -0.907129 9.458033
v -0.027362 -0.907130 9.458033
v 0.454355 -0.907129 9.458033
v 0.921071 -0.907129 9.458033
v 1.363578 -0.907129 9.458033
v -1.513137 -0.860691 9.458033
v -1.014444 -0.860691 9.458034
v -0.521099 -0.860691 9.458032
v -0.035778 -0.860691 9.458034
v 0.438061 -0.860691 9.458032
v 0.893816 -0.860692 9.458034
v 1.323879 -0.860692 9.458032
v -1.513237 -0.814256 9.458033
v -1.015250 -0.814254 9.458033
v -0.523820 -0.814256 9.458033
v -0.042226 -0.814256 9.458033
v 0.425815 -0.814255 9.458033
v 0.874839 -0.814257 9.458033
v 1.298945 -0.814257 9.458033
v -1.513301 -0.767820 9.458033
v -1.015755 -0.767820 9.458032
v -0.525526 -0.767819 9.458033
v -0.046270 -0.767820 9.458034
v 0.418170 -0.767821 9.458032
v 0.863213 -0.767820 9.458034
v 1.284096 -0.767819 9.458032
v -1.513333 -0.721384 9.458033
v -1.016015 -0.721384 9.458033
v -0.526402 -0.721382 9.458032
v -0.048347 -0.721382 9.458033
v 0.414244 -0.721384 9.458034
v 0.857243 -0.721383 9.458033
v 1.276471 -0.721383 9.458032
v -1.513345 -0.674946 9.458033
v -1.016110 -0.674947 9.458033
v -0.526724 -0.674948 9.458033
v -0.049112 -0.674946 9.458032
v 0.412797 -0.674944 9.458033
v 0.855043 -0.674946 9.458033
v 1.273662 -0.674948 9.458033
v 2.174224 -0.964349 9.457547
v 2.460094 -0.964350 9.457547
v 2.729113 -0.964350 9.457547
v 2.989617 -0.964349 9.457547
v 3.245620 -0.964350 9.457546
v 3.498703 -0.964350 9.457547
v 3.749379 -0.961438 9.457773
v 2.115391 -0.907128 9.458032
v 2.424696 -0.907126 9.458032
v 2.709793 -0.907128 9.458032
v 2.979890 -0.907129 9.458033
v 3.241516 -0.907129 9.458033
v 3.497487 -0.907129 9.458033
v 3.749686 -0.907128 9.458032
v 2.075692 -0.860693 9.458032
v 2.397441 -0.860694 9.458033
v 2.693500 -0.860692 9.458032
v 2.971474 -0.860693 9.458034
v 3.237966 -0.860691 9.458032
v 3.496434 -0.860691 9.458034
v 3.749554 -0.860693 9.458033
v 2.050757 -0.814257 9.458033
v 2.378465 -0.814257 9.458033
v 2.681254 -0.814256 9.458033
v 2.965026 -0.814255 9.458033
v 3.235246 -0.814256 9.458033
v 3.495629 -0.814255 9.458032
v 3.749454 -0.814255 9.458034
v 2.035909 -0.767820 9.458032
v 2.366839 -0.767820 9.458034
v 2.673609 -0.767820 9.458032
v 2.960982 -0.767819 9.458033
v 3.233540 -0.767819 9.458033
v 3.495123 -0.767820 9.458033
v 3.749390 -0.767819 9.458032
v 2.028284 -0.721383 9.458033
v 2.360869 -0.721382 9.458033
v 2.669683 -0.721384 9.458034
v 2.958906 -0.721385 9.458032
v 3.232664 -0.721384 9.458033
v 3.494864 -0.721384 9.458032
v 3.749358 -0.721384 9.458033
v 2.025475 -0.674948 9.458033
v 2.358670 -0.674947 9.458032
v 2.668236 -0.674946 9.458033
v 2.958141 -0.674948 9.458034
v 3.232341 -0.674949 9.458032
v 3.494768 -0.674948 9.458033
v 3.749346 -0.674948 9.458033
v 4.120000 -0.674948 8.396664
v 4.120000 -0.721384 8.396665
v 4.120000 -0.767820 8.396663
v 4.120000 -0.814255 8.396664
v 4.120000 -0.860692 8.396663
v 4.120000 -0.907128 8.396663
v 4.120000 -0.953564 8.396663
v 4.120000 -0.674948 7.455295
v 4.120000 -0.721384 7.455294
v 4.120000 -0.767820 7.455294
v 4.120000 -0.814255 7.455294
v 4.120000 -0.860692 7.455294
v 4.120000 -0.907128 7.455294
v 4.120000 -0.953564 7.455294
v 4.120000 -0.674948 6.513924
v 4.120000 -0.721384 6.513925
v 4.120000 -0.767820 6.513925
v 4.120000 -0.814255 6.513925
v 4.120000 -0.860692 6.513926
v 4.120000 -0.907128 6.513924
v 4.120000 -0.953564 6.513925
v 4.120000 -0.674948 5.572556
v 4.120000 -0.721384 5.572556
v 4.120000 -0.767820 5.572556
v 4.120000 -0.814255 5.572556
v 4.120000 -0.860691 5.572556
v 4.120000 -0.907128 5.572556
v 4.120000 -0.953564 5.572556
v 4.120000 -0.674948 4.631186
v 4.120000 -0.721384 4.631186
v 4.120000 -0.767820 4.631186
v 4.120000 -0.814256 4.631186
v 4.120000 -0.860691 4.631186
v 4.120000 -0.907128 4.631186
v 4.120000 -0.953564 4.631186
v 4.120000 -0.674948 3.689816
v 4.120000 -0.721384 3.689817
v 4.120000 -0.767820 3.689817
v 4.120000 -0.814256 3.689817
v 4.120000 -0.860692 3.689817
v 4.120000 -0.907128 3.689816
v 4.120000 -0.953564 3.689817
v 4.120000 -0.674948 2.748448
v 4.120000 -0.721384 2.748447
v 4.120000 -0.767820 2.748448
v 4.120000 -0.814256 2.748447
v 4.120000 -0.860692 2.748447
v 4.120000 -0.907128 2.748448
v 4.120000 -0.953564 2.748448
v -2.134504 -0.966688 8.393023
v -2.134504 -0.918377 8.393023
v -2.134504 -0.870067 8.393025
v -2.134504 -0.821756 8.393024
v -2.134504 -0.773444 8.393023
v -2.134504 -0.725133 8.393023
v -2.134504 -0.676823 8.393023
v -2.134504 -0.979813 7.448015
v -2.134504 -0.929627 7.448015
v -2.134504 -0.879441 7.448015
v -2.134504 -0.829256 7.448015
v -2.134504 -0.779069 7.448015
v -2.134504 -0.728883 7.448015
v -2.134504 -0.678698 7.448015
v -2.134504 -0.992938 6.503006
v -2.134504 -0.940877 6.503006
v -2.134504 -0.888816 6.503007
v -2.134504 -0.836755 6.503006
v -2.134504 -0.784694 6.503006
v -2.134504 -0.732633 6.503006
v -2.134504 -0.680572 6.503006
v -2.134504 -1.006062 5.557997
v -2.134504 -0.952126 5.557997
v -2.134504 -0.898190 5.557997
v -2.134504 -0.844255 5.557997
v -2.134504 -0.790319 5.557997
v -2.134504 -0.736383 5.557997
v -2.134504 -0.682447 5.557997
v -2.134504 -1.019187 4.612988
v -2.134504 -0.963376 4.612989
v -2.134504 -0.907565 4.612988
v -2.134504 -0.851755 4.612988
v -2.134504 -0.795944 4.612988
v -2.134504 -0.740133 4.612988
v -2.134504 -0.684322 4.612988
v -2.134504 -1.032311 3.667980
v -2.134504 -0.974626 3.667979
v -2.134504 -0.916940 3.667980
v -2.134504 -0.859254 3.667979
v -2.134504 -0.801569 3.667980
v -2.134504 -0.743883 3.667979
v -2.134504 -0.686197 3.667979
v -2.134504 -1.045435 2.722971
v -2.134504 -0.985875 2.722971
v -2.134504 -0.926315 2.722970
v -2.134504 -0.866754 2.722971
v -2.134504 -0.807193 2.722971
v -2.134504 -0.747633 2.722971
v -2.134504 -0.688072 2.722970
v 1.724290 -1.120000 2.850715
v 1.724285 -1.120000 3.729184
v 1.724279 -1.120000 4.607653
v 1.724274 -1.120000 5.486124
v 1.724268 -1.120000 6.364593
v 1.724262 -1.120000 7.243062
v 1.724257 -1.120000 8.121531
v 1.448581 -1.120000 2.826429
v 1.448570 -1.120000 3.708368
v 1.448558 -1.120000 4.590307
v 1.448547 -1.120000 5.472245
v 1.448536 -1.120000 6.354184
v 1.448525 -1.120000 7.236123
v 1.448514 -1.120000 8.118062
v 1.172871 -1.120000 2.802144
v 1.172854 -1.120000 3.687552
v 1.172837 -1.120000 4.572960
v 1.172821 -1.120000 5.458368
v 1.172804 -1.120000 6.343777
v 1.172787 -1.120000 7.229184
v 1.172770 -1.120000 8.114592
v 0.897161 -1.120000 2.777858
v 0.897139 -1.120000 3.666736
v 0.897117 -1.120000 4.555614
v 0.897094 -1.120000 5.444491
v 0.897072 -1.120000 6.333369
v 0.897050 -1.120000 7.222246
v 0.897027 -1.120000 8.111123
v 0.621452 -1.120000 2.753572
v 0.621424 -1.120000 3.645920
v 0.621396 -1.120000 4.538266
v 0.621368 -1.120000 5.430613
v 0.621340 -1.120000 6.322960
v 0.621312 -1.120000 7.215307
v 0.621284 -1.120000 8.107654
v 0.345742 -1.120000 2.729287
v 0.345708 -1.120000 3.625103
v 0.345675 -1.120000 4.520919
v 0.345641 -1.120000 5.416735
v 0.345608 -1.120000 6.312552
v 0.345574 -1.120000 7.208368
v 0.345541 -1.120000 8.104185
v 0.070032 -1.120000 2.705001
v 0.069993 -1.120000 3.604287
v 0.069954 -1.120000 4.503573
v 0.069915 -1.120000 5.402858
v 0.069876 -1.120000 6.302144
v 0.069837 -1.120000 7.201430
v 0.069798 -1.120000 8.100715
v 4.378879 -1.116992 -2.931091
v 4.148990 -1.113995 -2.926929
v 3.919101 -1.110997 -2.922768
v 3.689213 -1.108000 -2.918606
v 3.459324 -1.105002 -2.914445
v 3.229435 -1.102004 -2.910283
v 2.999547 -1.099007 -2.906121
v 4.378879 -1.116992 -3.526306
v 4.148990 -1.113995 -3.522659
v 3.919101 -1.110997 -3.519013
v 3.689213 -1.108000 -3.515366
v 3.459324 -1.105002 -3.511720
v 3.229435 -1.102004 -3.508073
v 2.999547 -1.099007 -3.504427
v 4.378879 -1.116992 -4.121520
v 4.148990 -1.113995 -4.118389
v 3.919102 -1.110997 -4.115258
v 3.689213 -1.108000 -4.112126
v 3.459324 -1.105002 -4.108995
v 3.229435 -1.102004 -4.105864
v 2.999546 -1.099007 -4.102732
v 4.378879 -1.116992 -4.716734
v 4.148990 -1.113995 -4.714118
v 3.919101 -1.110997 -4.711502
v 3.689213 -1.108000 -4.708886
v 3.459324 -1.105002 -4.706270
v 3.229435 -1.102004 -4.703653
v 2.999547 -1.099007 -4.701037
v 4.378879 -1.116992 -5.311948
v 4.148990 -1.113995 -5.309847
v 3.919102 -1.110997 -5.307746
v 3.689213 -1.108000 -5.305645
v 3.459324 -1.105002 -5.303545
v 3.229435 -1.102004 -5.301444
v 2.999546 -1.099007 -5.299343
v 4.378879 -1.116992 -5.907163
v 4.148990 -1.113995 -5.905577
v 3.919101 -1.110997 -5.903992
v 3.689213 -1.108000 -5.902405
v 3.459324 -1.105002 -5.900820
v 3.229435 -1.102004 -5.899233
v 2.999547 -1.099007 -5.897647
v 4.378879 -1.116992 -6.502377
v 4.148990 -1.113995 -6.501307
v 3.919101 -1.110997 -6.500236
v 3.689213 -1.108000 -6.499166
v 3.459324 -1.105002 -6.498094
v 3.229435 -1.102004 -6.497023
v 2.999547 -1.099007 -6.495953
v 4.378879 -1.116992 -7.121855
v 4.148990 -1.113995 -7.121300
v 3.919101 -1.110997 -7.120743
v 3.689213 -1.108000 -7.120189
v 3.459324 -1.105002 -7.119631
v 3.229435 -1.102004 -7.119077
v 2.999547 -1.099007 -7.118521
v 4.378879 -1.116992 -7.146117
v 4.148990 -1.113995 -7.145562
v 3.919101 -1.110997 -7.145007
v 3.689213 -1.108000 -7.144451
v 3.459324 -1.105002 -7.143895
v 3.229435 -1.102004 -7.143340
v 2.999547 -1.099007 -7.142785
v 4.378879 -1.116992 -7.170381
v 4.148990 -1.113995 -7.169825
v 3.919102 -1.110997 -7.169270
v 3.689213 -1.108000 -7.168714
v 3.459324 -1.105002 -7.168158
v 3.229435 -1.102004 -7.167603
v 2.999546 -1.099007 -7.167047
v 4.378879 -1.116992 -7.194643
v 4.148990 -1.113995 -7.194088
v 3.919101 -1.110997 -7.193532
v 3.689213 -1.108000 -7.192976
v 3.459324 -1.105002 -7.192421
v 3.229435 -1.102004 -7.191866
v 2.999547 -1.099007 -7.191310
v 4.378879 -1.116992 -7.218906
v 4.148990 -1.113995 -7.218351
v 3.919101 -1.110997 -7.217795
v 3.689213 -1.108000 -7.217239
v 3.459324 -1.105002 -7.216684
v 3.229435 -1.102004 -7.216128
v 2.999547 -1.099007 -7.215573
v 4.378879 -1.116992 -7.243170
v 4.148990 -1.113995 -7.242614
v 3.919101 -1.110997 -7.242059
v 3.689213 -1.108000 -7.241503
v 3.459324 -1.105002 -7.240948
v 3.229435 -1.102004 -7.240392
v 2.999547 -1.099007 -7.239836
v 4.378879 -1.116992 -7.267433
v 4.148990 -1.113995 -7.266877
v 3.919101 -1.110997 -7.266322
v 3.689213 -1.108000 -7.265766
v 3.459324 -1.105002 -7.265210
v 3.229435 -1.102004 -7.264655
v 2.999547 -1.099007 -7.264099
v 4.380153 -0.952066 -7.411696
v 4.150264 -0.949068 -7.411140
v 3.920376 -0.946070 -7.410585
v 3.690487 -0.943072 -7.410029
v 3.460598 -0.940075 -7.409473
v 3.230710 -0.937077 -7.408918
v 3.000821 -0.934079 -7.408361
v 4.380153 -0.907128 -7.411695
v 4.150265 -0.904130 -7.411140
v 3.920376 -0.901132 -7.410584
v 3.690487 -0.898135 -7.410029
v 3.460598 -0.895137 -7.409473
v 3.230710 -0.892139 -7.408917
v 3.000821 -0.889143 -7.408362
v 4.380153 -0.862191 -7.411696
v 4.150265 -0.859193 -7.411140
v 3.920376 -0.856196 -7.410584
v 3.690487 -0.853198 -7.410028
v 3.460598 -0.850201 -7.409473
v 3.230710 -0.847202 -7.408917
v 3.000821 -0.844205 -7.408362
v 4.380154 -0.817253 -7.411696
v 4.150265 -0.814256 -7.411140
v 3.920376 -0.811259 -7.410584
v 3.690487 -0.808261 -7.410029
v 3.460598 -0.805263 -7.409473
v 3.230710 -0.802266 -7.408917
v 3.000821 -0.799268 -7.408362
v 4.380153 -0.772315 -7.411695
v 4.150264 -0.769318 -7.411140
v 3.920376 -0.766321 -7.410584
v 3.690487 -0.763324 -7.410029
v 3.460598 -0.760326 -7.409472
v 3.230710 -0.757329 -7.408917
v 3.000821 -0.754330 -7.408362
v 4.380153 -0.727379 -7.411695
v 4.150265 -0.724381 -7.411139
v 3.920376 -0.721383 -7.410584
v 3.690487 -0.718386 -7.410029
v 3.460598 -0.715389 -7.409473
v 3.230710 -0.712391 -7.408917
v 3.000821 -0.709393 -7.408362
v 4.380154 -0.682442 -7.411696
v 4.150264 -0.679445 -7.411139
v 3.920376 -0.676446 -7.410584
v 3.690487 -0.673448 -7.410028
v 3.460598 -0.670451 -7.409473
v 3.230710 -0.667453 -7.408918
v 3.000821 -0.664456 -7.408361
v 4.623919 -1.120000 -2.935253
v 4.623920 -1.120000 -3.529952
v 4.623920 -1.120000 -4.124651
v 4.623920 -1.120000 -4.719350
v 4.623920 -1.120000 -5.314050
v 4.623919 -1.120000 -5.908748
v 4.623919 -1.120000 -6.503448
v 4.637506 -1.120000 -2.935253
v 4.637506 -1.120000 -3.529952
v 4.637506 -1.120000 -4.124651
v 4.637506 -1.120000 -4.719350
v 4.637506 -1.120000 -5.314049
v 4.637506 -1.120000 -5.908748
v 4.637506 -1.120000 -6.503448
v 4.651094 -1.120000 -2.935252
v 4.651094 -1.120000 -3.529952
v 4.651095 -1.120000 -4.124650
v 4.651094 -1.120000 -4.719350
v 4.651094 -1.120000 -5.314049
v 4.651094 -1.120000 -5.908749
v 4.651094 -1.120000 -6.503448
v 4.664682 -1.120000 -2.935253
v 4.664682 -1.120000 -3.529952
v 4.664682 -1.120000 -4.124651
v 4.664682 -1.120000 -4.719350
v 4.664682 -1.120000 -5.314049
v 4.664682 -1.120000 -5.908748
v 4.664682 -1.120000 -6.503448
v 4.678269 -1.120000 -2.935253
v 4.678269 -1.120000 -3.529952
v 4.678269 -1.120000 -4.124651
v 4.678268 -1.120000 -4.719350
v 4.678269 -1.120000 -5.314049
v 4.678269 -1.120000 -5.908749
v 4.678269 -1.120000 -6.503447
v 4.691856 -1.120000 -2.935253
v 4.691856 -1.120000 -3.529952
v 4.691856 -1.120000 -4.124651
v 4.691856 -1.120000 -4.719350
v 4.691856 -1.120000 -5.314049
v 4.691856 -1.120000 -5.908749
v 4.691856 -1.120000 -6.503448
v 4.705444 -1.120000 -2.935253
v 4.705444 -1.120000 -3.529952
v 4.705443 -1.120000 -4.124651
v 4.705444 -1.120000 -4.719350
v 4.705444 -1.120000 -5.314049
v 4.705444 -1.120000 -5.908749
v 4.705443 -1.120000 -6.503448
v 2.757635 -1.096019 -6.494882
v 2.757635 -1.096020 -5.896062
v 2.757634 -1.096019 -5.297241
v 2.757634 -1.096020 -4.698421
v 2.757634 -1.096019 -4.099600
v 2.757635 -1.096019 -3.500780
v 2.757635 -1.096019 -2.901960
v 2.744047 -1.096019 -6.494882
v 2.744047 -1.096019 -5.896061
v 2.744047 -1.096019 -5.297242
v 2.744047 -1.096019 -4.698421
v 2.744047 -1.096019 -4.099601
v 2.744048 -1.096019 -3.500780
v 2.744048 -1.096020 -2.901960
v 2.730460 -1.096019 -6.494882
v 2.730460 -1.096020 -5.896062
v 2.730459 -1.096020 -5.297241
v 2.730460 -1.096020 -4.698421
v 2.730459 -1.096020 -4.099600
v 2.730460 -1.096020 -3.500780
v 2.730460 -1.096019 -2.901959
v 2.716873 -1.096019 -6.494882
v 2.716872 -1.096019 -5.896061
v 2.716872 -1.096019 -5.297242
v 2.716872 -1.096019 -4.698421
v 2.716872 -1.096019 -4.099601
v 2.716872 -1.096020 -3.500781
v 2.716872 -1.096020 -2.901960
v 2.703284 -1.096019 -6.494882
v 2.703285 -1.096020 -5.896062
v 2.703285 -1.096020 -5.297241
v 2.703285 -1.096019 -4.698421
v 2.703285 -1.096019 -4.099600
v 2.703285 -1.096020 -3.500780
v 2.703285 -1.096019 -2.901960
v 2.689697 -1.096019 -6.494883
v 2.689697 -1.096019 -5.896061
v 2.689698 -1.096019 -5.297242
v 2.689698 -1.096020 -4.698421
v 2.689698 -1.096020 -4.099601
v 2.689697 -1.096019 -3.500780
v 2.689697 -1.096019 -2.901960
v 2.676110 -1.096019 -6.494882
v 2.676110 -1.096020 -5.896061
v 2.676110 -1.096019 -5.297241
v 2.676110 -1.096020 -4.698421
v 2.676109 -1.096020 -4.099601
v 2.676110 -1.096019 -3.500780
v 2.676110 -1.096019 -2.901960
v 2.756660 -1.095986 -7.118303
v 2.740907 -1.095738 -7.119473
v 2.723752 -1.094971 -7.122313
v 2.704828 -1.093146 -7.127748
v 2.682263 -1.088788 -7.137190
v 2.654091 -1.077895 -7.152276
v 2.618495 -1.051017 -7.172263
v 2.755809 -1.095951 -7.142504
v 2.738143 -1.095433 -7.143479
v 2.717794 -1.093805 -7.145874
v 2.694182 -1.089968 -7.150439
v 2.664618 -1.081059 -7.157953
v 2.628505 -1.060970 -7.167990
v 2.590346 -1.022787 -7.174490
v 2.755212 -1.095923 -7.166656
v 2.736191 -1.095178 -7.167265
v 2.713547 -1.092795 -7.168782
v 2.686721 -1.087154 -7.171649
v 2.653413 -1.074477 -7.176047
v 2.615905 -1.048879 -7.181086
v 2.583567 -1.009676 -7.184182
v 2.754994 -1.095912 -7.190768
v 2.735466 -1.095074 -7.190862
v 2.711935 -1.092373 -7.191118
v 2.683861 -1.085953 -7.191626
v 2.649318 -1.071728 -7.192485
v 2.611823 -1.044248 -7.193851
v 2.581478 -1.004912 -7.195920
v 2.755210 -1.095923 -7.214878
v 2.736163 -1.095176 -7.214437
v 2.713408 -1.092775 -7.213376
v 2.686249 -1.087025 -7.211386
v 2.652193 -1.073870 -7.208474
v 2.613894 -1.047056 -7.205932
v 2.581733 -1.006562 -7.206827
v 2.755805 -1.095951 -7.239024
v 2.738106 -1.095431 -7.238170
v 2.717613 -1.093784 -7.236090
v 2.693535 -1.089826 -7.232066
v 2.662688 -1.080271 -7.225350
v 2.624584 -1.057964 -7.216748
v 2.586251 -1.016411 -7.213543
v 2.756657 -1.095986 -7.263215
v 2.740883 -1.095738 -7.262106
v 2.723633 -1.094962 -7.259397
v 2.704386 -1.093076 -7.254093
v 2.680773 -1.088322 -7.244503
v 2.650064 -1.075426 -7.228553
v 2.611119 -1.041640 -7.208260
v 4.705444 -1.120000 -7.122410
v 4.691856 -1.120000 -7.122410
v 4.678269 -1.120000 -7.122410
v 4.664682 -1.120000 -7.122410
v 4.651094 -1.120000 -7.122409
v 4.637506 -1.120000 -7.122411
v 4.623919 -1.120000 -7.122410
v 4.705443 -1.120000 -7.146673
v 4.691855 -1.120000 -7.146674
v 4.678269 -1.120000 -7.146673
v 4.664682 -1.120000 -7.146674
v 4.651094 -1.120000 -7.146673
v 4.637506 -1.120000 -7.146674
v 4.623920 -1.120000 -7.146673
v 4.705442 -1.120000 -7.170936
v 4.691857 -1.120000 -7.170936
v 4.678269 -1.120000 -7.170936
v 4.664682 -1.120000 -7.170936
v 4.651095 -1.120000 -7.170936
v 4.637507 -1.120000 -7.170936
v 4.623920 -1.120000 -7.170936
v 4.705443 -1.120000 -7.195199
v 4.691856 -1.120000 -7.195199
v 4.678269 -1.120000 -7.195199
v 4.664682 -1.120000 -7.195199
v 4.651094 -1.120000 -7.195199
v 4.637507 -1.120000 -7.195199
v 4.623919 -1.120000 -7.195200
v 4.705444 -1.120000 -7.219462
v 4.691857 -1.120000 -7.219463
v 4.678269 -1.120000 -7.219462
v 4.664681 -1.120000 -7.219462
v 4.651095 -1.120000 -7.219462
v 4.637507 -1.120000 -7.219462
v 4.623919 -1.120000 -7.219463
v 4.705443 -1.120000 -7.243725
v 4.691857 -1.120000 -7.243725
v 4.678269 -1.120000 -7.243726
v 4.664681 -1.120000 -7.243726
v 4.651095 -1.120000 -7.243726
v 4.637506 -1.120000 -7.243725
v 4.623919 -1.120000 -7.243725
v 4.705443 -1.120000 -7.267988
v 4.691857 -1.120000 -7.267988
v 4.678269 -1.120000 -7.267988
v 4.664682 -1.120000 -7.267988
v 4.651094 -1.120000 -7.267988
v 4.637507 -1.120000 -7.267988
v 4.623919 -1.120000 -7.267988
v 2.757636 -0.931082 -7.407806
v 2.744050 -0.931083 -7.407807
v 2.730461 -0.931083 -7.407808
v 2.716871 -0.931083 -7.407807
v 2.703282 -0.931083 -7.407807
v 2.689698 -0.931082 -7.407806
v 2.676110 -0.931082 -7.407807
v 2.757636 -0.886146 -7.407807
v 2.744047 -0.886144 -7.407807
v 2.730462 -0.886143 -7.407806
v 2.716873 -0.886144 -7.407807
v 2.703282 -0.886145 -7.407807
v 2.689697 -0.886145 -7.407806
v 2.676111 -0.886144 -7.407806
v 2.757633 -0.841207 -7.407807
v 2.744044 -0.841207 -7.407806
v 2.730463 -0.841207 -7.407806
v 2.716875 -0.841207 -7.407807
v 2.703284 -0.841207 -7.407807
v 2.689697 -0.841208 -7.407807
v 2.676110 -0.841208 -7.407807
v 2.757634 -0.796270 -7.407806
v 2.744045 -0.796271 -7.407806
v 2.730459 -0.796271 -7.407806
v 2.716876 -0.796270 -7.407806
v 2.703285 -0.796270 -7.407807
v 2.689698 -0.796270 -7.407806
v 2.676110 -0.796270 -7.407807
v 2.757636 -0.751333 -7.407807
v 2.744045 -0.751333 -7.407807
v 2.730457 -0.751333 -7.407806
v 2.716875 -0.751334 -7.407806
v 2.703285 -0.751333 -7.407807
v 2.689697 -0.751333 -7.407806
v 2.676110 -0.751333 -7.407807
v 2.757636 -0.706395 -7.407807
v 2.744045 -0.706395 -7.407806
v 2.730459 -0.706396 -7.407806
v 2.716874 -0.706396 -7.407807
v 2.703285 -0.706396 -7.407807
v 2.689697 -0.706396 -7.407806
v 2.676109 -0.706396 -7.407807
v 2.757634 -0.661459 -7.407807
v 2.744046 -0.661459 -7.407806
v 2.730461 -0.661458 -7.407806
v 2.716874 -0.661458 -7.407806
v 2.703285 -0.661458 -7.407806
v 2.689697 -0.661459 -7.407807
v 2.676109 -0.661459 -7.407806
v 4.705441 -0.955062 -7.412251
v 4.691860 -0.955062 -7.412251
v 4.678273 -0.955063 -7.412252
v 4.664680 -0.955063 -7.412252
v 4.651089 -0.955063 -7.412251
v 4.637506 -0.955063 -7.412251
v 4.623919 -0.955063 -7.412251
v 4.705441 -0.910126 -7.412251
v 4.691860 -0.910126 -7.412251
v 4.678270 -0.910125 -7.412252
v 4.664680 -0.910125 -7.412251
v 4.651093 -0.910125 -7.412251
v 4.637504 -0.910126 -7.412251
v 4.623919 -0.910126 -7.412251
v 4.705444 -0.865189 -7.412251
v 4.691856 -0.865188 -7.412252
v 4.678267 -0.865188 -7.412251
v 4.664682 -0.865187 -7.412251
v 4.651097 -0.865187 -7.412251
v 4.637506 -0.865188 -7.412251
v 4.623919 -0.865188 -7.412251
v 4.705443 -0.820251 -7.412251
v 4.691853 -0.820251 -7.412251
v 4.678266 -0.820251 -7.412250
v 4.664683 -0.820251 -7.412251
v 4.651097 -0.820251 -7.412251
v 4.637508 -0.820251 -7.412251
v 4.623920 -0.820251 -7.412251
v 4.705443 -0.775314 -7.412251
v 4.691854 -0.775314 -7.412251
v 4.678268 -0.775314 -7.412251
v 4.664683 -0.775315 -7.412251
v 4.651095 -0.775315 -7.412251
v 4.637507 -0.775314 -7.412251
v 4.623919 -0.775313 -7.412251
v 4.705442 -0.730376 -7.412251
v 4.691855 -0.730376 -7.412251
v 4.678270 -0.730376 -7.412251
v 4.664683 -0.730377 -7.412251
v 4.651094 -0.730376 -7.412251
v 4.637505 -0.730376 -7.412251
v 4.623919 -0.730376 -7.412251
v 4.705441 -0.685439 -7.412251
v 4.691855 -0.685438 -7.412251
v 4.678273 -0.685439 -7.412251
v 4.664683 -0.685440 -7.412251
v 4.651093 -0.685439 -7.412251
v 4.637506 -0.685440 -7.412251
v 4.623918 -0.685440 -7.412251
v 4.839031 -0.955053 -2.935253
v 4.839030 -0.955053 -3.529952
v 4.839031 -0.955053 -4.124651
v 4.839032 -0.955053 -4.719350
v 4.839031 -0.955053 -5.314049
v 4.839031 -0.955053 -5.908749
v 4.839031 -0.955053 -6.503448
v 4.839031 -0.910106 -2.935252
v 4.839031 -0.910106 -3.529952
v 4.839031 -0.910106 -4.124651
v 4.839031 -0.910106 -4.719350
v 4.839031 -0.910106 -5.314050
v 4.839031 -0.910106 -5.908748
v 4.839031 -0.910106 -6.503448
v 4.839031 -0.865159 -2.935253
v 4.839031 -0.865159 -3.529952
v 4.839031 -0.865159 -4.124651
v 4.839031 -0.865159 -4.719350
v 4.839031 -0.865159 -5.314050
v 4.839031 -0.865159 -5.908749
v 4.839031 -0.865159 -6.503448
v 4.839032 -0.820212 -2.935253
v 4.839031 -0.820212 -3.529952
v 4.839031 -0.820212 -4.124651
v 4.839031 -0.820212 -4.719350
v 4.839031 -0.820212 -5.314049
v 4.839031 -0.820212 -5.908749
v 4.839031 -0.820212 -6.503448
v 4.839031 -0.775264 -2.935253
v 4.839031 -0.775264 -3.529952
v 4.839031 -0.775265 -4.124651
v 4.839031 -0.775265 -4.719350
v 4.839031 -0.775265 -5.314050
v 4.839031 -0.775265 -5.908749
v 4.839031 -0.775265 -6.503448
v 4.839031 -0.730317 -2.935252
v 4.839031 -0.730317 -3.529952
v 4.839031 -0.730317 -4.124651
v 4.839031 -0.730318 -4.719350
v 4.839031 -0.730318 -5.314050
v 4.839031 -0.730317 -5.908748
v 4.839031 -0.730317 -6.503448
v 4.839031 -0.685371 -2.935253
v 4.839031 -0.685371 -3.529952
v 4.839031 -0.685371 -4.124651
v 4.839031 -0.685371 -4.719350
v 4.839031 -0.685371 -5.314050
v 4.839031 -0.685370 -5.908749
v 4.839031 -0.685370 -6.503448
v 2.548382 -0.921016 -7.259124
v 2.551120 -0.919738 -7.240616
v 2.552809 -0.919048 -7.222315
v 2.553488 -0.919629 -7.203339
v 2.553167 -0.921449 -7.183705
v 2.551677 -0.924564 -7.163424
v 2.548749 -0.928126 -7.141576
v 2.545076 -0.880220 -7.281187
v 2.546846 -0.878835 -7.256260
v 2.548023 -0.878450 -7.232393
v 2.548480 -0.878801 -7.208711
v 2.548138 -0.879906 -7.184577
v 2.546998 -0.881551 -7.159457
v 2.545156 -0.883673 -7.132637
v 2.543737 -0.838181 -7.298719
v 2.544708 -0.837382 -7.270245
v 2.545395 -0.837077 -7.242403
v 2.545666 -0.837218 -7.214866
v 2.545429 -0.837854 -7.187060
v 2.544749 -0.838759 -7.158507
v 2.543759 -0.839868 -7.129008
v 2.543099 -0.794886 -7.314096
v 2.543587 -0.794555 -7.283002
v 2.543939 -0.794440 -7.252193
v 2.544077 -0.794526 -7.221563
v 2.543948 -0.794817 -7.190800
v 2.543598 -0.795204 -7.159627
v 2.543105 -0.795676 -7.128017
v 2.542760 -0.750855 -7.328357
v 2.542967 -0.750840 -7.295005
v 2.543115 -0.750877 -7.261763
v 2.543172 -0.750946 -7.228594
v 2.543117 -0.751037 -7.195370
v 2.542969 -0.751115 -7.161976
v 2.542762 -0.751192 -7.128406
v 2.542593 -0.706298 -7.342021
v 2.542653 -0.706389 -7.306601
v 2.542697 -0.706467 -7.271214
v 2.542714 -0.706514 -7.235854
v 2.542697 -0.706522 -7.200476
v 2.542654 -0.706484 -7.165047
v 2.542593 -0.706416 -7.129562
v 2.542531 -0.661426 -7.355356
v 2.542539 -0.661487 -7.317986
v 2.542544 -0.661533 -7.280622
v 2.542547 -0.661555 -7.243266
v 2.542544 -0.661547 -7.205908
v 2.542539 -0.661510 -7.168540
v 2.542531 -0.661455 -7.131162
v 2.542522 -0.931073 -6.494882
v 2.542522 -0.931073 -5.896062
v 2.542522 -0.931073 -5.297241
v 2.542523 -0.931072 -4.698421
v 2.542522 -0.931072 -4.099600
v 2.542523 -0.931072 -3.500780
v 2.542522 -0.931072 -2.901960
v 2.542522 -0.886125 -6.494882
v 2.542522 -0.886125 -5.896061
v 2.542522 -0.886126 -5.297242
v 2.542522 -0.886126 -4.698421
v 2.542523 -0.886125 -4.099601
v 2.542522 -0.886125 -3.500780
v 2.542523 -0.886125 -2.901960
v 2.542522 -0.841178 -6.494882
v 2.542522 -0.841178 -5.896062
v 2.542522 -0.841178 -5.297241
v 2.542522 -0.841178 -4.698421
v 2.542522 -0.841178 -4.099600
v 2.542523 -0.841178 -3.500780
v 2.542522 -0.841178 -2.901959
v 2.542523 -0.796231 -6.494881
v 2.542522 -0.796231 -5.896062
v 2.542522 -0.796231 -5.297241
v 2.542522 -0.796231 -4.698421
v 2.542522 -0.796231 -4.099601
v 2.542522 -0.796231 -3.500781
v 2.542522 -0.796231 -2.901960
v 2.542522 -0.751284 -6.494882
v 2.542522 -0.751284 -5.896062
v 2.542522 -0.751284 -5.297241
v 2.542522 -0.751284 -4.698421
v 2.542522 -0.751284 -4.099600
v 2.542522 -0.751284 -3.500780
v 2.542522 -0.751284 -2.901960
v 2.542522 -0.706337 -6.494882
v 2.542522 -0.706337 -5.896061
v 2.542522 -0.706337 -5.297242
v 2.542523 -0.706337 -4.698421
v 2.542523 -0.706337 -4.099601
v 2.542522 -0.706337 -3.500780
v 2.542522 -0.706337 -2.901960
v 2.542522 -0.661390 -6.494882
v 2.542522 -0.661390 -5.896061
v 2.542522 -0.661390 -5.297242
v 2.542522 -0.661390 -4.698421
v 2.542522 -0.661390 -4.099601
v 2.542522 -0.661390 -3.500780
v 2.542522 -0.661390 -2.901960
v 4.839031 -0.955053 -7.124285
v 4.839031 -0.955053 -7.150424
v 4.839031 -0.955053 -7.176559
v 4.839032 -0.955053 -7.202699
v 4.839030 -0.955054 -7.228837
v 4.839031 -0.955053 -7.254974
v 4.839031 -0.955053 -7.281114
v 4.839031 -0.910106 -7.126161
v 4.839031 -0.910106 -7.154174
v 4.839031 -0.910106 -7.182184
v 4.839032 -0.910106 -7.210197
v 4.839032 -0.910107 -7.238213
v 4.839031 -0.910106 -7.266225
v 4.839031 -0.910106 -7.294238
v 4.839031 -0.865159 -7.128035
v 4.839031 -0.865159 -7.157924
v 4.839031 -0.865159 -7.187810
v 4.839032 -0.865158 -7.217699
v 4.839031 -0.865158 -7.247587
v 4.839032 -0.865159 -7.277476
v 4.839031 -0.865159 -7.307363
v 4.839031 -0.820212 -7.129910
v 4.839031 -0.820212 -7.161673
v 4.839031 -0.820212 -7.193436
v 4.839031 -0.820212 -7.225199
v 4.839031 -0.820212 -7.256962
v 4.839031 -0.820212 -7.288725
v 4.839031 -0.820212 -7.320488
v 4.839031 -0.775265 -7.131785
v 4.839031 -0.775264 -7.165423
v 4.839031 -0.775264 -7.199060
v 4.839031 -0.775265 -7.232699
v 4.839031 -0.775265 -7.266337
v 4.839031 -0.775265 -7.299976
v 4.839031 -0.775264 -7.333613
v 4.839031 -0.730318 -7.133660
v 4.839031 -0.730318 -7.169173
v 4.839031 -0.730317 -7.204685
v 4.839031 -0.730317 -7.240199
v 4.839031 -0.730318 -7.275712
v 4.839031 -0.730318 -7.311225
v 4.839031 -0.730318 -7.346738
v 4.839031 -0.685370 -7.135535
v 4.839031 -0.685370 -7.172923
v 4.839031 -0.685370 -7.210311
v 4.839031 -0.685370 -7.247699
v 4.839031 -0.685370 -7.285087
v 4.839031 -0.685371 -7.322475
v 4.839031 -0.685371 -7.359863
v 0.643128 0.048369 -0.977832
v 2.622708 0.051412 -0.982581
v 0.165250 -0.618845 -0.668068
v 2.056757 -0.602674 -0.693297
v -0.147670 -0.948355 0.174062
v 1.758922 -0.929325 0.181377
v 3.202350 0.985780 -0.130135
v 1.106719 0.715490 -0.758857
v 3.106719 0.715490 -0.758857
v 3.761572 0.048369 0.717562
v 1.781991 0.051412 0.722310
v 4.239450 -0.618845 0.407797
v 2.347943 -0.602674 0.433026
v 4.552370 -0.948355 -0.484719
v 2.706864 -0.925328 -0.448792
v 1.202349 0.985780 -0.130135
v 3.297980 0.715490 0.498587
v 1.297980 0.715490 0.498587
v 4.610332 -1.000000 -2.340554
v 2.771222 -0.976020 -2.303139
v -0.205633 -1.000000 1.777962
v 2.000000 -1.000000 2.000000
v -0.205633 -1.000000 9.319000
v 1.870407 -1.000000 9.000000
v -2.011642 -1.000000 1.777962
v -2.011642 -1.000000 9.319000
v 4.000000 -1.000000 2.141814
v 4.000000 -1.000000 8.861210
v 2.000000 -1.000000 1.807078
v 4.000000 -1.000000 1.807078
v 1.937047 -0.992261 9.330991
v 4.000000 -1.000000 9.338032
v -2.014504 -1.000000 9.000001
v -2.014504 -1.000000 9.338032
v -0.205633 -0.628511 9.319000
v -2.011642 -0.628511 9.319000
v 1.664250 -0.628512 9.338033
v 4.000000 -0.628512 9.338033
v -2.014504 -0.628512 9.338033
v 4.000000 -1.000000 1.807078
v 4.000000 -0.628512 1.807078
v -2.014504 -1.119996 1.777962
v -2.014504 -0.628512 1.777962
v -0.205633 -1.000000 1.777961
v -0.205990 -1.000000 9.000001
v 4.610332 -1.000000 -7.098147
v 2.771222 -0.976020 -7.093703
v 4.610332 -1.000000 -7.292252
v 2.771222 -0.976020 -7.287807
v 4.610332 -0.640502 -7.292252
v 2.771222 -0.616521 -7.287807
v 4.719031 -1.000000 -2.340554
v 4.719031 -1.000000 -7.098147
v 2.662522 -0.976020 -2.303139
v 2.662522 -0.976020 -7.093703
v 4.610332 -1.000000 -7.292252
v 2.771222 -0.976020 -7.287807
v 4.719031 -1.000000 -7.292252
v 2.662522 -0.976019 -7.287806
v 4.610332 -0.640502 -7.292252
v 2.771222 -0.616521 -7.287807
v 4.719031 -0.640502 -7.292252
v 2.662522 -0.616521 -7.287807
v 4.719031 -0.640423 -2.340554
v 4.719031 -0.640423 -7.098147
v 2.662522 -0.616443 -2.303139
v 2.662522 -0.616443 -7.093703
v 4.719031 -0.640423 -7.412251
v 2.662522 -0.616443 -7.407807
v 0.218454 -0.550175 -0.732064
v 0.273725 -0.475646 -0.789557
v 0.330961 -0.396084 -0.840189
v 0.390063 -0.312313 -0.883599
v 0.450931 -0.225157 -0.919428
v 0.513465 -0.135442 -0.947316
v 0.577564 -0.043992 -0.966904
v 0.890575 0.048749 -0.978426
v 1.138023 0.049130 -0.979019
v 1.385470 0.049510 -0.979613
v 1.632918 0.049891 -0.980206
v 1.880366 0.050271 -0.980800
v 2.127813 0.050651 -0.981393
v 2.375261 0.051032 -0.981987
v 2.548597 -0.039674 -0.973640
v 2.474441 -0.129625 -0.956391
v 2.400742 -0.217676 -0.931099
v 2.328006 -0.303063 -0.898030
v 2.256735 -0.385021 -0.857450
v 2.187434 -0.462785 -0.809624
v 2.120607 -0.535591 -0.754817
v 1.820318 -0.604695 -0.690143
v 1.583880 -0.606717 -0.686989
v 1.347442 -0.608738 -0.683836
v 1.111003 -0.610759 -0.680682
v 0.874565 -0.612781 -0.677529
v 0.638127 -0.614802 -0.674375
v 0.401688 -0.616823 -0.671221
v -0.123286 -0.926529 0.025037
v -0.093875 -0.899631 -0.108942
v -0.059848 -0.867431 -0.229146
v -0.021612 -0.829699 -0.336847
v 0.020424 -0.786205 -0.433319
v 0.065852 -0.736718 -0.519831
v 0.114264 -0.681008 -0.597657
v 1.996477 -0.663442 -0.624990
v 1.940713 -0.717986 -0.548477
v 1.890500 -0.766570 -0.462000
v 1.846873 -0.809458 -0.363801
v 1.810866 -0.846914 -0.252121
v 1.783516 -0.879202 -0.125204
v 1.765856 -0.906584 0.018710
v 1.520598 -0.931703 0.180463
v 1.282274 -0.934082 0.179548
v 1.043950 -0.936461 0.178634
v 0.805626 -0.938840 0.177719
v 0.567302 -0.941219 0.176805
v 0.328978 -0.943598 0.175891
v 0.090654 -0.945976 0.174976
v 3.202163 0.981248 -0.218371
v 3.200855 0.967828 -0.305687
v 3.197306 0.945784 -0.391167
v 3.190396 0.915382 -0.473891
v 3.179003 0.876887 -0.552940
v 3.162006 0.830563 -0.627397
v 3.138285 0.776676 -0.696342
v 2.856720 0.715490 -0.758857
v 2.606719 0.715490 -0.758857
v 2.356719 0.715490 -0.758857
v 2.106719 0.715490 -0.758857
v 1.856720 0.715490 -0.758857
v 1.606719 0.715490 -0.758857
v 1.356719 0.715490 -0.758857
v 0.709858 0.140804 -0.979835
v 0.776662 0.232434 -0.973028
v 0.842248 0.322371 -0.957619
v 0.905325 0.409723 -0.933817
v 0.964602 0.493601 -0.901831
v 1.018788 0.573115 -0.861870
v 1.066591 0.647374 -0.814142
v 3.066551 0.647380 -0.814151
v 3.018469 0.573162 -0.861944
v 2.963526 0.493761 -0.902081
v 2.902773 0.410103 -0.934411
v 2.837263 0.323114 -0.958778
v 2.768048 0.233718 -0.975031
v 2.696179 0.142843 -0.983016
v 3.827136 -0.043992 0.706634
v 3.891235 -0.135442 0.687046
v 3.953768 -0.225157 0.659158
v 4.014636 -0.312313 0.623329
v 4.073738 -0.396084 0.579919
v 4.130975 -0.475646 0.529287
v 4.186245 -0.550175 0.471793
v 3.514124 0.048749 0.718155
v 3.266677 0.049130 0.718749
v 3.019229 0.049510 0.719342
v 2.771781 0.049891 0.719936
v 2.524334 0.050271 0.720529
v 2.276886 0.050651 0.721123
v 2.029439 0.051032 0.721717
v 2.284093 -0.535591 0.494547
v 2.217265 -0.462785 0.549353
v 2.147964 -0.385021 0.597179
v 2.076694 -0.303063 0.637760
v 2.003957 -0.217676 0.670829
v 1.930259 -0.129625 0.696121
v 1.856102 -0.039674 0.713370
v 2.584381 -0.604695 0.429873
v 2.820819 -0.606717 0.426719
v 3.057257 -0.608738 0.423565
v 3.293696 -0.610759 0.420412
v 3.530134 -0.612781 0.417258
v 3.766573 -0.614802 0.414104
v 4.003011 -0.616823 0.410951
v 4.290436 -0.681008 0.337288
v 4.338847 -0.736718 0.258773
v 4.384275 -0.786205 0.170391
v 4.426311 -0.829699 0.070279
v 4.464547 -0.867431 -0.043426
v 4.498574 -0.899631 -0.172586
v 4.527985 -0.926529 -0.319063
v 2.679767 -0.903906 -0.283767
v 2.646955 -0.877516 -0.138081
v 2.608747 -0.845939 -0.009894
v 2.565463 -0.808959 0.102637
v 2.517421 -0.766359 0.201353
v 2.464941 -0.717923 0.288095
v 2.408342 -0.663434 0.364706
v 4.321681 -0.945477 -0.480228
v 4.090993 -0.942598 -0.475738
v 3.860306 -0.939720 -0.471247
v 3.629617 -0.936842 -0.466756
v 3.398929 -0.933963 -0.462265
v 3.168241 -0.931085 -0.457774
v 2.937552 -0.928206 -0.453283
v 1.266414 0.776676 0.436072
v 1.242694 0.830563 0.367126
v 1.225697 0.876887 0.292670
v 1.214303 0.915382 0.213620
v 1.207392 0.945784 0.130896
v 1.203844 0.967828 0.045417
v 1.202536 0.981248 -0.041900
v 1.547980 0.715490 0.498587
v 1.797980 0.715490 0.498587
v 2.047980 0.715490 0.498587
v 2.297980 0.715490 0.498587
v 2.547980 0.715490 0.498587
v 2.797980 0.715490 0.498587
v 3.047980 0.715490 0.498587
v 3.338109 0.647374 0.553872
v 3.385912 0.573115 0.601599
v 3.440097 0.493601 0.641560
v 3.499374 0.409723 0.673546
v 3.562451 0.322371 0.697348
v 3.628038 0.232435 0.712758
v 3.694841 0.140804 0.719565
v 1.708521 0.142843 0.722746
v 1.636652 0.233718 0.714761
v 1.567436 0.323114 0.698508
v 1.501926 0.410103 0.674140
v 1.441174 0.493761 0.641811
v 1.386230 0.573162 0.601673
v 1.338148 0.647380 0.553881
v 2.952350 0.985780 -0.130135
v 2.702350 0.985780 -0.130135
v 2.452350 0.985780 -0.130135
v 2.202350 0.985780 -0.130135
v 1.952350 0.985780 -0.130135
v 1.702350 0.985780 -0.130135
v 1.452350 0.985780 -0.130135
v 1.138285 0.776676 -0.696342
v 1.162006 0.830564 -0.627397
v 1.179003 0.876887 -0.552940
v 1.190396 0.915382 -0.473891
v 1.197307 0.945784 -0.391167
v 1.200855 0.967828 -0.305687
v 1.202163 0.981248 -0.218370
v 3.202536 0.981248 -0.041900
v 3.203844 0.967828 0.045417
v 3.207393 0.945784 0.130896
v 3.214304 0.915382 0.213620
v 3.225697 0.876887 0.292670
v 3.242694 0.830564 0.367126
v 3.266415 0.776676 0.436071
v 4.380444 -0.997003 -2.335877
v 4.150555 -0.994005 -2.331200
v 3.920666 -0.991007 -2.326523
v 3.690777 -0.988010 -2.321846
v 3.460889 -0.985012 -2.317170
v 3.231000 -0.982015 -2.312493
v 3.001111 -0.979017 -2.307816
v 4.610219 -0.999899 -2.080956
v 4.609426 -0.999193 -1.823990
v 4.607275 -0.997277 -1.572284
v 4.603087 -0.993545 -1.328468
v 4.596181 -0.987392 -1.095174
v 4.585879 -0.978212 -0.875031
v 4.571502 -0.965402 -0.670669
v 2.728107 -0.942060 -0.634251
v 2.744071 -0.954634 -0.838244
v 2.755510 -0.963644 -1.058123
v 2.763178 -0.969683 -1.291240
v 2.767828 -0.973346 -1.534948
v 2.770217 -0.975227 -1.786599
v 2.771097 -0.975920 -2.043545
v 1.724296 -1.000000 1.972245
v 1.448592 -1.000000 1.944491
v 1.172888 -1.000000 1.916736
v 0.897184 -1.000000 1.888981
v 0.621480 -1.000000 1.861226
v 0.345776 -1.000000 1.833471
v 0.070071 -1.000000 1.805717
v -0.205520 -0.999899 1.556057
v -0.204727 -0.999193 1.336191
v -0.202576 -0.997277 1.120405
v -0.198387 -0.993544 0.910739
v -0.191482 -0.987391 0.709231
v -0.181180 -0.978212 0.517923
v -0.166803 -0.965402 0.338853
v 1.763331 -0.947735 0.363836
v 1.778030 -0.962315 0.564242
v 1.801549 -0.973612 0.780032
v 1.832419 -0.982173 1.008642
v 1.869169 -0.988545 1.247508
v 1.910329 -0.993275 1.494065
v 1.954430 -0.996911 1.745751
v -0.205633 -1.000000 8.376371
v -0.205633 -1.000000 7.433742
v -0.205633 -1.000000 6.491111
v -0.205633 -1.000000 5.548481
v -0.205633 -1.000000 4.605852
v -0.205633 -1.000000 3.663222
v -0.205633 -1.000000 2.720592
v 1.995715 -1.000000 2.870953
v 1.995714 -1.000000 3.746531
v 1.995713 -1.000000 4.622109
v 1.995712 -1.000000 5.497688
v 1.995711 -1.000000 6.373266
v 1.995710 -1.000000 7.248845
v 1.995710 -1.000000 8.124422
v -2.011642 -1.000000 8.376371
v -2.011642 -1.000000 7.433742
v -2.011642 -1.000000 6.491111
v -2.011642 -1.000000 5.548481
v -2.011642 -1.000000 4.605851
v -2.011642 -1.000000 3.663222
v -2.011642 -1.000000 2.720592
v -1.785891 -1.000000 1.777962
v -1.560140 -1.000000 1.777962
v -1.334389 -1.000000 1.777962
v -1.108638 -1.000000 1.777962
v -0.882886 -1.000000 1.777962
v -0.657135 -1.000000 1.777962
v -0.431384 -1.000000 1.777962
v -0.431384 -1.000000 9.319001
v -0.657135 -1.000000 9.319001
v -0.882886 -1.000000 9.319001
v -1.108638 -1.000000 9.319001
v -1.334389 -1.000000 9.319000
v -1.560140 -1.000000 9.319000
v -1.785891 -1.000000 9.319000
v 4.000000 -1.000000 2.875000
v 4.000000 -1.000000 3.750000
v 4.000000 -1.000000 4.625000
v 4.000000 -1.000000 5.500000
v 4.000000 -1.000000 6.375001
v 4.000000 -1.000000 7.250001
v 4.000000 -1.000000 8.125002
v 3.750000 -1.000000 8.861210
v 3.500000 -1.000000 8.861210
v 3.250000 -1.000000 8.861210
v 3.000000 -1.000000 8.861210
v 2.750000 -1.000000 8.861210
v 2.500000 -1.000000 8.861210
v 2.250000 -1.000000 8.861210
v 2.250000 -1.000000 2.141814
v 2.500000 -1.000000 2.141814
v 2.750000 -1.000000 2.141814
v 3.000000 -1.000000 2.141814
v 3.250000 -1.000000 2.141814
v 3.500000 -1.000000 2.141814
v 3.750000 -1.000000 2.141814
v 2.250000 -1.000000 1.807078
v 2.500000 -1.000000 1.807078
v 2.750000 -1.000000 1.807078
v 3.000000 -1.000000 1.807078
v 3.250000 -1.000000 1.807078
v 3.500000 -1.000000 1.807078
v 3.750000 -1.000000 1.807078
v 4.000000 -1.000000 1.831194
v 4.000000 -1.000000 1.855309
v 4.000000 -1.000000 1.879424
v 4.000000 -1.000000 1.903539
v 4.000000 -1.000000 1.927655
v 4.000000 -1.000000 1.951770
v 4.000000 -1.000000 1.975885
v 2.000000 -1.000000 1.975885
v 2.000000 -1.000000 1.951770
v 2.000000 -1.000000 1.927655
v 2.000000 -1.000000 1.903539
v 2.000000 -1.000000 1.879424
v 2.000000 -1.000000 1.855309
v 2.000000 -1.000000 1.831194
v 3.749973 -0.992261 9.330989
v 3.499782 -0.992261 9.330991
v 3.249262 -0.992261 9.330991
v 2.998251 -0.992261 9.330991
v 2.746476 -0.992261 9.330991
v 2.493224 -0.992261 9.330990
v 2.236803 -0.992261 9.330991
v 1.958031 -1.000000 9.295779
v 1.958031 -1.000000 9.253525
v 1.958031 -1.000000 9.211270
v 1.958031 -1.000000 9.169017
v 1.958031 -1.000000 9.126763
v 1.958031 -1.000000 9.084509
v 1.958031 -1.000000 9.042255
v 4.000000 -1.000000 9.042254
v 4.000000 -1.000000 9.084509
v 4.000000 -1.000000 9.126762
v 4.000000 -1.000000 9.169017
v 4.000000 -1.000000 9.211270
v 4.000000 -1.000000 9.253525
v 4.000000 -1.000000 9.295778
v -2.014504 -1.000000 9.295778
v -2.014504 -1.000000 9.253525
v -2.014504 -1.000000 9.211270
v -2.014504 -1.000000 9.169017
v -2.014504 -1.000000 9.126762
v -2.014504 -1.000000 9.084509
v -2.014504 -1.000000 9.042254
v -1.512691 -1.000000 9.000001
v -1.010878 -1.000000 9.000001
v -0.509065 -1.000000 9.000001
v -0.007252 -1.000000 9.000001
v 0.494561 -1.000000 9.000001
v 0.996374 -1.000000 9.000001
v 1.498187 -1.000000 9.000001
v 1.484990 -0.992261 9.330991
v 0.989598 -0.992261 9.330991
v 0.491036 -0.992261 9.330991
v -0.009001 -0.992261 9.330991
v -0.509803 -0.992261 9.330991
v -1.011097 -0.992261 9.330991
v -1.512718 -0.992261 9.330989
v 3.749345 -0.628512 9.338033
v 3.494754 -0.628512 9.338033
v 3.232295 -0.628512 9.338033
v 2.958031 -0.628512 9.338033
v 2.668030 -0.628512 9.338032
v 2.358356 -0.628512 9.338033
v 2.025074 -0.628512 9.338033
v 1.273260 -0.628512 9.338033
v 0.854729 -0.628512 9.338033
v 0.412591 -0.628512 9.338032
v -0.049221 -0.628512 9.338033
v -0.526771 -0.628512 9.338032
v -1.016124 -0.628512 9.338032
v -1.513347 -0.628512 9.338032
v -2.014504 -0.674948 9.338033
v -2.014504 -0.721384 9.338033
v -2.014504 -0.767820 9.338033
v -2.014504 -0.814256 9.338033
v -2.014504 -0.860692 9.338032
v -2.014504 -0.907128 9.338033
v -2.014504 -0.953564 9.338033
v 1.841305 -0.953564 9.338033
v 1.765674 -0.907128 9.338033
v 1.719771 -0.860692 9.338034
v 1.692229 -0.814256 9.338033
v 1.676053 -0.767820 9.338034
v 1.667747 -0.721384 9.338033
v 1.664687 -0.674948 9.338033
v 4.000000 -0.953564 9.338033
v 4.000000 -0.907128 9.338033
v 4.000000 -0.860692 9.338032
v 4.000000 -0.814256 9.338033
v 4.000000 -0.767820 9.338032
v 4.000000 -0.721384 9.338033
v 4.000000 -0.674948 9.338032
v -2.011642 -0.674948 9.319000
v -2.011642 -0.721384 9.319000
v -2.011642 -0.767820 9.319000
v -2.011642 -0.814256 9.319000
v -2.011642 -0.860692 9.319000
v -2.011642 -0.907128 9.318999
v -2.011642 -0.953564 9.319000
v -0.205633 -0.953564 9.319000
v -0.205633 -0.907128 9.319000
v -0.205633 -0.860692 9.319000
v -0.205633 -0.814256 9.319000
v -0.205633 -0.767820 9.319000
v -0.205633 -0.721384 9.318999
v -0.205633 -0.674948 9.319000
v 4.000000 -0.953564 1.807078
v 4.000000 -0.907128 1.807078
v 4.000000 -0.860692 1.807078
v 4.000000 -0.814256 1.807078
v 4.000000 -0.767820 1.807078
v 4.000000 -0.721384 1.807078
v 4.000000 -0.674948 1.807078
v 4.000000 -0.628512 2.748447
v 4.000000 -0.628512 3.689817
v 4.000000 -0.628512 4.631186
v 4.000000 -0.628512 5.572556
v 4.000000 -0.628512 6.513925
v 4.000000 -0.628512 7.455294
v 4.000000 -0.628512 8.396664
v 4.000000 -1.000000 8.396664
v 4.000000 -1.000000 7.455294
v 4.000000 -1.000000 6.513925
v 4.000000 -1.000000 5.572556
v 4.000000 -1.000000 4.631186
v 4.000000 -1.000000 3.689817
v 4.000000 -1.000000 2.748447
v -2.014504 -0.689947 1.777962
v -2.014504 -0.751383 1.777962
v -2.014504 -0.812818 1.777962
v -2.014504 -0.874254 1.777962
v -2.014504 -0.935689 1.777961
v -2.014504 -0.997125 1.777962
v -2.014504 -1.058560 1.777962
v -2.014504 -1.104996 2.722970
v -2.014504 -1.089997 3.667980
v -2.014504 -1.074997 4.612988
v -2.014504 -1.059998 5.557997
v -2.014504 -1.044999 6.503006
v -2.014504 -1.029999 7.448015
v -2.014504 -1.015000 8.393024
v -2.014504 -0.628512 8.393023
v -2.014504 -0.628512 7.448015
v -2.014504 -0.628512 6.503006
v -2.014504 -0.628512 5.557997
v -2.014504 -0.628512 4.612988
v -2.014504 -0.628512 3.667980
v -2.014504 -0.628512 2.722970
v -0.205678 -1.000000 2.680716
v -0.205722 -1.000000 3.583471
v -0.205767 -1.000000 4.486226
v -0.205812 -1.000000 5.388981
v -0.205856 -1.000000 6.291736
v -0.205901 -1.000000 7.194491
v -0.205945 -1.000000 8.097246
v 0.070071 -1.000000 1.805716
v 0.345775 -1.000000 1.833471
v 0.621480 -1.000000 1.861226
v 0.897184 -1.000000 1.888981
v 1.172888 -1.000000 1.916735
v 1.448592 -1.000000 1.944490
v 1.724296 -1.000000 1.972245
v 1.724252 -1.000000 9.000001
v 1.448503 -1.000000 9.000001
v 1.172754 -1.000000 9.000001
v 0.897005 -1.000000 9.000001
v 0.621256 -1.000000 9.000001
v 0.345507 -1.000000 9.000001
v 0.069759 -1.000000 9.000001
v 4.380444 -0.997003 -7.097592
v 4.150555 -0.994005 -7.097036
v 3.920666 -0.991007 -7.096481
v 3.690777 -0.988010 -7.095925
v 3.460889 -0.985012 -7.095369
v 3.231000 -0.982015 -7.094814
v 3.001111 -0.979017 -7.094258
v 4.610332 -1.000000 -6.503448
v 4.610332 -1.000000 -5.908749
v 4.610332 -1.000000 -5.314050
v 4.610332 -1.000000 -4.719350
v 4.610332 -1.000000 -4.124651
v 4.610332 -1.000000 -3.529952
v 4.610332 -1.000000 -2.935253
v 2.771222 -0.976019 -2.901960
v 2.771222 -0.976019 -3.500780
v 2.771222 -0.976020 -4.099601
v 2.771222 -0.976019 -4.698421
v 2.771222 -0.976020 -5.297242
v 2.771222 -0.976019 -5.896062
v 2.771222 -0.976019 -6.494883
v 4.380443 -0.997002 -7.291695
v 4.150555 -0.994005 -7.291140
v 3.920666 -0.991007 -7.290585
v 3.690777 -0.988010 -7.290030
v 3.460888 -0.985012 -7.289474
v 3.231000 -0.982015 -7.288918
v 3.001111 -0.979017 -7.288363
v 4.610332 -1.000000 -7.267988
v 4.610332 -1.000000 -7.243725
v 4.610332 -1.000000 -7.219462
v 4.610332 -1.000000 -7.195199
v 4.610332 -1.000000 -7.170936
v 4.610332 -1.000000 -7.146673
v 4.610332 -1.000000 -7.122410
v 2.771222 -0.976019 -7.117966
v 2.771222 -0.976019 -7.142229
v 2.771222 -0.976020 -7.166492
v 2.771222 -0.976019 -7.190755
v 2.771222 -0.976019 -7.215017
v 2.771222 -0.976019 -7.239281
v 2.771222 -0.976019 -7.263543
v 4.380443 -0.637504 -7.291696
v 4.150555 -0.634507 -7.291140
v 3.920666 -0.631509 -7.290585
v 3.690777 -0.628512 -7.290030
v 3.460888 -0.625514 -7.289473
v 3.231000 -0.622516 -7.288918
v 3.001111 -0.619519 -7.288362
v 4.610332 -0.685439 -7.292251
v 4.610332 -0.730376 -7.292251
v 4.610332 -0.775314 -7.292251
v 4.610332 -0.820251 -7.292252
v 4.610332 -0.865188 -7.292251
v 4.610332 -0.910126 -7.292252
v 4.610332 -0.955063 -7.292251
v 2.771222 -0.931082 -7.287807
v 2.771222 -0.886145 -7.287807
v 2.771222 -0.841208 -7.287807
v 2.771222 -0.796270 -7.287807
v 2.771222 -0.751333 -7.287807
v 2.771222 -0.706396 -7.287807
v 2.771222 -0.661459 -7.287807
v 4.719031 -1.000000 -6.503448
v 4.719031 -1.000000 -5.908749
v 4.719031 -1.000000 -5.314049
v 4.719031 -1.000000 -4.719350
v 4.719031 -1.000000 -4.124650
v 4.719031 -1.000000 -3.529952
v 4.719031 -1.000000 -2.935253
v 4.705444 -1.000000 -2.340554
v 4.691856 -1.000000 -2.340553
v 4.678269 -1.000000 -2.340553
v 4.664682 -1.000000 -2.340554
v 4.651094 -1.000000 -2.340554
v 4.637507 -1.000000 -2.340554
v 4.623919 -1.000000 -2.340554
v 4.623919 -1.000000 -7.098147
v 4.637507 -1.000000 -7.098147
v 4.651094 -1.000000 -7.098147
v 4.664682 -1.000000 -7.098147
v 4.678269 -1.000000 -7.098146
v 4.691856 -1.000000 -7.098147
v 4.705443 -1.000000 -7.098147
v 2.662522 -0.976020 -2.901960
v 2.662522 -0.976019 -3.500780
v 2.662522 -0.976019 -4.099601
v 2.662522 -0.976019 -4.698421
v 2.662523 -0.976020 -5.297241
v 2.662522 -0.976019 -5.896061
v 2.662522 -0.976019 -6.494883
v 2.676110 -0.976019 -7.093703
v 2.689697 -0.976019 -7.093703
v 2.703285 -0.976020 -7.093703
v 2.716872 -0.976019 -7.093703
v 2.730460 -0.976020 -7.093703
v 2.744048 -0.976019 -7.093703
v 2.757635 -0.976019 -7.093703
v 2.757635 -0.976019 -2.303139
v 2.744048 -0.976019 -2.303139
v 2.730460 -0.976020 -2.303139
v 2.716872 -0.976019 -2.303139
v 2.703285 -0.976019 -2.303139
v 2.689697 -0.976019 -2.303139
v 2.676110 -0.976019 -2.303139
v 4.623919 -1.000000 -7.292252
v 4.637507 -1.000000 -7.292252
v 4.651094 -1.000000 -7.292251
v 4.664682 -1.000000 -7.292252
v 4.678269 -1.000000 -7.292251
v 4.691857 -1.000000 -7.292252
v 4.705444 -1.000000 -7.292252
v 2.676110 -0.976019 -7.287807
v 2.689697 -0.976019 -7.287807
v 2.703285 -0.976020 -7.287807
v 2.716872 -0.976019 -7.287807
v 2.730460 -0.976019 -7.287806
v 2.744047 -0.976020 -7.287807
v 2.757635 -0.976019 -7.287806
v 2.771222 -0.976020 -7.263544
v 2.771222 -0.976019 -7.239281
v 2.771222 -0.976019 -7.215017
v 2.771222 -0.976019 -7.190755
v 2.771222 -0.976020 -7.166492
v 2.771222 -0.976019 -7.142229
v 2.771222 -0.976019 -7.117966
v 2.671061 -0.947771 -7.120440
v 2.674978 -0.934818 -7.147020
v 2.677006 -0.928107 -7.173288
v 2.677619 -0.926078 -7.199088
v 2.677006 -0.928107 -7.224211
v 2.674978 -0.934818 -7.248239
v 2.671062 -0.947771 -7.270496
v 4.719031 -1.000000 -7.267989
v 4.719031 -1.000000 -7.243725
v 4.719031 -1.000000 -7.219462
v 4.719031 -1.000000 -7.195199
v 4.719031 -1.000000 -7.170936
v 4.719031 -1.000000 -7.146673
v 4.719031 -1.000000 -7.122410
v 4.610332 -1.000000 -7.122410
v 4.610332 -1.000000 -7.146673
v 4.610332 -1.000000 -7.170936
v 4.610332 -1.000000 -7.195199
v 4.610332 -1.000000 -7.219461
v 4.610332 -1.000000 -7.243725
v 4.610332 -1.000000 -7.267988
v 4.623919 -0.640502 -7.292252
v 4.637507 -0.640502 -7.292252
v 4.651094 -0.640502 -7.292251
v 4.664682 -0.640502 -7.292252
v 4.678269 -0.640502 -7.292251
v 4.691856 -0.640502 -7.292251
v 4.705444 -0.640502 -7.292251
v 2.676110 -0.616521 -7.287807
v 2.689697 -0.616521 -7.287807
v 2.703285 -0.616521 -7.287807
v 2.716872 -0.616521 -7.287807
v 2.730460 -0.616521 -7.287806
v 2.744047 -0.616521 -7.287807
v 2.757635 -0.616521 -7.287806
v 2.771222 -0.661459 -7.287807
v 2.771222 -0.706396 -7.287807
v 2.771222 -0.751333 -7.287807
v 2.771222 -0.796270 -7.287807
v 2.771222 -0.841208 -7.287807
v 2.771222 -0.886145 -7.287807
v 2.771222 -0.931082 -7.287807
v 2.662522 -0.931082 -7.287807
v 2.662522 -0.886145 -7.287807
v 2.662523 -0.841208 -7.287807
v 2.662522 -0.796270 -7.287807
v 2.662522 -0.751333 -7.287807
v 2.662522 -0.706396 -7.287807
v 2.662522 -0.661459 -7.287807
v 4.719031 -0.685439 -7.292252
v 4.719031 -0.730376 -7.292252
v 4.719031 -0.775314 -7.292251
v 4.719031 -0.820251 -7.292252
v 4.719031 -0.865188 -7.292251
v 4.719031 -0.910126 -7.292252
v 4.719031 -0.955063 -7.292252
v 4.610332 -0.955063 -7.292251
v 4.610332 -0.910126 -7.292251
v 4.610332 -0.865188 -7.292251
v 4.610332 -0.820251 -7.292252
v 4.610332 -0.775314 -7.292251
v 4.610332 -0.730376 -7.292252
v 4.610332 -0.685439 -7.292251
v 4.719031 -0.640423 -6.503448
v 4.719031 -0.640423 -5.908749
v 4.719031 -0.640423 -5.314049
v 4.719031 -0.640423 -4.719350
v 4.719031 -0.640423 -4.124651
v 4.719031 -0.640423 -3.529952
v 4.719031 -0.640423 -2.935253
v 2.662522 -0.616443 -2.901960
v 2.662522 -0.616443 -3.500780
v 2.662522 -0.616443 -4.099601
v 2.662522 -0.616443 -4.698421
v 2.662522 -0.616443 -5.297241
v 2.662522 -0.616443 -5.896062
v 2.662522 -0.616443 -6.494882
v 2.662522 -0.616443 -7.132966
v 2.662522 -0.616443 -7.172228
v 2.662522 -0.616443 -7.211491
v 2.662522 -0.616443 -7.250755
v 2.662522 -0.616443 -7.290017
v 2.662522 -0.616443 -7.329280
v 2.662522 -0.616443 -7.368543
v 4.719031 -0.640423 -7.372988
v 4.719031 -0.640423 -7.333725
v 4.719031 -0.640423 -7.294462
v 4.719031 -0.640423 -7.255199
v 4.719031 -0.640423 -7.215935
v 4.719031 -0.640423 -7.176673
v 4.719031 -0.640423 -7.137410
v 4.719031 -0.685371 -2.340554
v 4.719031 -0.730318 -2.340553
v 4.719031 -0.775265 -2.340553
v 4.719031 -0.820212 -2.340554
v 4.719031 -0.865159 -2.340553
v 4.719031 -0.910106 -2.340554
v 4.719031 -0.955053 -2.340554
v 4.719031 -0.955053 -7.098146
v 4.719031 -0.910106 -7.098147
v 4.719031 -0.865159 -7.098146
v 4.719031 -0.820212 -7.098147
v 4.719031 -0.775265 -7.098147
v 4.719031 -0.730318 -7.098147
v 4.719031 -0.685371 -7.098146
v 2.662522 -0.661390 -7.392807
v 2.662522 -0.706337 -7.377807
v 2.662522 -0.751284 -7.362806
v 2.662522 -0.796231 -7.347807
v 2.662523 -0.841178 -7.332807
v 2.662522 -0.886125 -7.317807
v 2.662522 -0.931072 -7.302807
v 2.662522 -0.931072 -7.093703
v 2.662522 -0.886125 -7.093703
v 2.662523 -0.841178 -7.093703
v 2.662522 -0.796231 -7.093703
v 2.662522 -0.751284 -7.093702
v 2.662522 -0.706337 -7.093702
v 2.662522 -0.661390 -7.093702
v 2.662522 -0.931072 -2.303139
v 2.662522 -0.886125 -2.303139
v 2.662522 -0.841178 -2.303139
v 2.662522 -0.796231 -2.303139
v 2.662522 -0.751284 -2.303139
v 2.662522 -0.706337 -2.303139
v 2.662522 -0.661390 -2.303139
v 4.719031 -0.955053 -7.307251
v 4.719031 -0.910106 -7.322251
v 4.719031 -0.865159 -7.337252
v 4.719031 -0.820212 -7.352252
v 4.719031 -0.775265 -7.367250
v 4.719031 -0.730318 -7.382251
v 4.719031 -0.685370 -7.397251
v 0.823943 -0.043452 -0.967746
v 1.070322 -0.042912 -0.968588
v 1.316701 -0.042373 -0.969430
v 1.563080 -0.041833 -0.970272
v 1.809460 -0.041293 -0.971114
v 2.055839 -0.040753 -0.971956
v 2.302218 -0.040214 -0.972798
v 0.758587 -0.134715 -0.948451
v 1.003709 -0.133988 -0.949585
v 1.248831 -0.133261 -0.950719
v 1.493953 -0.132533 -0.951854
v 1.739075 -0.131806 -0.952988
v 1.984197 -0.131079 -0.954122
v 2.229319 -0.130352 -0.955257
v 0.694658 -0.224222 -0.920887
v 0.938384 -0.223287 -0.922346
v 1.182110 -0.222352 -0.923805
v 1.425837 -0.221417 -0.925264
v 1.669563 -0.220482 -0.926723
v 1.913289 -0.219546 -0.928182
v 2.157016 -0.218611 -0.929640
v 0.632306 -0.311156 -0.885403
v 0.874549 -0.310000 -0.887207
v 1.116792 -0.308844 -0.889011
v 1.359035 -0.307688 -0.890815
v 1.601277 -0.306532 -0.892619
v 1.843520 -0.305375 -0.894423
v 2.085763 -0.304219 -0.896226
v 0.571683 -0.394701 -0.842347
v 0.812405 -0.393318 -0.844504
v 1.053126 -0.391935 -0.846662
v 1.293848 -0.390552 -0.848819
v 1.534570 -0.389169 -0.850977
v 1.775291 -0.387786 -0.853135
v 2.016013 -0.386403 -0.855292
v 0.512938 -0.474038 -0.792066
v 0.752152 -0.472431 -0.794574
v 0.991366 -0.470823 -0.797082
v 1.230579 -0.469215 -0.799590
v 1.469793 -0.467608 -0.802099
v 1.709007 -0.466000 -0.804607
v 1.948220 -0.464392 -0.807115
v 0.456223 -0.548352 -0.734908
v 0.693992 -0.546529 -0.737752
v 0.931761 -0.544706 -0.740596
v 1.169531 -0.542883 -0.743441
v 1.407299 -0.541060 -0.746285
v 1.645069 -0.539237 -0.749129
v 1.882838 -0.537414 -0.751973
v 0.349540 -0.678812 -0.601073
v 0.584817 -0.676616 -0.604490
v 0.820094 -0.674420 -0.607907
v 1.055370 -0.672225 -0.611323
v 1.290647 -0.670029 -0.614740
v 1.525923 -0.667833 -0.618157
v 1.761200 -0.665637 -0.621574
v 0.300210 -0.734376 -0.523412
v 0.534567 -0.732035 -0.526993
v 0.768925 -0.729693 -0.530573
v 1.003282 -0.727352 -0.534154
v 1.237640 -0.725010 -0.537735
v 1.471998 -0.722669 -0.541316
v 1.706355 -0.720327 -0.544897
v 0.254184 -0.783750 -0.436904
v 0.487943 -0.781296 -0.440489
v 0.721703 -0.778842 -0.444074
v 0.955462 -0.776388 -0.447659
v 1.189221 -0.773933 -0.451245
v 1.422981 -0.771479 -0.454830
v 1.656740 -0.769024 -0.458415
v 0.211949 -0.827169 -0.340217
v 0.445509 -0.824639 -0.343586
v 0.679070 -0.822109 -0.346955
v 0.912630 -0.819579 -0.350324
v 1.146191 -0.817049 -0.353693
v 1.379751 -0.814519 -0.357062
v 1.613312 -0.811989 -0.360432
v 0.173991 -0.864867 -0.232018
v 0.407831 -0.862302 -0.234890
v 0.641670 -0.859738 -0.237762
v 0.875509 -0.857173 -0.240634
v 1.109348 -0.854608 -0.243505
v 1.343188 -0.852044 -0.246377
v 1.577027 -0.849479 -0.249249
v 0.140799 -0.897078 -0.110974
v 0.375472 -0.894524 -0.113007
v 0.610146 -0.891970 -0.115040
v 0.844820 -0.889416 -0.117073
v 1.079494 -0.886863 -0.119105
v 1.314168 -0.884309 -0.121138
v 1.548842 -0.881755 -0.123171
v 0.112857 -0.924036 0.024246
v 0.349000 -0.921543 0.023455
v 0.585143 -0.919050 0.022664
v 0.821285 -0.916556 0.021873
v 1.057428 -0.914063 0.021083
v 1.293571 -0.911570 0.020292
v 1.529713 -0.909077 0.019501
v 1.452163 0.981248 -0.218370
v 1.702163 0.981248 -0.218370
v 1.952163 0.981248 -0.218370
v 2.202163 0.981248 -0.218370
v 2.452163 0.981248 -0.218371
v 2.702163 0.981248 -0.218371
v 2.952163 0.981248 -0.218371
v 1.450855 0.967827 -0.305687
v 1.700855 0.967828 -0.305687
v 1.950855 0.967828 -0.305687
v 2.200855 0.967828 -0.305687
v 2.450856 0.967828 -0.305687
v 2.700855 0.967828 -0.305687
v 2.950855 0.967827 -0.305687
v 1.447307 0.945784 -0.391167
v 1.697307 0.945784 -0.391167
v 1.947306 0.945784 -0.391167
v 2.197307 0.945784 -0.391167
v 2.447307 0.945784 -0.391167
v 2.697307 0.945784 -0.391167
v 2.947306 0.945784 -0.391167
v 1.440396 0.915382 -0.473891
v 1.690396 0.915382 -0.473891
v 1.940396 0.915382 -0.473891
v 2.190396 0.915382 -0.473891
v 2.440396 0.915382 -0.473891
v 2.690396 0.915382 -0.473891
v 2.940396 0.915382 -0.473891
v 1.429002 0.876887 -0.552940
v 1.679003 0.876887 -0.552940
v 1.929003 0.876887 -0.552940
v 2.179003 0.876887 -0.552940
v 2.429002 0.876887 -0.552940
v 2.679003 0.876887 -0.552940
v 2.929002 0.876887 -0.552940
v 1.412006 0.830563 -0.627397
v 1.662006 0.830563 -0.627397
v 1.912006 0.830563 -0.627397
v 2.162006 0.830563 -0.627397
v 2.412006 0.830563 -0.627397
v 2.662006 0.830563 -0.627397
v 2.912006 0.830563 -0.627397
v 1.388285 0.776676 -0.696342
v 1.638285 0.776676 -0.696342
v 1.888285 0.776676 -0.696342
v 2.138285 0.776676 -0.696342
v 2.388285 0.776676 -0.696342
v 2.638285 0.776676 -0.696342
v 2.888285 0.776676 -0.696342
v 1.316586 0.647375 -0.814143
v 1.566581 0.647376 -0.814145
v 1.816576 0.647376 -0.814146
v 2.066571 0.647377 -0.814147
v 2.316566 0.647378 -0.814148
v 2.566561 0.647379 -0.814149
v 2.816556 0.647379 -0.814150
v 1.268748 0.573120 -0.861879
v 1.518708 0.573126 -0.861888
v 1.768668 0.573132 -0.861898
v 2.018628 0.573138 -0.861907
v 2.268589 0.573144 -0.861916
v 2.518549 0.573150 -0.861925
v 2.768509 0.573156 -0.861935
v 1.214468 0.493621 -0.901862
v 1.464333 0.493641 -0.901893
v 1.714199 0.493661 -0.901925
v 1.964064 0.493681 -0.901956
v 2.213930 0.493701 -0.901987
v 2.463795 0.493721 -0.902019
v 2.713660 0.493741 -0.902050
v 1.155006 0.409770 -0.933891
v 1.404687 0.409818 -0.933965
v 1.654368 0.409865 -0.934039
v 1.904049 0.409913 -0.934114
v 2.153730 0.409961 -0.934188
v 2.403411 0.410008 -0.934262
v 2.653092 0.410056 -0.934336
v 1.091625 0.322464 -0.957764
v 1.341002 0.322557 -0.957909
v 1.590378 0.322649 -0.958054
v 1.839756 0.322742 -0.958198
v 2.089132 0.322835 -0.958343
v 2.338510 0.322928 -0.958488
v 2.587886 0.323021 -0.958633
v 1.025585 0.232595 -0.973278
v 1.274508 0.232755 -0.973529
v 1.523431 0.232916 -0.973779
v 1.772355 0.233076 -0.974030
v 2.021278 0.233237 -0.974280
v 2.270201 0.233397 -0.974530
v 2.519125 0.233558 -0.974781
v 0.958148 0.141059 -0.980233
v 1.206438 0.141314 -0.980631
v 1.454728 0.141568 -0.981028
v 1.703018 0.141823 -0.981426
v 1.951308 0.142078 -0.981824
v 2.199599 0.142333 -0.982221
v 2.447888 0.142588 -0.982619
v 3.580757 -0.043452 0.707476
v 3.334377 -0.042912 0.708318
v 3.087998 -0.042373 0.709160
v 2.841619 -0.041833 0.710002
v 2.595240 -0.041293 0.710844
v 2.348861 -0.040753 0.711686
v 2.102481 -0.040214 0.712528
v 3.646112 -0.134715 0.688180
v 3.400990 -0.133988 0.689314
v 3.155869 -0.133260 0.690449
v 2.910747 -0.132533 0.691583
v 2.665625 -0.131806 0.692718
v 2.420503 -0.131079 0.693852
v 2.175381 -0.130352 0.694986
v 3.710042 -0.224222 0.660616
v 3.466315 -0.223287 0.662075
v 3.222589 -0.222352 0.663534
v 2.978862 -0.221417 0.664993
v 2.735136 -0.220481 0.666452
v 2.491410 -0.219546 0.667911
v 2.247684 -0.218611 0.669370
v 3.772393 -0.311156 0.625133
v 3.530150 -0.310000 0.626936
v 3.287908 -0.308844 0.628740
v 3.045665 -0.307688 0.630544
v 2.803422 -0.306531 0.632348
v 2.561179 -0.305375 0.634152
v 2.318937 -0.304219 0.635956
v 3.833016 -0.394701 0.582076
v 3.592295 -0.393318 0.584234
v 3.351573 -0.391935 0.586391
v 3.110851 -0.390552 0.588549
v 2.870130 -0.389169 0.590707
v 2.629408 -0.387786 0.592864
v 2.388686 -0.386403 0.595022
v 3.891761 -0.474038 0.531795
v 3.652547 -0.472431 0.534303
v 3.413334 -0.470823 0.536812
v 3.174120 -0.469215 0.539320
v 2.934906 -0.467608 0.541828
v 2.695693 -0.466000 0.544337
v 2.456479 -0.464392 0.546845
v 3.948476 -0.548352 0.474637
v 3.710707 -0.546529 0.477482
v 3.472938 -0.544706 0.480326
v 3.235169 -0.542883 0.483170
v 2.997400 -0.541060 0.486014
v 2.759631 -0.539237 0.488858
v 2.521862 -0.537414 0.491703
v 4.055174 -0.678811 0.340715
v 3.819912 -0.676614 0.344142
v 3.584651 -0.674417 0.347569
v 3.349389 -0.672221 0.350997
v 3.114127 -0.670024 0.354424
v 2.878865 -0.667827 0.357851
v 2.643604 -0.665631 0.361279
v 4.104609 -0.734368 0.262438
v 3.870371 -0.732019 0.266104
v 3.636132 -0.729670 0.269769
v 3.401894 -0.727320 0.273434
v 3.167656 -0.724971 0.277100
v 2.933418 -0.722622 0.280765
v 2.699179 -0.720273 0.284430
v 4.150918 -0.783724 0.174261
v 3.917562 -0.781243 0.178131
v 3.684205 -0.778763 0.182002
v 3.450848 -0.776282 0.185872
v 3.217491 -0.773801 0.189742
v 2.984134 -0.771321 0.193612
v 2.750778 -0.768840 0.197483
v 4.193705 -0.827107 0.074323
v 3.961099 -0.824514 0.078368
v 3.728493 -0.821922 0.082413
v 3.495886 -0.819329 0.086458
v 3.263281 -0.816737 0.090503
v 3.030675 -0.814144 0.094548
v 2.798069 -0.811551 0.098592
v 4.232572 -0.864745 -0.039235
v 4.000597 -0.862058 -0.035043
v 3.768622 -0.859372 -0.030852
v 3.536647 -0.856685 -0.026660
v 3.304672 -0.853998 -0.022468
v 3.072697 -0.851312 -0.018277
v 2.840721 -0.848625 -0.014085
v 4.267122 -0.896867 -0.168273
v 4.035670 -0.894102 -0.163960
v 3.804217 -0.891338 -0.159647
v 3.572765 -0.888573 -0.155333
v 3.341312 -0.885809 -0.151020
v 3.109859 -0.883044 -0.146707
v 2.878407 -0.880280 -0.142394
v 4.296958 -0.923701 -0.314651
v 4.065930 -0.920874 -0.310239
v 3.834903 -0.918046 -0.305827
v 3.603876 -0.915218 -0.301415
v 3.372848 -0.912390 -0.297003
v 3.141821 -0.909562 -0.292591
v 2.910794 -0.906734 -0.288179
v 2.952536 0.981248 -0.041900
v 2.702537 0.981248 -0.041900
v 2.452536 0.981248 -0.041900
v 2.202536 0.981248 -0.041900
v 1.952536 0.981248 -0.041900
v 1.702536 0.981248 -0.041900
v 1.452536 0.981248 -0.041900
v 2.953844 0.967827 0.045417
v 2.703844 0.967828 0.045417
v 2.453844 0.967828 0.045417
v 2.203844 0.967828 0.045417
v 1.953844 0.967828 0.045417
v 1.703844 0.967828 0.045417
v 1.453844 0.967827 0.045417
v 2.957393 0.945784 0.130896
v 2.707393 0.945784 0.130896
v 2.457393 0.945784 0.130896
v 2.207392 0.945784 0.130896
v 1.957392 0.945784 0.130896
v 1.707393 0.945784 0.130896
v 1.457393 0.945784 0.130896
v 2.964303 0.915382 0.213620
v 2.714303 0.915382 0.213620
v 2.464303 0.915382 0.213620
v 2.214303 0.915382 0.213620
v 1.964303 0.915382 0.213620
v 1.714303 0.915382 0.213620
v 1.464303 0.915382 0.213620
v 2.975697 0.876887 0.292670
v 2.725697 0.876887 0.292670
v 2.475697 0.876887 0.292670
v 2.225697 0.876887 0.292670
v 1.975697 0.876887 0.292670
v 1.725697 0.876887 0.292670
v 1.475697 0.876887 0.292670
v 2.992694 0.830563 0.367126
v 2.742694 0.830563 0.367126
v 2.492693 0.830563 0.367126
v 2.242694 0.830563 0.367126
v 1.992694 0.830563 0.367126
v 1.742694 0.830563 0.367126
v 1.492694 0.830563 0.367126
v 3.016414 0.776676 0.436071
v 2.766414 0.776676 0.436072
v 2.516414 0.776676 0.436072
v 2.266415 0.776676 0.436072
v 2.016414 0.776676 0.436072
v 1.766414 0.776676 0.436071
v 1.516414 0.776676 0.436071
v 3.088113 0.647375 0.553873
v 2.838119 0.647376 0.553874
v 2.588123 0.647377 0.553875
v 2.338129 0.647377 0.553876
v 2.088133 0.647378 0.553878
v 1.838138 0.647379 0.553879
v 1.588143 0.647379 0.553880
v 3.135952 0.573120 0.601608
v 2.885991 0.573126 0.601618
v 2.636031 0.573132 0.601627
v 2.386071 0.573138 0.601636
v 2.136111 0.573144 0.601646
v 1.886150 0.573150 0.601655
v 1.636190 0.573156 0.601664
v 3.190232 0.493621 0.641592
v 2.940367 0.493641 0.641623
v 2.690501 0.493661 0.641654
v 2.440635 0.493681 0.641686
v 2.190770 0.493701 0.641717
v 1.940904 0.493721 0.641748
v 1.691039 0.493741 0.641779
v 3.249693 0.409770 0.673621
v 3.000012 0.409818 0.673695
v 2.750331 0.409865 0.673769
v 2.500650 0.409913 0.673843
v 2.250969 0.409961 0.673917
v 2.001288 0.410008 0.673992
v 1.751607 0.410056 0.674066
v 3.313074 0.322464 0.697493
v 3.063697 0.322557 0.697638
v 2.814321 0.322649 0.697783
v 2.564944 0.322742 0.697928
v 2.315567 0.322835 0.698073
v 2.066190 0.322928 0.698218
v 1.816813 0.323021 0.698363
v 3.379114 0.232595 0.713008
v 3.130192 0.232755 0.713258
v 2.881268 0.232916 0.713509
v 2.632345 0.233076 0.713759
v 2.383422 0.233237 0.714010
v 2.134498 0.233397 0.714260
v 1.885575 0.233558 0.714511
v 3.446551 0.141059 0.719962
v 3.198261 0.141314 0.720360
v 2.949971 0.141568 0.720758
v 2.701681 0.141823 0.721155
v 2.453391 0.142078 0.721553
v 2.205101 0.142333 0.721951
v 1.956811 0.142588 0.722348
v 4.341078 -0.962484 -0.666117
v 4.110653 -0.959567 -0.661565
v 3.880229 -0.956649 -0.657012
v 3.649805 -0.953731 -0.652460
v 3.419381 -0.950813 -0.647908
v 3.188956 -0.947896 -0.643356
v 2.958532 -0.944978 -0.638804
v 4.355654 -0.975265 -0.870432
v 4.125427 -0.972318 -0.865834
v 3.895201 -0.969371 -0.861236
v 3.664975 -0.966423 -0.856637
v 3.434750 -0.963476 -0.852039
v 3.204524 -0.960529 -0.847441
v 2.974298 -0.957581 -0.842842
v 4.366097 -0.984423 -1.090542
v 4.136014 -0.981455 -1.085911
v 3.905930 -0.978486 -1.081280
v 3.675846 -0.975518 -1.076648
v 3.445762 -0.972549 -1.072017
v 3.215678 -0.969581 -1.067386
v 2.985594 -0.966612 -1.062754
v 4.373098 -0.990562 -1.323815
v 4.143109 -0.987579 -1.319161
v 3.913121 -0.984596 -1.314508
v 3.683132 -0.981614 -1.309854
v 3.453144 -0.978631 -1.305201
v 3.223155 -0.975648 -1.300547
v 2.993166 -0.972666 -1.295894
v 4.377345 -0.994285 -1.567617
v 4.147414 -0.991294 -1.562950
v 3.917483 -0.988303 -1.558283
v 3.687552 -0.985312 -1.553616
v 3.457621 -0.982320 -1.548949
v 3.227690 -0.979329 -1.544282
v 2.997759 -0.976338 -1.539615
v 4.379525 -0.996197 -1.819316
v 4.149624 -0.993202 -1.814642
v 3.919723 -0.990206 -1.809968
v 3.689822 -0.987210 -1.805294
v 3.459920 -0.984215 -1.800621
v 3.230019 -0.981219 -1.795947
v 3.000118 -0.978223 -1.791273
v 4.380328 -0.996902 -2.076280
v 4.150438 -0.993905 -2.071604
v 3.920548 -0.990907 -2.066927
v 3.690658 -0.987910 -2.062251
v 3.460767 -0.984912 -2.057574
v 3.230877 -0.981915 -2.052898
v 3.000987 -0.978918 -2.048222
v 0.074464 -0.963194 0.341976
v 0.315731 -0.960985 0.345099
v 0.556997 -0.958777 0.348222
v 0.798264 -0.956569 0.351344
v 1.039531 -0.954360 0.354467
v 1.280797 -0.952152 0.357590
v 1.522064 -0.949943 0.360713
v 0.063721 -0.976225 0.523713
v 0.308623 -0.974238 0.529503
v 0.553524 -0.972251 0.535293
v 0.798425 -0.970264 0.541082
v 1.043326 -0.968277 0.546872
v 1.288227 -0.966290 0.552662
v 1.533128 -0.964302 0.558452
v 0.057647 -0.985669 0.718081
v 0.306776 -0.983947 0.726931
v 0.555905 -0.982224 0.735782
v 0.805034 -0.980502 0.744632
v 1.054163 -0.978779 0.753482
v 1.303292 -0.977057 0.762332
v 1.552420 -0.975335 0.771182
v 0.055463 -0.992123 0.922976
v 0.309314 -0.990702 0.935214
v 0.563165 -0.989280 0.947452
v 0.817016 -0.987859 0.959690
v 1.070867 -0.986437 0.971928
v 1.324718 -0.985016 0.984166
v 1.578568 -0.983594 0.996404
v 0.056392 -0.996185 1.136293
v 0.315360 -0.995094 1.152181
v 0.574328 -0.994002 1.168069
v 0.833297 -0.992911 1.183956
v 1.092265 -0.991819 1.199844
v 1.351233 -0.990728 1.215732
v 1.610201 -0.989636 1.231620
v 0.059655 -0.998453 1.355925
v 0.324037 -0.997714 1.375659
v 0.588419 -0.996974 1.395394
v 0.852801 -0.996234 1.415128
v 1.117183 -0.995494 1.434862
v 1.381565 -0.994755 1.454597
v 1.645947 -0.994015 1.474331
v 0.064474 -0.999526 1.579768
v 0.334468 -0.999152 1.603480
v 0.604461 -0.998779 1.627192
v 0.874455 -0.998405 1.650904
v 1.144449 -0.998032 1.674615
v 1.414443 -0.997658 1.698327
v 1.684436 -0.997285 1.722039
v -0.431384 -1.000000 2.720592
v -0.431384 -1.000000 3.663222
v -0.431384 -1.000000 4.605851
v -0.431384 -1.000000 5.548481
v -0.431384 -1.000000 6.491111
v -0.431384 -1.000000 7.433741
v -0.431384 -1.000000 8.376371
v -0.657135 -1.000000 2.720592
v -0.657135 -1.000000 3.663222
v -0.657135 -1.000000 4.605852
v -0.657135 -1.000000 5.548482
v -0.657135 -1.000000 6.491112
v -0.657135 -1.000000 7.433741
v -0.657135 -1.000000 8.376371
v -0.882886 -1.000000 2.720592
v -0.882886 -1.000000 3.663222
v -0.882886 -1.000000 4.605851
v -0.882886 -1.000000 5.548481
v -0.882886 -1.000000 6.491111
v -0.882886 -1.000000 7.433742
v -0.882886 -1.000000 8.376371
v -1.108638 -1.000000 2.720592
v -1.108638 -1.000000 3.663222
v -1.108637 -1.000000 4.605852
v -1.108638 -1.000000 5.548481
v -1.108638 -1.000000 6.491111
v -1.108638 -1.000000 7.433742
v -1.108638 -1.000000 8.376371
v -1.334389 -1.000000 2.720592
v -1.334389 -1.000000 3.663222
v -1.334389 -1.000000 4.605851
v -1.334389 -1.000000 5.548481
v -1.334389 -1.000000 6.491111
v -1.334389 -1.000000 7.433741
v -1.334389 -1.000000 8.376371
v -1.560140 -1.000000 2.720592
v -1.560140 -1.000000 3.663221
v -1.560140 -1.000000 4.605852
v -1.560140 -1.000000 5.548481
v -1.560140 -1.000000 6.491112
v -1.560140 -1.000000 7.433741
v -1.560140 -1.000000 8.376371
v -1.785891 -1.000000 2.720592
v -1.785891 -1.000000 3.663222
v -1.785891 -1.000000 4.605851
v -1.785891 -1.000000 5.548481
v -1.785891 -1.000000 6.491112
v -1.785891 -1.000000 7.433742
v -1.785891 -1.000000 8.376371
v 2.250000 -1.000000 8.125001
v 2.250000 -1.000000 7.250001
v 2.250000 -1.000000 6.375000
v 2.250000 -1.000000 5.500000
v 2.250000 -1.000000 4.625000
v 2.250000 -1.000000 3.750000
v 2.250000 -1.000000 2.875000
v 2.500000 -1.000000 8.125001
v 2.500000 -1.000000 7.250001
v 2.500000 -1.000000 6.375001
v 2.500000 -1.000000 5.500000
v 2.500000 -1.000000 4.625000
v 2.500000 -1.000000 3.750000
v 2.500000 -1.000000 2.875000
v 2.750000 -1.000000 8.125001
v 2.750000 -1.000000 7.250001
v 2.750000 -1.000000 6.375000
v 2.750000 -1.000000 5.500000
v 2.750000 -1.000000 4.625000
v 2.750000 -1.000000 3.750000
v 2.750000 -1.000000 2.875000
v 3.000000 -1.000000 8.125001
v 3.000000 -1.000000 7.250001
v 3.000000 -1.000000 6.375001
v 3.000000 -1.000000 5.500000
v 3.000000 -1.000000 4.625000
v 3.000000 -1.000000 3.750000
v 3.000000 -1.000000 2.875000
v 3.250000 -1.000000 8.125001
v 3.250000 -1.000000 7.250001
v 3.250000 -1.000000 6.375000
v 3.250000 -1.000000 5.500000
v 3.250000 -1.000000 4.625000
v 3.250000 -1.000000 3.750000
v 3.250000 -1.000000 2.875000
v 3.500000 -1.000000 8.125001
v 3.500000 -1.000000 7.250001
v 3.500000 -1.000000 6.375001
v 3.500000 -1.000000 5.500000
v 3.500000 -1.000000 4.625000
v 3.500000 -1.000000 3.750000
v 3.500000 -1.000000 2.875000
v 3.750000 -1.000000 8.125001
v 3.750000 -1.000000 7.250000
v 3.750000 -1.000000 6.375000
v 3.750000 -1.000000 5.500001
v 3.750000 -1.000000 4.625000
v 3.750000 -1.000000 3.750000
v 3.750000 -1.000000 2.875000
v 3.750000 -1.000000 1.975885
v 3.500000 -1.000000 1.975885
v 3.250000 -1.000000 1.975885
v 3.000000 -1.000000 1.975885
v 2.750000 -1.000000 1.975885
v 2.500000 -1.000000 1.975885
v 2.250000 -1.000000 1.975885
v 3.750000 -1.000000 1.951770
v 3.500000 -1.000000 1.951770
v 3.250000 -1.000000 1.951770
v 3.000000 -1.000000 1.951770
v 2.750000 -1.000000 1.951770
v 2.500000 -1.000000 1.951770
v 2.250000 -1.000000 1.951770
v 3.750000 -1.000000 1.927654
v 3.500000 -1.000000 1.927655
v 3.250000 -1.000000 1.927654
v 3.000000 -1.000000 1.927655
v 2.750000 -1.000000 1.927654
v 2.500000 -1.000000 1.927655
v 2.250000 -1.000000 1.927654
v 3.750000 -1.000000 1.903539
v 3.500000 -1.000000 1.903539
v 3.250000 -1.000000 1.903539
v 3.000000 -1.000000 1.903539
v 2.750000 -1.000000 1.903539
v 2.500000 -1.000000 1.903539
v 2.250000 -1.000000 1.903539
v 3.750000 -1.000000 1.879424
v 3.500000 -1.000000 1.879424
v 3.250000 -1.000000 1.879424
v 3.000000 -1.000000 1.879424
v 2.750000 -1.000000 1.879424
v 2.500000 -1.000000 1.879424
v 2.250000 -1.000000 1.879424
v 3.750000 -1.000000 1.855309
v 3.500000 -1.000000 1.855309
v 3.250000 -1.000000 1.855309
v 3.000000 -1.000000 1.855309
v 2.750000 -1.000000 1.855309
v 2.500000 -1.000000 1.855309
v 2.250000 -1.000000 1.855309
v 3.750000 -1.000000 1.831194
v 3.500000 -1.000000 1.831193
v 3.250000 -1.000000 1.831193
v 3.000000 -1.000000 1.831193
v 2.750000 -1.000000 1.831193
v 2.500000 -1.000000 1.831194
v 2.250000 -1.000000 1.831194
v 2.250000 -1.000000 9.042255
v 2.500000 -1.000000 9.042255
v 2.750000 -1.000000 9.042255
v 3.000000 -1.000000 9.042255
v 3.250000 -1.000000 9.042255
v 3.500000 -1.000000 9.042255
v 3.750000 -1.000000 9.042255
v 2.250000 -1.000000 9.084509
v 2.500000 -1.000000 9.084509
v 2.750000 -1.000000 9.084509
v 3.000000 -1.000000 9.084509
v 3.250000 -1.000000 9.084509
v 3.500000 -1.000000 9.084509
v 3.750001 -1.000000 9.084509
v 2.250000 -1.000000 9.126762
v 2.500000 -1.000000 9.126763
v 2.750000 -1.000000 9.126761
v 3.000000 -1.000000 9.126763
v 3.250000 -1.000000 9.126761
v 3.500000 -1.000000 9.126763
v 3.750000 -1.000000 9.126762
v 2.250000 -1.000000 9.169017
v 2.500000 -1.000000 9.169017
v 2.750000 -1.000000 9.169017
v 3.000000 -1.000000 9.169017
v 3.250000 -1.000000 9.169017
v 3.500000 -1.000000 9.169017
v 3.750001 -1.000000 9.169016
v 2.250000 -1.000000 9.211270
v 2.500000 -1.000000 9.211271
v 2.750000 -1.000000 9.211270
v 3.000000 -1.000000 9.211271
v 3.250000 -1.000000 9.211270
v 3.500000 -1.000000 9.211271
v 3.750000 -1.000000 9.211270
v 2.250000 -1.000000 9.253525
v 2.500000 -1.000000 9.253525
v 2.750000 -1.000000 9.253525
v 3.000000 -1.000000 9.253525
v 3.250000 -1.000000 9.253525
v 3.500000 -1.000000 9.253525
v 3.750000 -1.000000 9.253525
v 2.250000 -1.000000 9.295779
v 2.500000 -1.000000 9.295779
v 2.750000 -1.000000 9.295779
v 3.000000 -1.000000 9.295779
v 3.250000 -1.000000 9.295779
v 3.500000 -1.000000 9.295779
v 3.750000 -1.000000 9.295776
v 1.498187 -1.000000 9.042255
v 1.498187 -1.000000 9.084509
v 1.498187 -1.000000 9.126763
v 1.498187 -1.000000 9.169017
v 1.498187 -1.000000 9.211270
v 1.498187 -1.000000 9.253524
v 1.498187 -1.000000 9.295779
v 0.996374 -1.000000 9.042254
v 0.996374 -1.000000 9.084509
v 0.996374 -1.000000 9.126763
v 0.996374 -1.000000 9.169016
v 0.996374 -1.000000 9.211270
v 0.996374 -1.000000 9.253524
v 0.996374 -1.000000 9.295779
v 0.494561 -1.000000 9.042254
v 0.494561 -1.000000 9.084509
v 0.494561 -1.000000 9.126763
v 0.494561 -1.000000 9.169017
v 0.494561 -1.000000 9.211270
v 0.494561 -1.000000 9.253524
v 0.494561 -1.000000 9.295779
v -0.007252 -1.000000 9.042254
v -0.007252 -1.000000 9.084509
v -0.007252 -1.000000 9.126763
v -0.007252 -1.000000 9.169016
v -0.007252 -1.000000 9.211270
v -0.007252 -1.000000 9.253524
v -0.007252 -1.000000 9.295779
v -0.509065 -1.000000 9.042254
v -0.509065 -1.000000 9.084509
v -0.509065 -1.000000 9.126763
v -0.509065 -1.000000 9.169017
v -0.509065 -1.000000 9.211270
v -0.509065 -1.000000 9.253524
v -0.509065 -1.000000 9.295779
v -1.010878 -1.000000 9.042255
v -1.010878 -1.000000 9.084509
v -1.010878 -1.000000 9.126763
v -1.010878 -1.000000 9.169016
v -1.010878 -1.000000 9.211270
v -1.010878 -1.000000 9.253524
v -1.010878 -1.000000 9.295779
v -1.512691 -1.000000 9.042255
v -1.512691 -1.000000 9.084509
v -1.512691 -1.000000 9.126763
v -1.512691 -1.000000 9.169016
v -1.512691 -1.000000 9.211271
v -1.512691 -1.000000 9.253524
v -1.512691 -1.000000 9.295777
v -1.512853 -0.953564 9.338033
v -1.012176 -0.953564 9.338033
v -0.513445 -0.953564 9.338033
v -0.017635 -0.953564 9.338033
v 0.473674 -0.953564 9.338032
v 0.956468 -0.953564 9.338032
v 1.422411 -0.953564 9.338033
v -1.513005 -0.907128 9.338033
v -1.013392 -0.907128 9.338033
v -0.517549 -0.907128 9.338033
v -0.027362 -0.907128 9.338033
v 0.454355 -0.907128 9.338033
v 0.921071 -0.907128 9.338033
v 1.363578 -0.907128 9.338033
v -1.513137 -0.860692 9.338033
v -1.014444 -0.860692 9.338034
v -0.521099 -0.860692 9.338032
v -0.035778 -0.860692 9.338034
v 0.438061 -0.860692 9.338032
v 0.893816 -0.860692 9.338034
v 1.323879 -0.860692 9.338032
v -1.513237 -0.814256 9.338033
v -1.015250 -0.814256 9.338033
v -0.523820 -0.814256 9.338033
v -0.042226 -0.814256 9.338033
v 0.425815 -0.814256 9.338033
v 0.874839 -0.814256 9.338033
v 1.298945 -0.814256 9.338033
v -1.513301 -0.767820 9.338033
v -1.015755 -0.767820 9.338032
v -0.525526 -0.767820 9.338033
v -0.046270 -0.767820 9.338034
v 0.418170 -0.767820 9.338032
v 0.863213 -0.767820 9.338034
v 1.284096 -0.767820 9.338032
v -1.513333 -0.721384 9.338033
v -1.016015 -0.721384 9.338033
v -0.526402 -0.721384 9.338032
v -0.048346 -0.721384 9.338033
v 0.414244 -0.721384 9.338034
v 0.857243 -0.721384 9.338033
v 1.276471 -0.721384 9.338032
v -1.513345 -0.674948 9.338033
v -1.016110 -0.674948 9.338033
v -0.526724 -0.674948 9.338033
v -0.049112 -0.674948 9.338032
v 0.412797 -0.674948 9.338033
v 0.855043 -0.674948 9.338033
v 1.273662 -0.674948 9.338033
v 2.174224 -0.953564 9.338033
v 2.460094 -0.953564 9.338033
v 2.729113 -0.953564 9.338033
v 2.989617 -0.953564 9.338033
v 3.245620 -0.953564 9.338032
v 3.498703 -0.953564 9.338033
v 3.749838 -0.953564 9.338033
v 2.115391 -0.907128 9.338032
v 2.424696 -0.907128 9.338032
v 2.709794 -0.907128 9.338032
v 2.979890 -0.907128 9.338033
v 3.241516 -0.907128 9.338033
v 3.497487 -0.907128 9.338033
v 3.749686 -0.907128 9.338032
v 2.075692 -0.860692 9.338032
v 2.397441 -0.860692 9.338033
v 2.693501 -0.860692 9.338032
v 2.971474 -0.860692 9.338034
v 3.237966 -0.860692 9.338032
v 3.496434 -0.860692 9.338034
v 3.749554 -0.860692 9.338033
v 2.050757 -0.814256 9.338033
v 2.378465 -0.814256 9.338033
v 2.681254 -0.814256 9.338033
v 2.965026 -0.814256 9.338033
v 3.235246 -0.814256 9.338033
v 3.495629 -0.814256 9.338032
v 3.749454 -0.814256 9.338034
v 2.035909 -0.767820 9.338032
v 2.366839 -0.767820 9.338034
v 2.673609 -0.767820 9.338032
v 2.960982 -0.767820 9.338033
v 3.233540 -0.767820 9.338033
v 3.495123 -0.767820 9.338033
v 3.749390 -0.767820 9.338032
v 2.028284 -0.721384 9.338033
v 2.360869 -0.721384 9.338033
v 2.669683 -0.721384 9.338034
v 2.958906 -0.721384 9.338032
v 3.232664 -0.721384 9.338033
v 3.494864 -0.721384 9.338032
v 3.749358 -0.721384 9.338033
v 2.025475 -0.674948 9.338033
v 2.358670 -0.674948 9.338032
v 2.668236 -0.674948 9.338033
v 2.958141 -0.674948 9.338034
v 3.232341 -0.674948 9.338032
v 3.494768 -0.674948 9.338033
v 3.749346 -0.674948 9.338033
v 4.000000 -0.674948 8.396664
v 4.000000 -0.721384 8.396665
v 4.000000 -0.767820 8.396663
v 4.000000 -0.814256 8.396664
v 4.000000 -0.860692 8.396663
v 4.000000 -0.907128 8.396663
v 4.000000 -0.953564 8.396663
v 4.000000 -0.674948 7.455295
v 4.000000 -0.721384 7.455294
v 4.000000 -0.767820 7.455294
v 4.000000 -0.814256 7.455294
v 4.000000 -0.860692 7.455294
v 4.000000 -0.907128 7.455294
v 4.000000 -0.953564 7.455294
v 4.000000 -0.674948 6.513924
v 4.000000 -0.721384 6.513925
v 4.000000 -0.767820 6.513925
v 4.000000 -0.814256 6.513925
v 4.000000 -0.860692 6.513926
v 4.000000 -0.907128 6.513924
v 4.000000 -0.953564 6.513925
v 4.000000 -0.674948 5.572556
v 4.000000 -0.721384 5.572556
v 4.000000 -0.767820 5.572556
v 4.000000 -0.814256 5.572556
v 4.000000 -0.860692 5.572556
v 4.000000 -0.907128 5.572556
v 4.000000 -0.953564 5.572556
v 4.000000 -0.674948 4.631186
v 4.000000 -0.721384 4.631186
v 4.000000 -0.767820 4.631186
v 4.000000 -0.814256 4.631186
v 4.000000 -0.860692 4.631186
v 4.000000 -0.907128 4.631186
v 4.000000 -0.953564 4.631186
v 4.000000 -0.674948 3.689816
v 4.000000 -0.721384 3.689817
v 4.000000 -0.767820 3.689817
v 4.000000 -0.814256 3.689817
v 4.000000 -0.860692 3.689817
v 4.000000 -0.907128 3.689816
v 4.000000 -0.953564 3.689817
v 4.000000 -0.674948 2.748448
v 4.000000 -0.721384 2.748447
v 4.000000 -0.767820 2.748448
v 4.000000 -0.814256 2.748447
v 4.000000 -0.860692 2.748447
v 4.000000 -0.907128 2.748448
v 4.000000 -0.953564 2.748448
v -2.014504 -0.966689 8.393023
v -2.014504 -0.918377 8.393023
v -2.014504 -0.870067 8.393025
v -2.014504 -0.821756 8.393024
v -2.014504 -0.773445 8.393023
v -2.014504 -0.725134 8.393023
v -2.014504 -0.676823 8.393023
v -2.014504 -0.979813 7.448015
v -2.014504 -0.929627 7.448015
v -2.014504 -0.879441 7.448015
v -2.014504 -0.829255 7.448015
v -2.014504 -0.779069 7.448015
v -2.014504 -0.728883 7.448015
v -2.014504 -0.678698 7.448015
v -2.014504 -0.992938 6.503006
v -2.014504 -0.940877 6.503006
v -2.014504 -0.888816 6.503007
v -2.014504 -0.836755 6.503006
v -2.014504 -0.784694 6.503006
v -2.014504 -0.732633 6.503006
v -2.014504 -0.680572 6.503006
v -2.014504 -1.006062 5.557997
v -2.014504 -0.952126 5.557997
v -2.014504 -0.898190 5.557997
v -2.014504 -0.844255 5.557997
v -2.014504 -0.790319 5.557997
v -2.014504 -0.736383 5.557997
v -2.014504 -0.682447 5.557997
v -2.014504 -1.019187 4.612988
v -2.014504 -0.963376 4.612989
v -2.014504 -0.907565 4.612988
v -2.014504 -0.851755 4.612988
v -2.014504 -0.795944 4.612988
v -2.014504 -0.740133 4.612988
v -2.014504 -0.684322 4.612988
v -2.014504 -1.032311 3.667980
v -2.014504 -0.974625 3.667979
v -2.014504 -0.916940 3.667980
v -2.014504 -0.859254 3.667979
v -2.014504 -0.801569 3.667980
v -2.014504 -0.743883 3.667979
v -2.014504 -0.686197 3.667979
v -2.014504 -1.045436 2.722971
v -2.014504 -0.985875 2.722971
v -2.014504 -0.926314 2.722970
v -2.014504 -0.866754 2.722971
v -2.014504 -0.807193 2.722971
v -2.014504 -0.747633 2.722971
v -2.014504 -0.688072 2.722970
v 1.724290 -1.000000 2.850715
v 1.724285 -1.000000 3.729184
v 1.724279 -1.000000 4.607653
v 1.724274 -1.000000 5.486124
v 1.724268 -1.000000 6.364593
v 1.724262 -1.000000 7.243062
v 1.724257 -1.000000 8.121531
v 1.448581 -1.000000 2.826429
v 1.448570 -1.000000 3.708368
v 1.448558 -1.000000 4.590307
v 1.448547 -1.000000 5.472245
v 1.448536 -1.000000 6.354184
v 1.448525 -1.000000 7.236123
v 1.448514 -1.000000 8.118062
v 1.172871 -1.000000 2.802144
v 1.172854 -1.000000 3.687552
v 1.172837 -1.000000 4.572960
v 1.172821 -1.000000 5.458368
v 1.172804 -1.000000 6.343777
v 1.172787 -1.000000 7.229184
v 1.172770 -1.000000 8.114592
v 0.897161 -1.000000 2.777858
v 0.897139 -1.000000 3.666736
v 0.897117 -1.000000 4.555614
v 0.897094 -1.000000 5.444491
v 0.897072 -1.000000 6.333369
v 0.897050 -1.000000 7.222246
v 0.897027 -1.000000 8.111123
v 0.621452 -1.000000 2.753572
v 0.621424 -1.000000 3.645920
v 0.621396 -1.000000 4.538266
v 0.621368 -1.000000 5.430613
v 0.621340 -1.000000 6.322960
v 0.621312 -1.000000 7.215307
v 0.621284 -1.000000 8.107654
v 0.345742 -1.000000 2.729287
v 0.345708 -1.000000 3.625103
v 0.345675 -1.000000 4.520919
v 0.345641 -1.000000 5.416735
v 0.345608 -1.000000 6.312552
v 0.345574 -1.000000 7.208368
v 0.345541 -1.000000 8.104185
v 0.070032 -1.000000 2.705001
v 0.069993 -1.000000 3.604287
v 0.069954 -1.000000 4.503573
v 0.069915 -1.000000 5.402858
v 0.069876 -1.000000 6.302144
v 0.069837 -1.000000 7.201430
v 0.069798 -1.000000 8.100715
v 4.380443 -0.997003 -2.931091
v 4.150554 -0.994005 -2.926929
v 3.920666 -0.991007 -2.922768
v 3.690777 -0.988010 -2.918606
v 3.460889 -0.985012 -2.914445
v 3.231000 -0.982015 -2.910283
v 3.001111 -0.979017 -2.906121
v 4.380443 -0.997003 -3.526306
v 4.150555 -0.994005 -3.522659
v 3.920666 -0.991007 -3.519013
v 3.690777 -0.988010 -3.515366
v 3.460888 -0.985012 -3.511720
v 3.231000 -0.982015 -3.508073
v 3.001111 -0.979017 -3.504427
v 4.380443 -0.997002 -4.121520
v 4.150555 -0.994005 -4.118389
v 3.920666 -0.991007 -4.115258
v 3.690777 -0.988010 -4.112126
v 3.460889 -0.985012 -4.108995
v 3.231000 -0.982015 -4.105864
v 3.001111 -0.979017 -4.102732
v 4.380443 -0.997003 -4.716734
v 4.150555 -0.994005 -4.714118
v 3.920666 -0.991007 -4.711502
v 3.690777 -0.988010 -4.708886
v 3.460888 -0.985012 -4.706270
v 3.231000 -0.982015 -4.703653
v 3.001111 -0.979017 -4.701037
v 4.380443 -0.997002 -5.311948
v 4.150555 -0.994005 -5.309847
v 3.920666 -0.991007 -5.307746
v 3.690777 -0.988010 -5.305645
v 3.460889 -0.985012 -5.303545
v 3.231000 -0.982015 -5.301444
v 3.001111 -0.979017 -5.299343
v 4.380443 -0.997003 -5.907163
v 4.150555 -0.994005 -5.905577
v 3.920666 -0.991007 -5.903992
v 3.690777 -0.988010 -5.902405
v 3.460888 -0.985012 -5.900820
v 3.231000 -0.982015 -5.899233
v 3.001111 -0.979017 -5.897647
v 4.380443 -0.997003 -6.502377
v 4.150555 -0.994005 -6.501307
v 3.920666 -0.991007 -6.500236
v 3.690777 -0.988010 -6.499166
v 3.460888 -0.985012 -6.498094
v 3.231000 -0.982015 -6.497023
v 3.001111 -0.979017 -6.495953
v 4.380443 -0.997003 -7.121855
v 4.150554 -0.994005 -7.121300
v 3.920666 -0.991007 -7.120743
v 3.690777 -0.988010 -7.120189
v 3.460889 -0.985012 -7.119631
v 3.231000 -0.982015 -7.119077
v 3.001111 -0.979017 -7.118521
v 4.380443 -0.997003 -7.146117
v 4.150555 -0.994005 -7.145562
v 3.920666 -0.991007 -7.145007
v 3.690777 -0.988010 -7.144451
v 3.460888 -0.985012 -7.143895
v 3.231000 -0.982015 -7.143340
v 3.001111 -0.979017 -7.142785
v 4.380443 -0.997002 -7.170381
v 4.150555 -0.994005 -7.169825
v 3.920666 -0.991007 -7.169270
v 3.690777 -0.988010 -7.168714
v 3.460889 -0.985012 -7.168158
v 3.231000 -0.982015 -7.167603
v 3.001111 -0.979017 -7.167047
v 4.380443 -0.997003 -7.194643
v 4.150554 -0.994005 -7.194088
v 3.920666 -0.991007 -7.193532
v 3.690777 -0.988010 -7.192976
v 3.460888 -0.985012 -7.192421
v 3.230999 -0.982015 -7.191866
v 3.001111 -0.979017 -7.191310
v 4.380444 -0.997003 -7.218906
v 4.150554 -0.994005 -7.218351
v 3.920666 -0.991007 -7.217795
v 3.690777 -0.988010 -7.217239
v 3.460888 -0.985012 -7.216684
v 3.231000 -0.982015 -7.216128
v 3.001111 -0.979017 -7.215573
v 4.380444 -0.997003 -7.243170
v 4.150555 -0.994005 -7.242614
v 3.920666 -0.991007 -7.242059
v 3.690777 -0.988010 -7.241503
v 3.460889 -0.985012 -7.240948
v 3.231000 -0.982015 -7.240392
v 3.001111 -0.979017 -7.239836
v 4.380443 -0.997002 -7.267433
v 4.150555 -0.994005 -7.266877
v 3.920666 -0.991007 -7.266322
v 3.690777 -0.988010 -7.265766
v 3.460888 -0.985012 -7.265210
v 3.231000 -0.982015 -7.264655
v 3.001111 -0.979017 -7.264099
v 4.380443 -0.952065 -7.291696
v 4.150554 -0.949068 -7.291140
v 3.920666 -0.946070 -7.290585
v 3.690777 -0.943073 -7.290029
v 3.460888 -0.940075 -7.289474
v 3.231000 -0.937077 -7.288918
v 3.001111 -0.934080 -7.288362
v 4.380443 -0.907128 -7.291696
v 4.150555 -0.904130 -7.291140
v 3.920666 -0.901133 -7.290585
v 3.690777 -0.898135 -7.290029
v 3.460888 -0.895138 -7.289474
v 3.231000 -0.892140 -7.288918
v 3.001111 -0.889142 -7.288362
v 4.380443 -0.862191 -7.291696
v 4.150555 -0.859193 -7.291140
v 3.920666 -0.856196 -7.290585
v 3.690777 -0.853198 -7.290029
v 3.460888 -0.850200 -7.289473
v 3.231000 -0.847203 -7.288918
v 3.001111 -0.844205 -7.288363
v 4.380444 -0.817253 -7.291696
v 4.150555 -0.814256 -7.291140
v 3.920666 -0.811258 -7.290585
v 3.690777 -0.808261 -7.290030
v 3.460888 -0.805263 -7.289474
v 3.231000 -0.802266 -7.288918
v 3.001111 -0.799268 -7.288363
v 4.380443 -0.772316 -7.291696
v 4.150554 -0.769319 -7.291140
v 3.920666 -0.766321 -7.290585
v 3.690777 -0.763323 -7.290029
v 3.460888 -0.760326 -7.289473
v 3.230999 -0.757328 -7.288918
v 3.001111 -0.754331 -7.288363
v 4.380443 -0.727379 -7.291696
v 4.150555 -0.724381 -7.291140
v 3.920666 -0.721384 -7.290585
v 3.690777 -0.718386 -7.290030
v 3.460888 -0.715389 -7.289474
v 3.231000 -0.712391 -7.288918
v 3.001111 -0.709393 -7.288362
v 4.380444 -0.682442 -7.291696
v 4.150554 -0.679444 -7.291140
v 3.920666 -0.676446 -7.290585
v 3.690777 -0.673449 -7.290029
v 3.460888 -0.670451 -7.289474
v 3.231000 -0.667454 -7.288918
v 3.001111 -0.664456 -7.288362
v 4.623919 -1.000000 -2.935253
v 4.623920 -1.000000 -3.529952
v 4.623920 -1.000000 -4.124651
v 4.623920 -1.000000 -4.719350
v 4.623920 -1.000000 -5.314050
v 4.623919 -1.000000 -5.908748
v 4.623919 -1.000000 -6.503448
v 4.637507 -1.000000 -2.935253
v 4.637506 -1.000000 -3.529952
v 4.637506 -1.000000 -4.124651
v 4.637506 -1.000000 -4.719350
v 4.637506 -1.000000 -5.314049
v 4.637506 -1.000000 -5.908748
v 4.637506 -1.000000 -6.503448
v 4.651094 -1.000000 -2.935252
v 4.651094 -1.000000 -3.529952
v 4.651095 -1.000000 -4.124650
v 4.651094 -1.000000 -4.719350
v 4.651094 -1.000000 -5.314049
v 4.651094 -1.000000 -5.908749
v 4.651094 -1.000000 -6.503448
v 4.664682 -1.000000 -2.935253
v 4.664682 -1.000000 -3.529952
v 4.664681 -1.000000 -4.124651
v 4.664681 -1.000000 -4.719350
v 4.664681 -1.000000 -5.314049
v 4.664682 -1.000000 -5.908748
v 4.664682 -1.000000 -6.503448
v 4.678269 -1.000000 -2.935253
v 4.678269 -1.000000 -3.529952
v 4.678269 -1.000000 -4.124651
v 4.678269 -1.000000 -4.719350
v 4.678269 -1.000000 -5.314049
v 4.678269 -1.000000 -5.908749
v 4.678269 -1.000000 -6.503447
v 4.691856 -1.000000 -2.935253
v 4.691856 -1.000000 -3.529952
v 4.691856 -1.000000 -4.124651
v 4.691856 -1.000000 -4.719350
v 4.691856 -1.000000 -5.314049
v 4.691856 -1.000000 -5.908749
v 4.691856 -1.000000 -6.503448
v 4.705444 -1.000000 -2.935253
v 4.705444 -1.000000 -3.529952
v 4.705443 -1.000000 -4.124651
v 4.705444 -1.000000 -4.719350
v 4.705444 -1.000000 -5.314049
v 4.705444 -1.000000 -5.908749
v 4.705444 -1.000000 -6.503448
v 2.757635 -0.976019 -6.494882
v 2.757635 -0.976020 -5.896062
v 2.757635 -0.976019 -5.297241
v 2.757635 -0.976020 -4.698421
v 2.757635 -0.976019 -4.099600
v 2.757635 -0.976019 -3.500780
v 2.757635 -0.976019 -2.901960
v 2.744047 -0.976019 -6.494882
v 2.744047 -0.976019 -5.896061
v 2.744047 -0.976019 -5.297242
v 2.744047 -0.976019 -4.698421
v 2.744047 -0.976019 -4.099601
v 2.744047 -0.976019 -3.500780
v 2.744047 -0.976020 -2.901960
v 2.730460 -0.976019 -6.494882
v 2.730460 -0.976020 -5.896062
v 2.730459 -0.976020 -5.297241
v 2.730460 -0.976020 -4.698421
v 2.730459 -0.976020 -4.099600
v 2.730460 -0.976020 -3.500780
v 2.730460 -0.976019 -2.901959
v 2.716873 -0.976019 -6.494882
v 2.716872 -0.976019 -5.896061
v 2.716873 -0.976019 -5.297242
v 2.716872 -0.976019 -4.698421
v 2.716872 -0.976019 -4.099601
v 2.716872 -0.976020 -3.500781
v 2.716873 -0.976020 -2.901960
v 2.703284 -0.976019 -6.494882
v 2.703285 -0.976020 -5.896062
v 2.703285 -0.976020 -5.297241
v 2.703285 -0.976019 -4.698421
v 2.703285 -0.976019 -4.099600
v 2.703285 -0.976020 -3.500780
v 2.703285 -0.976019 -2.901960
v 2.689697 -0.976019 -6.494883
v 2.689697 -0.976019 -5.896061
v 2.689697 -0.976019 -5.297242
v 2.689698 -0.976020 -4.698421
v 2.689698 -0.976020 -4.099601
v 2.689697 -0.976019 -3.500780
v 2.689697 -0.976019 -2.901960
v 2.676110 -0.976019 -6.494882
v 2.676110 -0.976020 -5.896061
v 2.676110 -0.976019 -5.297241
v 2.676110 -0.976020 -4.698421
v 2.676110 -0.976020 -4.099601
v 2.676110 -0.976019 -3.500780
v 2.676110 -0.976019 -2.901960
v 2.757643 -0.975991 -7.117970
v 2.744117 -0.975790 -7.118004
v 2.730694 -0.975246 -7.118094
v 2.717427 -0.974186 -7.118271
v 2.704401 -0.972328 -7.118563
v 2.691833 -0.968953 -7.119002
v 2.680177 -0.962565 -7.119617
v 2.757651 -0.975966 -7.142238
v 2.744177 -0.975590 -7.142300
v 2.730898 -0.974571 -7.142470
v 2.717910 -0.972586 -7.142801
v 2.705365 -0.969138 -7.143351
v 2.693625 -0.963027 -7.144188
v 2.683200 -0.952566 -7.145387
v 2.757656 -0.975948 -7.166503
v 2.744220 -0.975449 -7.166587
v 2.731042 -0.974094 -7.166812
v 2.718252 -0.971455 -7.167253
v 2.706032 -0.966930 -7.167990
v 2.694774 -0.959228 -7.169151
v 2.684930 -0.946841 -7.170871
v 2.757659 -0.975941 -7.190768
v 2.744236 -0.975395 -7.190859
v 2.731097 -0.973913 -7.191105
v 2.718382 -0.971025 -7.191588
v 2.706281 -0.966109 -7.192409
v 2.695170 -0.957916 -7.193775
v 2.685475 -0.945040 -7.195924
v 2.757656 -0.975948 -7.215030
v 2.744220 -0.975449 -7.215113
v 2.731042 -0.974094 -7.215339
v 2.718252 -0.971454 -7.215779
v 2.706032 -0.966931 -7.216552
v 2.694774 -0.959228 -7.217963
v 2.684931 -0.946841 -7.220376
v 2.757651 -0.975966 -7.239290
v 2.744177 -0.975590 -7.239352
v 2.730898 -0.974571 -7.239523
v 2.717910 -0.972586 -7.239854
v 2.705365 -0.969138 -7.240454
v 2.693625 -0.963027 -7.241657
v 2.683200 -0.952566 -7.243948
v 2.757643 -0.975991 -7.263548
v 2.744117 -0.975790 -7.263582
v 2.730694 -0.975246 -7.263673
v 2.717427 -0.974186 -7.263850
v 2.704401 -0.972328 -7.264177
v 2.691834 -0.968953 -7.264866
v 2.680177 -0.962565 -7.266382
v 4.705444 -1.000000 -7.122410
v 4.691856 -1.000000 -7.122410
v 4.678269 -1.000000 -7.122410
v 4.664682 -1.000000 -7.122410
v 4.651094 -1.000000 -7.122409
v 4.637506 -1.000000 -7.122411
v 4.623919 -1.000000 -7.122410
v 4.705443 -1.000000 -7.146673
v 4.691856 -1.000000 -7.146674
v 4.678269 -1.000000 -7.146673
v 4.664682 -1.000000 -7.146674
v 4.651094 -1.000000 -7.146673
v 4.637506 -1.000000 -7.146674
v 4.623919 -1.000000 -7.146673
v 4.705443 -1.000000 -7.170936
v 4.691857 -1.000000 -7.170936
v 4.678269 -1.000000 -7.170936
v 4.664682 -1.000000 -7.170936
v 4.651094 -1.000000 -7.170936
v 4.637507 -1.000000 -7.170936
v 4.623919 -1.000000 -7.170936
v 4.705444 -1.000000 -7.195199
v 4.691856 -1.000000 -7.195199
v 4.678269 -1.000000 -7.195199
v 4.664682 -1.000000 -7.195199
v 4.651094 -1.000000 -7.195199
v 4.637507 -1.000000 -7.195199
v 4.623919 -1.000000 -7.195200
v 4.705444 -1.000000 -7.219462
v 4.691857 -1.000000 -7.219463
v 4.678269 -1.000000 -7.219462
v 4.664681 -1.000000 -7.219462
v 4.651094 -1.000000 -7.219462
v 4.637507 -1.000000 -7.219462
v 4.623919 -1.000000 -7.219463
v 4.705444 -1.000000 -7.243725
v 4.691856 -1.000000 -7.243725
v 4.678269 -1.000000 -7.243726
v 4.664682 -1.000000 -7.243726
v 4.651094 -1.000000 -7.243726
v 4.637506 -1.000000 -7.243725
v 4.623919 -1.000000 -7.243725
v 4.705443 -1.000000 -7.267988
v 4.691857 -1.000000 -7.267988
v 4.678269 -1.000000 -7.267988
v 4.664682 -1.000000 -7.267988
v 4.651094 -1.000000 -7.267988
v 4.637507 -1.000000 -7.267988
v 4.623919 -1.000000 -7.267988
v 2.757635 -0.931082 -7.287807
v 2.744047 -0.931082 -7.287807
v 2.730460 -0.931082 -7.287808
v 2.716872 -0.931082 -7.287807
v 2.703285 -0.931082 -7.287807
v 2.689698 -0.931082 -7.287807
v 2.676110 -0.931082 -7.287807
v 2.757635 -0.886145 -7.287807
v 2.744047 -0.886145 -7.287807
v 2.730460 -0.886145 -7.287807
v 2.716872 -0.886145 -7.287807
v 2.703285 -0.886145 -7.287807
v 2.689697 -0.886145 -7.287807
v 2.676110 -0.886145 -7.287807
v 2.757635 -0.841208 -7.287807
v 2.744047 -0.841208 -7.287806
v 2.730460 -0.841208 -7.287807
v 2.716872 -0.841208 -7.287807
v 2.703285 -0.841208 -7.287807
v 2.689697 -0.841208 -7.287807
v 2.676110 -0.841208 -7.287807
v 2.757635 -0.796270 -7.287807
v 2.744047 -0.796270 -7.287807
v 2.730460 -0.796270 -7.287806
v 2.716872 -0.796270 -7.287807
v 2.703285 -0.796270 -7.287807
v 2.689698 -0.796270 -7.287807
v 2.676110 -0.796270 -7.287807
v 2.757635 -0.751333 -7.287807
v 2.744047 -0.751333 -7.287807
v 2.730460 -0.751333 -7.287807
v 2.716872 -0.751333 -7.287806
v 2.703285 -0.751333 -7.287807
v 2.689697 -0.751333 -7.287807
v 2.676110 -0.751333 -7.287807
v 2.757635 -0.706396 -7.287807
v 2.744047 -0.706396 -7.287807
v 2.730460 -0.706396 -7.287807
v 2.716872 -0.706396 -7.287807
v 2.703285 -0.706396 -7.287807
v 2.689697 -0.706396 -7.287807
v 2.676110 -0.706396 -7.287807
v 2.757635 -0.661459 -7.287807
v 2.744047 -0.661459 -7.287807
v 2.730460 -0.661458 -7.287807
v 2.716873 -0.661459 -7.287807
v 2.703285 -0.661459 -7.287807
v 2.689697 -0.661459 -7.287807
v 2.676110 -0.661459 -7.287807
v 4.705443 -0.955063 -7.292251
v 4.691857 -0.955063 -7.292252
v 4.678269 -0.955063 -7.292252
v 4.664681 -0.955063 -7.292253
v 4.651094 -0.955063 -7.292252
v 4.637507 -0.955063 -7.292251
v 4.623919 -0.955063 -7.292251
v 4.705444 -0.910126 -7.292251
v 4.691856 -0.910126 -7.292251
v 4.678269 -0.910126 -7.292252
v 4.664681 -0.910126 -7.292252
v 4.651094 -0.910126 -7.292252
v 4.637506 -0.910126 -7.292252
v 4.623919 -0.910126 -7.292251
v 4.705444 -0.865188 -7.292252
v 4.691857 -0.865188 -7.292252
v 4.678269 -0.865188 -7.292252
v 4.664682 -0.865188 -7.292251
v 4.651094 -0.865188 -7.292252
v 4.637507 -0.865188 -7.292252
v 4.623919 -0.865188 -7.292251
v 4.705444 -0.820251 -7.292252
v 4.691856 -0.820251 -7.292251
v 4.678269 -0.820251 -7.292250
v 4.664682 -0.820251 -7.292251
v 4.651094 -0.820251 -7.292251
v 4.637507 -0.820251 -7.292251
v 4.623919 -0.820251 -7.292252
v 4.705444 -0.775314 -7.292251
v 4.691856 -0.775314 -7.292252
v 4.678269 -0.775314 -7.292251
v 4.664681 -0.775314 -7.292251
v 4.651094 -0.775314 -7.292251
v 4.637507 -0.775314 -7.292252
v 4.623919 -0.775314 -7.292251
v 4.705444 -0.730376 -7.292251
v 4.691856 -0.730376 -7.292251
v 4.678268 -0.730376 -7.292251
v 4.664682 -0.730377 -7.292252
v 4.651094 -0.730376 -7.292252
v 4.637506 -0.730376 -7.292251
v 4.623919 -0.730376 -7.292251
v 4.705444 -0.685439 -7.292252
v 4.691856 -0.685439 -7.292251
v 4.678269 -0.685439 -7.292251
v 4.664682 -0.685439 -7.292252
v 4.651094 -0.685439 -7.292251
v 4.637507 -0.685439 -7.292252
v 4.623919 -0.685439 -7.292251
v 4.719031 -0.955053 -2.935253
v 4.719030 -0.955053 -3.529952
v 4.719031 -0.955053 -4.124651
v 4.719032 -0.955053 -4.719350
v 4.719031 -0.955053 -5.314049
v 4.719031 -0.955053 -5.908749
v 4.719031 -0.955053 -6.503448
v 4.719031 -0.910106 -2.935252
v 4.719031 -0.910106 -3.529952
v 4.719031 -0.910106 -4.124651
v 4.719031 -0.910106 -4.719350
v 4.719031 -0.910106 -5.314050
v 4.719031 -0.910106 -5.908748
v 4.719031 -0.910106 -6.503448
v 4.719031 -0.865159 -2.935253
v 4.719031 -0.865159 -3.529952
v 4.719031 -0.865159 -4.124651
v 4.719031 -0.865159 -4.719350
v 4.719031 -0.865159 -5.314050
v 4.719031 -0.865159 -5.908749
v 4.719031 -0.865159 -6.503448
v 4.719032 -0.820212 -2.935253
v 4.719031 -0.820212 -3.529952
v 4.719031 -0.820212 -4.124651
v 4.719031 -0.820212 -4.719350
v 4.719031 -0.820212 -5.314049
v 4.719031 -0.820212 -5.908749
v 4.719031 -0.820212 -6.503448
v 4.719031 -0.775265 -2.935253
v 4.719031 -0.775265 -3.529952
v 4.719031 -0.775265 -4.124651
v 4.719031 -0.775265 -4.719350
v 4.719031 -0.775265 -5.314050
v 4.719031 -0.775265 -5.908749
v 4.719031 -0.775265 -6.503448
v 4.719031 -0.730318 -2.935252
v 4.719031 -0.730318 -3.529952
v 4.719031 -0.730318 -4.124651
v 4.719031 -0.730318 -4.719350
v 4.719031 -0.730318 -5.314050
v 4.719031 -0.730318 -5.908748
v 4.719031 -0.730318 -6.503448
v 4.719031 -0.685371 -2.935253
v 4.719031 -0.685370 -3.529952
v 4.719031 -0.685371 -4.124651
v 4.719031 -0.685371 -4.719350
v 4.719031 -0.685371 -5.314050
v 4.719031 -0.685370 -5.908749
v 4.719031 -0.685370 -6.503448
v 2.666589 -0.917618 -7.279508
v 2.669612 -0.907619 -7.255199
v 2.671343 -0.901893 -7.229751
v 2.671887 -0.900093 -7.203424
v 2.671343 -0.901893 -7.176495
v 2.669612 -0.907619 -7.149137
v 2.666589 -0.917618 -7.121491
v 2.664659 -0.879058 -7.291116
v 2.666450 -0.873133 -7.264157
v 2.667598 -0.869334 -7.236713
v 2.667995 -0.868021 -7.208775
v 2.667598 -0.869334 -7.180401
v 2.666450 -0.873133 -7.151688
v 2.664659 -0.879058 -7.122752
v 2.663638 -0.837487 -7.303552
v 2.664603 -0.834297 -7.274205
v 2.665270 -0.832089 -7.244676
v 2.665519 -0.831268 -7.214908
v 2.665270 -0.832089 -7.184865
v 2.664603 -0.834297 -7.154601
v 2.663638 -0.837487 -7.124188
v 2.663077 -0.794397 -7.316350
v 2.663560 -0.792798 -7.284853
v 2.663902 -0.791666 -7.253279
v 2.664032 -0.791237 -7.221587
v 2.663902 -0.791666 -7.189753
v 2.663560 -0.792798 -7.157801
v 2.663077 -0.794397 -7.125772
v 2.662756 -0.750510 -7.329298
v 2.662960 -0.749836 -7.295773
v 2.663105 -0.749358 -7.262214
v 2.663159 -0.749177 -7.228606
v 2.663104 -0.749358 -7.194938
v 2.662960 -0.749835 -7.161221
v 2.662756 -0.750510 -7.127470
v 2.662592 -0.706108 -7.342332
v 2.662652 -0.705908 -7.306852
v 2.662695 -0.705766 -7.271362
v 2.662711 -0.705713 -7.235859
v 2.662695 -0.705766 -7.200336
v 2.662652 -0.705908 -7.164801
v 2.662592 -0.706108 -7.129253
v 2.662531 -0.661361 -7.355423
v 2.662539 -0.661336 -7.318039
v 2.662544 -0.661319 -7.280654
v 2.662546 -0.661312 -7.243268
v 2.662544 -0.661319 -7.205878
v 2.662539 -0.661336 -7.168488
v 2.662531 -0.661361 -7.131095
v 2.662522 -0.931072 -6.494882
v 2.662522 -0.931072 -5.896062
v 2.662522 -0.931072 -5.297241
v 2.662523 -0.931072 -4.698421
v 2.662522 -0.931072 -4.099600
v 2.662523 -0.931072 -3.500780
v 2.662522 -0.931072 -2.901960
v 2.662522 -0.886125 -6.494882
v 2.662522 -0.886125 -5.896061
v 2.662522 -0.886125 -5.297242
v 2.662522 -0.886125 -4.698421
v 2.662523 -0.886125 -4.099601
v 2.662522 -0.886125 -3.500780
v 2.662523 -0.886125 -2.901960
v 2.662522 -0.841178 -6.494882
v 2.662522 -0.841178 -5.896062
v 2.662522 -0.841178 -5.297241
v 2.662522 -0.841178 -4.698421
v 2.662522 -0.841178 -4.099600
v 2.662523 -0.841178 -3.500780
v 2.662522 -0.841178 -2.901959
v 2.662523 -0.796231 -6.494881
v 2.662522 -0.796231 -5.896062
v 2.662522 -0.796231 -5.297241
v 2.662522 -0.796231 -4.698421
v 2.662522 -0.796231 -4.099601
v 2.662522 -0.796231 -3.500781
v 2.662522 -0.796231 -2.901960
v 2.662522 -0.751284 -6.494882
v 2.662522 -0.751284 -5.896062
v 2.662522 -0.751284 -5.297241
v 2.662522 -0.751284 -4.698421
v 2.662522 -0.751284 -4.099600
v 2.662522 -0.751284 -3.500780
v 2.662522 -0.751284 -2.901960
v 2.662522 -0.706337 -6.494882
v 2.662522 -0.706337 -5.896061
v 2.662522 -0.706337 -5.297242
v 2.662523 -0.706337 -4.698421
v 2.662523 -0.706337 -4.099601
v 2.662522 -0.706337 -3.500780
v 2.662522 -0.706337 -2.901960
v 2.662522 -0.661390 -6.494882
v 2.662522 -0.661390 -5.896061
v 2.662522 -0.661390 -5.297242
v 2.662522 -0.661390 -4.698421
v 2.662522 -0.661390 -4.099601
v 2.662522 -0.661390 -3.500780
v 2.662522 -0.661390 -2.901960
v 4.719031 -0.955053 -7.124284
v 4.719031 -0.955053 -7.150423
v 4.719031 -0.955053 -7.176561
v 4.719032 -0.955053 -7.202700
v 4.719030 -0.955053 -7.228837
v 4.719031 -0.955053 -7.254975
v 4.719031 -0.955053 -7.281114
v 4.719031 -0.910106 -7.126160
v 4.719031 -0.910106 -7.154173
v 4.719031 -0.910106 -7.182185
v 4.719032 -0.910106 -7.210199
v 4.719032 -0.910106 -7.238213
v 4.719031 -0.910106 -7.266225
v 4.719031 -0.910106 -7.294238
v 4.719031 -0.865159 -7.128035
v 4.719031 -0.865159 -7.157923
v 4.719031 -0.865159 -7.187811
v 4.719032 -0.865159 -7.217699
v 4.719031 -0.865159 -7.247586
v 4.719032 -0.865159 -7.277476
v 4.719031 -0.865159 -7.307363
v 4.719031 -0.820212 -7.129910
v 4.719031 -0.820212 -7.161673
v 4.719031 -0.820212 -7.193436
v 4.719031 -0.820212 -7.225199
v 4.719031 -0.820212 -7.256962
v 4.719031 -0.820212 -7.288725
v 4.719031 -0.820212 -7.320488
v 4.719031 -0.775265 -7.131784
v 4.719031 -0.775265 -7.165423
v 4.719031 -0.775265 -7.199060
v 4.719031 -0.775265 -7.232699
v 4.719031 -0.775265 -7.266337
v 4.719031 -0.775265 -7.299975
v 4.719031 -0.775265 -7.333613
v 4.719031 -0.730318 -7.133660
v 4.719031 -0.730318 -7.169173
v 4.719031 -0.730318 -7.204686
v 4.719031 -0.730318 -7.240199
v 4.719031 -0.730318 -7.275712
v 4.719031 -0.730318 -7.311225
v 4.719031 -0.730318 -7.346738
v 4.719031 -0.685370 -7.135535
v 4.719031 -0.685370 -7.172923
v 4.719031 -0.685371 -7.210311
v 4.719031 -0.685371 -7.247699
v 4.719031 -0.685370 -7.285087
v 4.719031 -0.685371 -7.322475
v 4.719031 -0.685371 -7.359863
vn -0.0034 -0.2031 -0.9791
vn -0.0034 -0.2005 -0.9797
vn -0.0034 -0.1978 -0.9802
vn -0.0034 -0.1951 -0.9808
vn -0.0035 -0.1924 -0.9813
vn -0.0035 -0.1896 -0.9818
vn -0.0041 -0.2903 -0.9569
vn -0.0041 -0.2877 -0.9577
vn -0.0041 -0.2850 -0.9585
vn -0.0041 -0.2823 -0.9593
vn -0.0041 -0.2797 -0.9601
vn -0.0042 -0.2769 -0.9609
vn -0.0046 -0.3738 -0.9275
vn -0.0046 -0.3714 -0.9285
vn -0.0047 -0.3690 -0.9294
vn -0.0047 -0.3665 -0.9304
vn -0.0047 -0.3640 -0.9314
vn -0.0047 -0.3615 -0.9324
vn -0.0049 -0.4543 -0.8909
vn -0.0049 -0.4522 -0.8919
vn -0.0050 -0.4500 -0.8930
vn -0.0050 -0.4479 -0.8941
vn -0.0050 -0.4457 -0.8952
vn -0.0050 -0.4435 -0.8962
vn -0.0049 -0.5319 -0.8468
vn -0.0049 -0.5302 -0.8478
vn -0.0050 -0.5285 -0.8489
vn -0.0050 -0.5268 -0.8500
vn -0.0050 -0.5251 -0.8510
vn -0.0050 -0.5233 -0.8521
vn -0.0045 -0.6069 -0.7947
vn -0.0046 -0.6057 -0.7957
vn -0.0046 -0.6045 -0.7966
vn -0.0046 -0.6032 -0.7976
vn -0.0046 -0.6020 -0.7985
vn -0.0046 -0.6007 -0.7995
vn -0.0027 -0.1152 -0.9933
vn -0.0027 -0.1118 -0.9937
vn -0.0027 -0.1093 -0.9940
vn -0.0027 -0.1068 -0.9943
vn -0.0027 -0.1043 -0.9945
vn -0.0027 -0.1018 -0.9948
vn -0.0027 -0.0993 -0.9951
vn -0.0026 -0.0958 -0.9954
vn -0.0034 -0.1860 -0.9825
vn -0.0041 -0.2734 -0.9619
vn -0.0046 -0.3581 -0.9337
vn -0.0050 -0.4405 -0.8977
vn -0.0050 -0.5207 -0.8537
vn -0.0046 -0.5986 -0.8010
vn -0.0038 -0.6736 -0.7391
vn -0.0038 -0.6752 -0.7376
vn -0.0038 -0.6760 -0.7369
vn -0.0038 -0.6768 -0.7361
vn -0.0038 -0.6776 -0.7354
vn -0.0038 -0.6784 -0.7347
vn -0.0038 -0.6792 -0.7340
vn -0.0038 -0.6805 -0.7327
vn -0.0046 -0.6088 -0.7933
vn -0.0049 -0.5342 -0.8453
vn -0.0049 -0.4570 -0.8895
vn -0.0046 -0.3769 -0.9262
vn -0.0041 -0.2936 -0.9559
vn -0.0035 -0.2066 -0.9784
vn -0.0008 -0.8131 -0.5821
vn -0.0008 -0.8132 -0.5819
vn -0.0008 -0.8134 -0.5817
vn -0.0008 -0.8135 -0.5815
vn -0.0008 -0.8137 -0.5813
vn -0.0008 -0.8138 -0.5812
vn 0.0013 -0.8690 -0.4949
vn 0.0014 -0.8694 -0.4940
vn 0.0014 -0.8699 -0.4932
vn 0.0014 -0.8704 -0.4923
vn 0.0014 -0.8709 -0.4915
vn 0.0014 -0.8714 -0.4906
vn 0.0037 -0.9130 -0.4079
vn 0.0037 -0.9136 -0.4065
vn 0.0037 -0.9142 -0.4051
vn 0.0038 -0.9148 -0.4038
vn 0.0038 -0.9154 -0.4024
vn 0.0038 -0.9160 -0.4011
vn 0.0059 -0.9452 -0.3266
vn 0.0060 -0.9457 -0.3250
vn 0.0060 -0.9462 -0.3234
vn 0.0060 -0.9468 -0.3218
vn 0.0060 -0.9473 -0.3203
vn 0.0061 -0.9478 -0.3188
vn 0.0079 -0.9670 -0.2546
vn 0.0079 -0.9674 -0.2531
vn 0.0079 -0.9678 -0.2516
vn 0.0080 -0.9682 -0.2501
vn 0.0080 -0.9686 -0.2487
vn 0.0080 -0.9689 -0.2472
vn 0.0094 -0.9811 -0.1932
vn 0.0094 -0.9813 -0.1920
vn 0.0094 -0.9816 -0.1909
vn 0.0094 -0.9818 -0.1897
vn 0.0094 -0.9820 -0.1886
vn 0.0094 -0.9822 -0.1875
vn -0.0026 -0.7493 -0.6623
vn -0.0025 -0.7483 -0.6633
vn -0.0025 -0.7480 -0.6637
vn -0.0026 -0.7477 -0.6641
vn -0.0026 -0.7473 -0.6644
vn -0.0026 -0.7470 -0.6648
vn -0.0026 -0.7466 -0.6652
vn -0.0025 -0.7455 -0.6665
vn -0.0007 -0.8133 -0.5819
vn 0.0015 -0.8714 -0.4906
vn 0.0039 -0.9164 -0.4003
vn 0.0062 -0.9482 -0.3175
vn 0.0080 -0.9692 -0.2460
vn 0.0094 -0.9824 -0.1865
vn 0.0102 -0.9903 -0.1384
vn 0.0102 -0.9902 -0.1390
vn 0.0102 -0.9901 -0.1397
vn 0.0102 -0.9901 -0.1403
vn 0.0102 -0.9900 -0.1410
vn 0.0102 -0.9899 -0.1416
vn 0.0102 -0.9898 -0.1423
vn 0.0102 -0.9897 -0.1430
vn 0.0094 -0.9809 -0.1943
vn 0.0079 -0.9667 -0.2559
vn 0.0059 -0.9447 -0.3278
vn 0.0037 -0.9127 -0.4087
vn 0.0013 -0.8689 -0.4950
vn -0.0008 -0.8135 -0.5816
vn -0.0000 0.9884 -0.1519
vn -0.0000 0.9683 -0.2497
vn -0.0000 0.9386 -0.3450
vn -0.0000 0.8990 -0.4379
vn -0.0000 0.8490 -0.5284
vn -0.0000 0.7878 -0.6159
vn -0.0000 0.9987 -0.0513
vn -0.0000 0.9987 -0.0512
vn -0.0000 0.9884 -0.1518
vn -0.0000 0.9683 -0.2496
vn -0.0000 0.9387 -0.3448
vn -0.0000 0.8991 -0.4376
vn -0.0000 0.8492 -0.5280
vn -0.0000 0.7882 -0.6154
vn -0.0000 0.7152 -0.6989
vn -0.0000 0.7146 -0.6995
vn -0.0001 0.7140 -0.7001
vn -0.0001 0.7874 -0.6164
vn -0.0000 0.8488 -0.5287
vn -0.0000 0.8989 -0.4381
vn -0.0000 0.9386 -0.3451
vn -0.0000 0.9683 -0.2498
vn -0.0000 0.5410 -0.8410
vn -0.0000 0.5411 -0.8410
vn -0.0000 0.5411 -0.8409
vn -0.0000 0.5412 -0.8409
vn -0.0000 0.5413 -0.8408
vn -0.0000 0.5414 -0.8407
vn -0.0001 0.4496 -0.8932
vn -0.0001 0.4499 -0.8931
vn -0.0001 0.4501 -0.8930
vn -0.0001 0.4504 -0.8928
vn -0.0001 0.4507 -0.8927
vn -0.0001 0.4509 -0.8926
vn -0.0002 0.3573 -0.9340
vn -0.0002 0.3579 -0.9338
vn -0.0002 0.3584 -0.9336
vn -0.0002 0.3589 -0.9334
vn -0.0002 0.3594 -0.9332
vn -0.0002 0.3599 -0.9330
vn -0.0005 0.2646 -0.9644
vn -0.0005 0.2654 -0.9641
vn -0.0005 0.2663 -0.9639
vn -0.0005 0.2672 -0.9637
vn -0.0005 0.2680 -0.9634
vn -0.0005 0.2689 -0.9632
vn -0.0009 0.1714 -0.9852
vn -0.0009 0.1727 -0.9850
vn -0.0009 0.1739 -0.9848
vn -0.0009 0.1752 -0.9845
vn -0.0009 0.1764 -0.9843
vn -0.0009 0.1777 -0.9841
vn -0.0014 0.0776 -0.9970
vn -0.0014 0.0793 -0.9969
vn -0.0014 0.0810 -0.9967
vn -0.0014 0.0827 -0.9966
vn -0.0014 0.0844 -0.9964
vn -0.0014 0.0861 -0.9963
vn -0.0001 0.6295 -0.7770
vn -0.0000 0.6303 -0.7763
vn -0.0000 0.6304 -0.7763
vn -0.0000 0.6312 -0.7756
vn -0.0000 0.5424 -0.8401
vn -0.0000 0.4521 -0.8920
vn -0.0002 0.3614 -0.9324
vn -0.0004 0.2707 -0.9627
vn -0.0008 0.1799 -0.9837
vn -0.0013 0.0887 -0.9961
vn -0.0019 -0.0033 -1.0000
vn -0.0020 -0.0064 -1.0000
vn -0.0020 -0.0085 -1.0000
vn -0.0020 -0.0107 -0.9999
vn -0.0020 -0.0128 -0.9999
vn -0.0020 -0.0149 -0.9999
vn -0.0020 -0.0171 -0.9999
vn -0.0021 -0.0201 -0.9998
vn -0.0014 0.0750 -0.9972
vn -0.0009 0.1692 -0.9856
vn -0.0006 0.2628 -0.9649
vn -0.0003 0.3559 -0.9345
vn -0.0002 0.4484 -0.8938
vn -0.0001 0.5400 -0.8417
vn 0.0034 -0.2031 0.9791
vn 0.0034 -0.2005 0.9797
vn 0.0034 -0.1978 0.9802
vn 0.0034 -0.1951 0.9808
vn 0.0035 -0.1924 0.9813
vn 0.0035 -0.1896 0.9818
vn 0.0041 -0.2903 0.9569
vn 0.0041 -0.2877 0.9577
vn 0.0041 -0.2850 0.9585
vn 0.0041 -0.2823 0.9593
vn 0.0041 -0.2797 0.9601
vn 0.0042 -0.2769 0.9609
vn 0.0046 -0.3738 0.9275
vn 0.0046 -0.3714 0.9285
vn 0.0047 -0.3690 0.9294
vn 0.0047 -0.3665 0.9304
vn 0.0047 -0.3640 0.9314
vn 0.0047 -0.3615 0.9324
vn 0.0049 -0.4543 0.8909
vn 0.0049 -0.4522 0.8919
vn 0.0050 -0.4500 0.8930
vn 0.0050 -0.4479 0.8941
vn 0.0050 -0.4457 0.8952
vn 0.0050 -0.4435 0.8962
vn 0.0049 -0.5319 0.8468
vn 0.0049 -0.5302 0.8478
vn 0.0050 -0.5285 0.8489
vn 0.0050 -0.5268 0.8500
vn 0.0050 -0.5251 0.8510
vn 0.0050 -0.5233 0.8521
vn 0.0045 -0.6069 0.7947
vn 0.0046 -0.6057 0.7957
vn 0.0046 -0.6045 0.7966
vn 0.0046 -0.6032 0.7976
vn 0.0046 -0.6020 0.7985
vn 0.0046 -0.6007 0.7995
vn 0.0027 -0.1152 0.9933
vn 0.0027 -0.1118 0.9937
vn 0.0027 -0.1093 0.9940
vn 0.0027 -0.1068 0.9943
vn 0.0027 -0.1043 0.9945
vn 0.0027 -0.1018 0.9948
vn 0.0027 -0.0993 0.9951
vn 0.0026 -0.0958 0.9954
vn 0.0034 -0.1860 0.9825
vn 0.0041 -0.2734 0.9619
vn 0.0046 -0.3581 0.9337
vn 0.0050 -0.4405 0.8977
vn 0.0050 -0.5207 0.8537
vn 0.0046 -0.5986 0.8010
vn 0.0038 -0.6736 0.7391
vn 0.0039 -0.6752 0.7376
vn 0.0038 -0.6760 0.7369
vn 0.0038 -0.6768 0.7361
vn 0.0038 -0.6776 0.7354
vn 0.0038 -0.6784 0.7347
vn 0.0038 -0.6792 0.7340
vn 0.0038 -0.6805 0.7327
vn 0.0046 -0.6088 0.7933
vn 0.0049 -0.5342 0.8453
vn 0.0049 -0.4570 0.8895
vn 0.0046 -0.3769 0.9262
vn 0.0041 -0.2936 0.9559
vn 0.0035 -0.2066 0.9784
vn 0.0009 -0.8152 0.5792
vn 0.0009 -0.8151 0.5793
vn 0.0009 -0.8150 0.5794
vn 0.0009 -0.8149 0.5796
vn 0.0009 -0.8148 0.5797
vn 0.0009 -0.8147 0.5798
vn -0.0012 -0.8728 0.4881
vn -0.0012 -0.8729 0.4879
vn -0.0012 -0.8730 0.4878
vn -0.0012 -0.8730 0.4877
vn -0.0012 -0.8731 0.4875
vn -0.0012 -0.8732 0.4874
vn -0.0032 -0.9178 0.3971
vn -0.0033 -0.9179 0.3968
vn -0.0033 -0.9180 0.3965
vn -0.0033 -0.9182 0.3962
vn -0.0033 -0.9183 0.3959
vn -0.0033 -0.9184 0.3956
vn -0.0052 -0.9497 0.3131
vn -0.0052 -0.9498 0.3127
vn -0.0053 -0.9500 0.3123
vn -0.0053 -0.9501 0.3119
vn -0.0053 -0.9502 0.3116
vn -0.0053 -0.9503 0.3112
vn -0.0070 -0.9708 0.2398
vn -0.0070 -0.9709 0.2394
vn -0.0070 -0.9710 0.2391
vn -0.0070 -0.9711 0.2387
vn -0.0070 -0.9712 0.2383
vn -0.0071 -0.9713 0.2380
vn -0.0085 -0.9839 0.1786
vn -0.0085 -0.9839 0.1783
vn -0.0085 -0.9840 0.1780
vn -0.0085 -0.9841 0.1776
vn -0.0086 -0.9841 0.1773
vn -0.0086 -0.9842 0.1770
vn 0.0026 -0.7498 0.6617
vn 0.0025 -0.7488 0.6628
vn 0.0026 -0.7484 0.6632
vn 0.0026 -0.7480 0.6637
vn 0.0026 -0.7476 0.6641
vn 0.0026 -0.7472 0.6646
vn 0.0026 -0.7468 0.6650
vn 0.0026 -0.7457 0.6663
vn 0.0008 -0.8140 0.5809
vn -0.0013 -0.8728 0.4881
vn -0.0034 -0.9183 0.3959
vn -0.0054 -0.9503 0.3112
vn -0.0071 -0.9713 0.2378
vn -0.0086 -0.9842 0.1768
vn -0.0098 -0.9918 0.1274
vn -0.0098 -0.9918 0.1276
vn -0.0098 -0.9917 0.1279
vn -0.0098 -0.9917 0.1281
vn -0.0098 -0.9917 0.1284
vn -0.0098 -0.9916 0.1286
vn -0.0098 -0.9916 0.1289
vn -0.0098 -0.9916 0.1291
vn -0.0085 -0.9838 0.1788
vn -0.0070 -0.9708 0.2400
vn -0.0053 -0.9497 0.3131
vn -0.0033 -0.9179 0.3969
vn 0.0009 -0.8158 0.5783
vn -0.0000 0.9884 0.1519
vn -0.0000 0.9683 0.2497
vn -0.0000 0.9386 0.3450
vn -0.0000 0.8990 0.4379
vn -0.0000 0.8490 0.5284
vn -0.0000 0.7878 0.6159
vn -0.0000 0.9987 0.0513
vn -0.0000 0.9987 0.0512
vn -0.0000 0.9884 0.1518
vn -0.0000 0.9683 0.2496
vn -0.0000 0.9387 0.3448
vn -0.0000 0.8991 0.4376
vn -0.0000 0.8492 0.5280
vn -0.0000 0.7882 0.6154
vn -0.0000 0.7152 0.6989
vn -0.0000 0.7146 0.6995
vn 0.0001 0.7140 0.7001
vn 0.0001 0.7874 0.6164
vn -0.0000 0.8488 0.5287
vn -0.0000 0.8989 0.4381
vn -0.0000 0.9386 0.3451
vn -0.0000 0.9683 0.2498
vn -0.0000 0.5410 0.8410
vn -0.0000 0.5411 0.8410
vn -0.0000 0.5411 0.8409
vn -0.0000 0.5412 0.8409
vn -0.0000 0.5413 0.8408
vn -0.0000 0.5414 0.8407
vn 0.0001 0.4496 0.8932
vn 0.0001 0.4499 0.8931
vn 0.0001 0.4501 0.8930
vn 0.0001 0.4504 0.8928
vn 0.0001 0.4507 0.8927
vn 0.0001 0.4509 0.8926
vn 0.0002 0.3573 0.9340
vn 0.0002 0.3579 0.9338
vn 0.0002 0.3584 0.9336
vn 0.0002 0.3589 0.9334
vn 0.0002 0.3594 0.9332
vn 0.0002 0.3599 0.9330
vn 0.0005 0.2646 0.9644
vn 0.0005 0.2654 0.9641
vn 0.0005 0.2663 0.9639
vn 0.0005 0.2672 0.9637
vn 0.0005 0.2680 0.9634
vn 0.0005 0.2689 0.9632
vn 0.0009 0.1714 0.9852
vn 0.0009 0.1727 0.9850
vn 0.0009 0.1739 0.9848
vn 0.0009 0.1752 0.9845
vn 0.0009 0.1764 0.9843
vn 0.0009 0.1777 0.9841
vn 0.0014 0.0776 0.9970
vn 0.0014 0.0793 0.9969
vn 0.0014 0.0810 0.9967
vn 0.0014 0.0827 0.9966
vn 0.0014 0.0844 0.9964
vn 0.0014 0.0861 0.9963
vn 0.0001 0.6295 0.7770
vn -0.0000 0.6303 0.7763
vn -0.0000 0.6304 0.7763
vn -0.0000 0.6312 0.7756
vn -0.0000 0.5424 0.8401
vn -0.0000 0.4521 0.8920
vn 0.0002 0.3614 0.9324
vn 0.0004 0.2707 0.9627
vn 0.0008 0.1799 0.9837
vn 0.0013 0.0887 0.9961
vn 0.0019 -0.0033 1.0000
vn 0.0020 -0.0064 1.0000
vn 0.0020 -0.0085 1.0000
vn 0.0020 -0.0107 0.9999
vn 0.0020 -0.0128 0.9999
vn 0.0020 -0.0149 0.9999
vn 0.0020 -0.0171 0.9999
vn 0.0021 -0.0201 0.9998
vn 0.0014 0.0750 0.9972
vn 0.0009 0.1692 0.9856
vn 0.0006 0.2628 0.9649
vn 0.0003 0.3559 0.9345
vn 0.0002 0.4484 0.8938
vn 0.0001 0.5400 0.8417
vn -0.0115 -0.9980 0.0616
vn -0.0115 -0.9980 0.0614
vn -0.0115 -0.9981 0.0613
vn -0.0115 -0.9981 0.0611
vn -0.0115 -0.9981 0.0610
vn -0.0115 -0.9981 0.0609
vn -0.0120 -0.9991 0.0410
vn -0.0120 -0.9991 0.0409
vn -0.0120 -0.9991 0.0408
vn -0.0120 -0.9991 0.0407
vn -0.0120 -0.9991 0.0406
vn -0.0120 -0.9991 0.0405
vn -0.0124 -0.9996 0.0259
vn -0.0124 -0.9996 0.0258
vn -0.0124 -0.9996 0.0257
vn -0.0124 -0.9996 0.0256
vn -0.0127 -0.9998 0.0150
vn -0.0127 -0.9998 0.0149
vn -0.0127 -0.9998 0.0148
vn -0.0129 -0.9999 0.0075
vn -0.0129 -0.9999 0.0074
vn -0.0130 -0.9999 0.0027
vn -0.0108 -0.9959 0.0901
vn -0.0108 -0.9959 0.0900
vn -0.0108 -0.9959 0.0898
vn -0.0108 -0.9959 0.0896
vn -0.0108 -0.9959 0.0894
vn -0.0108 -0.9960 0.0892
vn -0.0108 -0.9960 0.0890
vn -0.0108 -0.9960 0.0888
vn -0.0115 -0.9981 0.0607
vn -0.0120 -0.9991 0.0404
vn -0.0124 -0.9996 0.0255
vn -0.0130 -0.9999 0.0004
vn -0.0127 -0.9998 0.0151
vn -0.0124 -0.9996 0.0260
vn -0.0120 -0.9991 0.0411
vn -0.0115 -0.9980 0.0617
vn 0.0099 -0.9974 -0.0712
vn 0.0099 -0.9974 -0.0715
vn 0.0099 -0.9974 -0.0719
vn 0.0099 -0.9973 -0.0722
vn 0.0099 -0.9973 -0.0725
vn 0.0099 -0.9973 -0.0728
vn 0.0089 -0.9988 -0.0487
vn 0.0090 -0.9987 -0.0494
vn 0.0090 -0.9987 -0.0502
vn 0.0090 -0.9987 -0.0509
vn 0.0090 -0.9986 -0.0516
vn 0.0090 -0.9986 -0.0523
vn 0.0076 -0.9995 -0.0320
vn 0.0076 -0.9994 -0.0331
vn 0.0077 -0.9994 -0.0341
vn 0.0077 -0.9994 -0.0351
vn 0.0078 -0.9993 -0.0361
vn 0.0078 -0.9993 -0.0371
vn 0.0060 -0.9998 -0.0197
vn 0.0061 -0.9998 -0.0211
vn 0.0061 -0.9997 -0.0223
vn 0.0062 -0.9997 -0.0236
vn 0.0063 -0.9997 -0.0248
vn 0.0063 -0.9996 -0.0260
vn 0.0043 -0.9999 -0.0111
vn 0.0044 -0.9999 -0.0126
vn 0.0045 -0.9999 -0.0141
vn 0.0045 -0.9999 -0.0154
vn 0.0046 -0.9998 -0.0168
vn 0.0047 -0.9998 -0.0181
vn 0.0025 -1.0000 -0.0056
vn 0.0027 -1.0000 -0.0072
vn 0.0028 -1.0000 -0.0087
vn 0.0029 -0.9999 -0.0102
vn 0.0030 -0.9999 -0.0116
vn 0.0031 -0.9999 -0.0130
vn 0.0104 -0.9948 -0.1017
vn 0.0104 -0.9948 -0.1015
vn 0.0104 -0.9948 -0.1014
vn 0.0104 -0.9948 -0.1013
vn 0.0104 -0.9948 -0.1011
vn 0.0104 -0.9948 -0.1010
vn 0.0104 -0.9948 -0.1009
vn 0.0104 -0.9949 -0.1007
vn 0.0099 -0.9973 -0.0732
vn 0.0091 -0.9986 -0.0529
vn 0.0078 -0.9992 -0.0380
vn 0.0064 -0.9996 -0.0271
vn 0.0048 -0.9998 -0.0194
vn 0.0033 -0.9999 -0.0144
vn 0.0018 -0.9999 -0.0118
vn 0.0017 -0.9999 -0.0104
vn 0.0015 -1.0000 -0.0090
vn 0.0014 -1.0000 -0.0076
vn 0.0013 -1.0000 -0.0061
vn 0.0011 -1.0000 -0.0045
vn 0.0010 -1.0000 -0.0029
vn 0.0008 -1.0000 -0.0013
vn 0.0024 -1.0000 -0.0040
vn 0.0042 -0.9999 -0.0096
vn 0.0059 -0.9998 -0.0184
vn 0.0075 -0.9995 -0.0308
vn 0.0089 -0.9988 -0.0479
vn 0.0099 -0.9974 -0.0708
vn -0.0000 -1.0000 -0.0000
vn -0.0000 -0.9999 0.0127
vn -0.0006 -0.9999 0.0101
vn -0.0004 -1.0000 0.0053
vn 0.0151 -0.9230 0.3845
vn 0.0016 -0.9295 0.3688
vn -0.0000 -0.9276 0.3735
vn 0.0003 -0.9999 0.0101
vn -0.0008 -0.9295 0.3687
vn -0.0085 -0.9216 0.3880
vn 0.0002 -1.0000 0.0052
vn 0.0002 -0.0067 1.0000
vn -0.0000 -0.0085 1.0000
vn -0.0000 -0.0000 1.0000
vn -0.0375 -0.2337 0.9716
vn -0.0010 -0.3376 0.9413
vn -0.0000 -0.3398 0.9405
vn -0.0599 -0.0000 0.9982
vn -0.0599 -0.0001 0.9982
vn -0.0598 -0.0001 0.9982
vn -0.0596 -0.0022 0.9982
vn -0.0004 -0.0067 1.0000
vn 0.0020 -0.3375 0.9413
vn 0.0655 -0.2347 0.9698
vn 0.1036 -0.0010 0.9946
vn 0.1043 0.0002 0.9945
vn 0.1042 0.0001 0.9946
vn 0.1042 -0.0000 0.9946
vn 1.0000 -0.0000 -0.0000
vn 0.9994 -0.0000 0.0342
vn 0.9994 -0.0029 0.0344
vn 0.9913 -0.1252 0.0395
vn -1.0000 -0.0000 -0.0000
vn -0.9919 -0.1206 0.0408
vn -0.9994 -0.0013 0.0342
vn -0.9994 -0.0000 0.0341
vn -0.0130 -0.9999 -0.0000
vn -0.0130 -0.9999 0.0001
vn -0.0136 -0.9515 -0.3074
vn -0.0132 -0.9518 -0.3066
vn -0.0136 -0.9520 -0.3058
vn -0.0024 -0.0000 -1.0000
vn -0.0053 -0.2621 -0.9650
vn -0.0057 -0.2614 -0.9652
vn -0.0053 -0.2606 -0.9654
vn -0.0002 -1.0000 -0.0000
vn 0.3362 -0.9418 -0.0000
vn 0.3363 -0.9418 -0.0000
vn 0.0002 -1.0000 -0.0000
vn 0.0003 -1.0000 -0.0000
vn -0.3362 -0.9418 -0.0000
vn -0.3363 -0.9418 -0.0000
vn -0.3764 -0.9265 -0.0043
vn -0.1205 -0.9927 -0.0037
vn -0.0424 -0.9991 -0.0015
vn -0.0136 -0.9999 -0.0005
vn -0.0040 -1.0000 -0.0001
vn -0.0010 -1.0000 -0.0000
vn -0.0226 -0.9997 -0.0054
vn -0.0610 -0.9979 -0.0197
vn -0.1202 -0.9915 -0.0499
vn -0.2130 -0.9714 -0.1051
vn -0.3700 -0.9119 -0.1778
vn 0.1471 0.5111 0.8468
vn -0.0342 -0.9994 -0.0041
vn -0.0915 -0.9957 -0.0148
vn -0.1792 -0.9831 -0.0377
vn -0.3103 -0.9473 -0.0791
vn -0.5042 -0.8543 -0.1266
vn -0.7246 -0.6764 -0.1320
vn -0.0410 -0.9992 -0.0016
vn -0.1092 -0.9940 -0.0058
vn -0.2137 -0.9768 -0.0149
vn -0.3663 -0.9300 -0.0309
vn -0.5745 -0.8173 -0.0457
vn -0.7795 -0.6249 -0.0433
vn -0.0410 -0.9992 0.0016
vn -0.1095 -0.9940 0.0057
vn -0.2148 -0.9766 0.0145
vn -0.3698 -0.9287 0.0291
vn -0.5814 -0.8126 0.0409
vn -0.7875 -0.6151 0.0396
vn -0.0343 -0.9994 0.0041
vn -0.0921 -0.9956 0.0149
vn -0.1817 -0.9826 0.0382
vn -0.3185 -0.9445 0.0806
vn -0.5234 -0.8427 0.1263
vn -0.7517 -0.6491 0.1165
vn -0.0227 -0.9997 0.0054
vn -0.0615 -0.9979 0.0199
vn -0.1227 -0.9911 0.0511
vn -0.2216 -0.9689 0.1102
vn -0.3931 -0.9000 0.1884
vn 0.5205 0.6905 -0.5023
vn -0.0011 -1.0000 -0.0006
vn -0.0081 -1.0000 -0.0057
vn -0.0221 -0.9995 -0.0220
vn -0.0433 -0.9975 -0.0566
vn -0.0776 -0.9899 -0.1190
vn -0.1403 -0.9646 -0.2235
vn -0.2439 -0.8875 -0.3911
vn -0.5476 -0.6541 -0.5219
vn -0.8190 -0.5724 0.0404
vn -0.8921 -0.4361 -0.1179
vn -0.9142 -0.4033 -0.0392
vn -0.9197 -0.3904 0.0409
vn -0.9102 -0.3983 0.1135
vn -0.6098 -0.5185 -0.5994
vn -0.6645 -0.7138 0.2211
vn -0.3929 -0.9190 0.0320
vn -0.2037 -0.9714 -0.1220
vn -0.1066 -0.9710 -0.2141
vn -0.0556 -0.9630 -0.2636
vn -0.0271 -0.9568 -0.2894
vn -0.0100 -0.9534 -0.3014
vn -0.0016 -0.9522 -0.3056
vn -0.0034 -1.0000 0.0007
vn -0.0053 -1.0000 0.0005
vn -0.0065 -1.0000 0.0002
vn -0.0065 -1.0000 -0.0002
vn -0.0053 -1.0000 -0.0005
vn -0.0034 -1.0000 -0.0007
vn -0.0001 -1.0000 0.0001
vn -0.0000 -0.9518 -0.3066
vn -0.0001 -0.9518 -0.3066
vn 0.0001 -0.9518 -0.3066
vn 0.2962 -0.9170 -0.2672
vn -0.0000 -0.0000 -1.0000
vn -0.0001 -0.0000 -1.0000
vn 0.0001 -0.0000 -1.0000
vn -0.0027 -0.2618 -0.9651
vn -0.0108 -0.2630 -0.9647
vn -0.0264 -0.2664 -0.9635
vn -0.0513 -0.2732 -0.9606
vn -0.0923 -0.2845 -0.9542
vn -0.1574 -0.3005 -0.9407
vn -0.2206 -0.3209 -0.9210
vn -0.4436 -0.2735 -0.8535
vn 0.2334 -0.2768 -0.9322
vn -0.0000 -0.2614 -0.9652
vn -0.0001 -0.2614 -0.9652
vn 0.0001 -0.2614 -0.9652
vn 0.9652 -0.2614 -0.0000
vn -0.9934 -0.0434 0.1058
vn -0.9936 -0.0884 0.0698
vn -0.9931 -0.1149 0.0239
vn -0.9922 -0.1227 -0.0232
vn -0.9914 -0.1113 -0.0691
vn -0.9913 -0.0781 -0.1063
vn -0.9984 -0.0219 0.0521
vn -0.9982 -0.0468 0.0366
vn -0.9979 -0.0628 0.0136
vn -0.9976 -0.0673 -0.0134
vn -0.9976 -0.0590 -0.0366
vn -0.9979 -0.0392 -0.0524
vn -0.9996 -0.0123 0.0247
vn -0.9995 -0.0254 0.0179
vn -0.9994 -0.0343 0.0069
vn -0.9993 -0.0366 -0.0068
vn -0.9993 -0.0314 -0.0179
vn -0.9995 -0.0206 -0.0248
vn -0.9999 -0.0077 0.0108
vn -0.9999 -0.0146 0.0078
vn -0.9998 -0.0193 0.0030
vn -0.9998 -0.0203 -0.0030
vn -0.9998 -0.0172 -0.0078
vn -0.9999 -0.0113 -0.0108
vn -1.0000 -0.0043 0.0039
vn -1.0000 -0.0076 0.0028
vn -1.0000 -0.0097 0.0011
vn -0.9999 -0.0100 -0.0011
vn -1.0000 -0.0085 -0.0028
vn -1.0000 -0.0056 -0.0039
vn -1.0000 -0.0017 0.0009
vn -1.0000 -0.0028 0.0007
vn -1.0000 -0.0035 0.0003
vn -1.0000 -0.0036 -0.0003
vn -1.0000 -0.0031 -0.0007
vn -1.0000 -0.0020 -0.0009
vn -0.9693 -0.1696 0.1779
vn -0.9742 -0.1660 0.1528
vn -0.9760 -0.1863 0.1132
vn -0.9762 -0.2138 0.0366
vn -0.9737 -0.2254 -0.0342
vn -0.9687 -0.2228 -0.1091
vn -0.9636 -0.2148 -0.1592
vn -0.9596 -0.2279 -0.1652
vn -0.9925 -0.0242 -0.1194
vn -0.9983 -0.0126 -0.0570
vn -0.9996 -0.0068 -0.0274
vn -0.9999 -0.0038 -0.0122
vn -1.0000 -0.0019 -0.0044
vn -1.0000 -0.0007 -0.0011
vn -1.0000 -0.0001 -0.0001
vn -1.0000 -0.0003 -0.0001
vn -1.0000 -0.0004 -0.0001
vn -1.0000 -0.0005 -0.0000
vn -1.0000 -0.0004 0.0001
vn -1.0000 -0.0003 0.0001
vn -1.0000 -0.0001 0.0001
vn -1.0000 -0.0003 0.0011
vn -1.0000 -0.0005 0.0044
vn -0.9999 0.0002 0.0121
vn -0.9996 0.0021 0.0274
vn -0.9984 0.0056 0.0571
vn -0.9932 0.0070 0.1163
vn -0.9650 -0.2621 -0.0001
vn -0.9652 -0.2614 -0.0000
vn -1.0000 -0.0001 -0.0000
vn -1.0000 -0.0003 -0.0000
vn -1.0000 -0.0011 -0.0001
vn -1.0000 -0.0066 -0.0007
vn 0.9506 -0.2905 -0.1093
vn 0.0034 0.2032 0.9791
vn 0.0034 0.2005 0.9797
vn 0.0034 0.1978 0.9802
vn 0.0034 0.1951 0.9808
vn 0.0034 0.1924 0.9813
vn 0.0035 0.1897 0.9818
vn 0.0041 0.2903 0.9569
vn 0.0041 0.2877 0.9577
vn 0.0041 0.2850 0.9585
vn 0.0041 0.2824 0.9593
vn 0.0041 0.2797 0.9601
vn 0.0042 0.2770 0.9609
vn 0.0046 0.3739 0.9275
vn 0.0046 0.3714 0.9285
vn 0.0047 0.3690 0.9294
vn 0.0047 0.3665 0.9304
vn 0.0047 0.3640 0.9314
vn 0.0047 0.3615 0.9324
vn 0.0049 0.4542 0.8909
vn 0.0049 0.4521 0.8919
vn 0.0050 0.4500 0.8930
vn 0.0050 0.4479 0.8941
vn 0.0050 0.4457 0.8952
vn 0.0050 0.4435 0.8963
vn 0.0049 0.5319 0.8468
vn 0.0049 0.5302 0.8479
vn 0.0050 0.5285 0.8489
vn 0.0050 0.5268 0.8500
vn 0.0050 0.5250 0.8511
vn 0.0050 0.5233 0.8522
vn 0.0046 0.6069 0.7948
vn 0.0046 0.6056 0.7957
vn 0.0046 0.6044 0.7967
vn 0.0046 0.6031 0.7976
vn 0.0046 0.6019 0.7986
vn 0.0047 0.6006 0.7995
vn 0.0027 0.1144 0.9934
vn 0.0027 0.1119 0.9937
vn 0.0027 0.1094 0.9940
vn 0.0027 0.1069 0.9943
vn 0.0027 0.1044 0.9945
vn 0.0027 0.1019 0.9948
vn 0.0027 0.0993 0.9951
vn 0.0027 0.0968 0.9953
vn 0.0035 0.1869 0.9824
vn 0.0042 0.2742 0.9617
vn 0.0047 0.3589 0.9334
vn 0.0050 0.4413 0.8973
vn 0.0050 0.5215 0.8532
vn 0.0047 0.5993 0.8005
vn 0.0039 0.6743 0.7385
vn 0.0039 0.6751 0.7377
vn 0.0038 0.6759 0.7370
vn 0.0038 0.6767 0.7362
vn 0.0038 0.6775 0.7355
vn 0.0038 0.6783 0.7348
vn 0.0038 0.6791 0.7341
vn 0.0038 0.6798 0.7334
vn 0.0045 0.6081 0.7939
vn 0.0049 0.5335 0.8458
vn 0.0049 0.4563 0.8898
vn 0.0046 0.3763 0.9265
vn 0.0041 0.2929 0.9561
vn 0.0034 0.2058 0.9786
vn 0.0008 0.8131 0.5821
vn 0.0008 0.8132 0.5819
vn 0.0008 0.8134 0.5817
vn 0.0008 0.8135 0.5815
vn 0.0008 0.8137 0.5814
vn 0.0008 0.8138 0.5812
vn -0.0013 0.8690 0.4947
vn -0.0013 0.8695 0.4939
vn -0.0014 0.8700 0.4930
vn -0.0014 0.8705 0.4922
vn -0.0014 0.8710 0.4913
vn -0.0014 0.8715 0.4905
vn -0.0037 0.9131 0.4076
vn -0.0037 0.9137 0.4063
vn -0.0037 0.9144 0.4049
vn -0.0038 0.9150 0.4035
vn -0.0038 0.9156 0.4022
vn -0.0038 0.9161 0.4008
vn -0.0059 0.9452 0.3263
vn -0.0060 0.9458 0.3248
vn -0.0060 0.9463 0.3232
vn -0.0060 0.9469 0.3216
vn -0.0061 0.9474 0.3200
vn -0.0061 0.9479 0.3185
vn -0.0079 0.9671 0.2544
vn -0.0079 0.9675 0.2529
vn -0.0079 0.9679 0.2514
vn -0.0080 0.9682 0.2499
vn -0.0080 0.9686 0.2485
vn -0.0080 0.9690 0.2470
vn -0.0094 0.9811 0.1931
vn -0.0094 0.9814 0.1919
vn -0.0094 0.9816 0.1907
vn -0.0094 0.9818 0.1896
vn -0.0094 0.9820 0.1885
vn -0.0094 0.9822 0.1874
vn 0.0025 0.7486 0.6631
vn 0.0026 0.7482 0.6634
vn 0.0026 0.7479 0.6638
vn 0.0026 0.7476 0.6642
vn 0.0026 0.7472 0.6646
vn 0.0026 0.7469 0.6650
vn 0.0026 0.7465 0.6654
vn 0.0026 0.7462 0.6658
vn 0.0008 0.8139 0.5810
vn -0.0014 0.8719 0.4896
vn -0.0038 0.9167 0.3995
vn -0.0061 0.9484 0.3170
vn -0.0080 0.9693 0.2456
vn -0.0094 0.9824 0.1863
vn -0.0102 0.9903 0.1383
vn -0.0102 0.9902 0.1389
vn -0.0102 0.9902 0.1396
vn -0.0102 0.9901 0.1402
vn -0.0102 0.9900 0.1409
vn -0.0102 0.9899 0.1415
vn -0.0102 0.9898 0.1422
vn -0.0102 0.9897 0.1429
vn -0.0094 0.9809 0.1942
vn -0.0079 0.9667 0.2559
vn -0.0059 0.9447 0.3280
vn -0.0036 0.9125 0.4090
vn -0.0013 0.8686 0.4956
vn 0.0008 0.8130 0.5823
vn -0.0000 -0.9884 0.1519
vn -0.0000 -0.9683 0.2497
vn -0.0000 -0.9386 0.3450
vn -0.0000 -0.8991 0.4378
vn -0.0000 -0.8491 0.5283
vn -0.0000 -0.7879 0.6158
vn -0.0000 -0.9987 0.0513
vn -0.0000 -0.7147 0.6995
vn -0.0000 -0.5408 0.8411
vn -0.0000 -0.5409 0.8411
vn -0.0000 -0.5410 0.8410
vn -0.0000 -0.5411 0.8410
vn -0.0000 -0.5412 0.8409
vn -0.0000 -0.5413 0.8408
vn 0.0001 -0.4495 0.8933
vn 0.0001 -0.4498 0.8932
vn 0.0001 -0.4500 0.8930
vn 0.0001 -0.4503 0.8929
vn 0.0001 -0.4505 0.8928
vn 0.0001 -0.4508 0.8926
vn 0.0002 -0.3572 0.9340
vn 0.0002 -0.3578 0.9338
vn 0.0002 -0.3583 0.9336
vn 0.0002 -0.3588 0.9334
vn 0.0002 -0.3593 0.9332
vn 0.0002 -0.3598 0.9330
vn 0.0005 -0.2645 0.9644
vn 0.0005 -0.2654 0.9641
vn 0.0005 -0.2662 0.9639
vn 0.0005 -0.2671 0.9637
vn 0.0005 -0.2679 0.9634
vn 0.0005 -0.2688 0.9632
vn 0.0009 -0.1714 0.9852
vn 0.0009 -0.1726 0.9850
vn 0.0009 -0.1739 0.9848
vn 0.0009 -0.1751 0.9845
vn 0.0009 -0.1764 0.9843
vn 0.0009 -0.1776 0.9841
vn 0.0014 -0.0776 0.9970
vn 0.0014 -0.0793 0.9969
vn 0.0014 -0.0810 0.9967
vn 0.0014 -0.0827 0.9966
vn 0.0014 -0.0844 0.9964
vn 0.0014 -0.0861 0.9963
vn -0.0000 -0.6302 0.7764
vn -0.0000 -0.6303 0.7764
vn -0.0000 -0.5414 0.8408
vn 0.0001 -0.4511 0.8925
vn 0.0002 -0.3604 0.9328
vn 0.0005 -0.2697 0.9630
vn 0.0009 -0.1789 0.9839
vn 0.0014 -0.0878 0.9961
vn 0.0020 0.0042 1.0000
vn 0.0020 0.0064 1.0000
vn 0.0020 0.0085 1.0000
vn 0.0020 0.0107 0.9999
vn 0.0020 0.0128 0.9999
vn 0.0020 0.0149 0.9999
vn 0.0020 0.0171 0.9999
vn 0.0020 0.0192 0.9998
vn 0.0014 -0.0759 0.9971
vn 0.0009 -0.1701 0.9854
vn 0.0005 -0.2637 0.9646
vn 0.0002 -0.3567 0.9342
vn 0.0001 -0.4492 0.8934
vn -0.0000 -0.5407 0.8412
vn -0.0034 0.2032 -0.9791
vn -0.0034 0.2005 -0.9797
vn -0.0034 0.1978 -0.9802
vn -0.0034 0.1951 -0.9808
vn -0.0035 0.1924 -0.9813
vn -0.0035 0.1897 -0.9818
vn -0.0041 0.2903 -0.9569
vn -0.0041 0.2877 -0.9577
vn -0.0041 0.2850 -0.9585
vn -0.0041 0.2824 -0.9593
vn -0.0041 0.2797 -0.9601
vn -0.0042 0.2770 -0.9609
vn -0.0046 0.3739 -0.9275
vn -0.0046 0.3714 -0.9285
vn -0.0047 0.3690 -0.9294
vn -0.0047 0.3665 -0.9304
vn -0.0047 0.3640 -0.9314
vn -0.0047 0.3615 -0.9324
vn -0.0049 0.4542 -0.8909
vn -0.0049 0.4521 -0.8919
vn -0.0050 0.4500 -0.8930
vn -0.0050 0.4479 -0.8941
vn -0.0050 0.4457 -0.8952
vn -0.0050 0.4435 -0.8963
vn -0.0049 0.5319 -0.8468
vn -0.0049 0.5302 -0.8479
vn -0.0050 0.5285 -0.8489
vn -0.0050 0.5268 -0.8500
vn -0.0050 0.5250 -0.8511
vn -0.0050 0.5233 -0.8522
vn -0.0046 0.6069 -0.7948
vn -0.0046 0.6056 -0.7957
vn -0.0046 0.6044 -0.7967
vn -0.0046 0.6031 -0.7976
vn -0.0046 0.6019 -0.7986
vn -0.0047 0.6006 -0.7995
vn -0.0027 0.1144 -0.9934
vn -0.0027 0.1119 -0.9937
vn -0.0027 0.1094 -0.9940
vn -0.0027 0.1069 -0.9943
vn -0.0027 0.1044 -0.9945
vn -0.0027 0.1019 -0.9948
vn -0.0027 0.0993 -0.9951
vn -0.0027 0.0968 -0.9953
vn -0.0035 0.1869 -0.9824
vn -0.0042 0.2742 -0.9617
vn -0.0047 0.3589 -0.9334
vn -0.0050 0.4413 -0.8973
vn -0.0050 0.5215 -0.8532
vn -0.0047 0.5993 -0.8005
vn -0.0039 0.6743 -0.7385
vn -0.0039 0.6751 -0.7377
vn -0.0038 0.6759 -0.7370
vn -0.0038 0.6767 -0.7362
vn -0.0038 0.6775 -0.7355
vn -0.0038 0.6783 -0.7348
vn -0.0038 0.6791 -0.7341
vn -0.0038 0.6798 -0.7334
vn -0.0045 0.6081 -0.7939
vn -0.0049 0.5335 -0.8458
vn -0.0049 0.4563 -0.8898
vn -0.0046 0.3763 -0.9265
vn -0.0041 0.2930 -0.9561
vn -0.0034 0.2058 -0.9786
vn -0.0009 0.8152 -0.5792
vn -0.0009 0.8151 -0.5793
vn -0.0009 0.8150 -0.5795
vn -0.0009 0.8149 -0.5796
vn -0.0009 0.8148 -0.5797
vn -0.0009 0.8147 -0.5798
vn 0.0012 0.8729 -0.4879
vn 0.0012 0.8730 -0.4878
vn 0.0012 0.8731 -0.4876
vn 0.0012 0.8731 -0.4875
vn 0.0012 0.8732 -0.4873
vn 0.0012 0.8733 -0.4872
vn 0.0033 0.9179 -0.3969
vn 0.0033 0.9180 -0.3966
vn 0.0033 0.9181 -0.3963
vn 0.0033 0.9183 -0.3960
vn 0.0033 0.9184 -0.3956
vn 0.0033 0.9185 -0.3953
vn 0.0052 0.9498 -0.3128
vn 0.0053 0.9499 -0.3124
vn 0.0053 0.9500 -0.3121
vn 0.0053 0.9502 -0.3117
vn 0.0053 0.9503 -0.3113
vn 0.0053 0.9504 -0.3109
vn 0.0070 0.9708 -0.2396
vn 0.0070 0.9709 -0.2392
vn 0.0070 0.9710 -0.2389
vn 0.0070 0.9711 -0.2385
vn 0.0071 0.9712 -0.2381
vn 0.0071 0.9713 -0.2377
vn 0.0085 0.9839 -0.1785
vn 0.0085 0.9840 -0.1781
vn 0.0085 0.9840 -0.1778
vn 0.0086 0.9841 -0.1775
vn 0.0086 0.9841 -0.1772
vn 0.0086 0.9842 -0.1769
vn -0.0025 0.7490 -0.6626
vn -0.0026 0.7486 -0.6630
vn -0.0026 0.7482 -0.6634
vn -0.0026 0.7479 -0.6639
vn -0.0026 0.7475 -0.6643
vn -0.0026 0.7471 -0.6647
vn -0.0026 0.7467 -0.6652
vn -0.0026 0.7463 -0.6656
vn -0.0009 0.8146 -0.5800
vn 0.0012 0.8734 -0.4871
vn 0.0033 0.9187 -0.3950
vn 0.0053 0.9505 -0.3105
vn 0.0071 0.9714 -0.2374
vn 0.0086 0.9843 -0.1765
vn 0.0098 0.9918 -0.1273
vn 0.0098 0.9918 -0.1275
vn 0.0098 0.9918 -0.1278
vn 0.0098 0.9917 -0.1280
vn 0.0098 0.9917 -0.1283
vn 0.0098 0.9917 -0.1286
vn 0.0098 0.9916 -0.1288
vn 0.0098 0.9916 -0.1291
vn 0.0085 0.9839 -0.1788
vn 0.0070 0.9708 -0.2400
vn 0.0052 0.9497 -0.3132
vn 0.0032 0.9177 -0.3972
vn 0.0012 0.8728 -0.4880
vn -0.0009 0.8153 -0.5791
vn -0.0000 -0.9884 -0.1519
vn -0.0000 -0.9683 -0.2497
vn -0.0000 -0.9386 -0.3450
vn -0.0000 -0.8991 -0.4378
vn -0.0000 -0.8491 -0.5283
vn -0.0000 -0.7879 -0.6158
vn -0.0000 -0.9987 -0.0513
vn -0.0000 -0.7147 -0.6995
vn -0.0000 -0.5408 -0.8411
vn -0.0000 -0.5409 -0.8411
vn -0.0000 -0.5410 -0.8410
vn -0.0000 -0.5411 -0.8410
vn -0.0000 -0.5412 -0.8409
vn -0.0000 -0.5413 -0.8408
vn -0.0001 -0.4495 -0.8933
vn -0.0001 -0.4498 -0.8932
vn -0.0001 -0.4500 -0.8930
vn -0.0001 -0.4503 -0.8929
vn -0.0001 -0.4505 -0.8928
vn -0.0001 -0.4508 -0.8926
vn -0.0002 -0.3572 -0.9340
vn -0.0002 -0.3578 -0.9338
vn -0.0002 -0.3583 -0.9336
vn -0.0002 -0.3588 -0.9334
vn -0.0002 -0.3593 -0.9332
vn -0.0002 -0.3598 -0.9330
vn -0.0005 -0.2645 -0.9644
vn -0.0005 -0.2654 -0.9641
vn -0.0005 -0.2662 -0.9639
vn -0.0005 -0.2671 -0.9637
vn -0.0005 -0.2679 -0.9634
vn -0.0005 -0.2688 -0.9632
vn -0.0009 -0.1714 -0.9852
vn -0.0009 -0.1726 -0.9850
vn -0.0009 -0.1739 -0.9848
vn -0.0009 -0.1751 -0.9845
vn -0.0009 -0.1764 -0.9843
vn -0.0009 -0.1776 -0.9841
vn -0.0014 -0.0776 -0.9970
vn -0.0014 -0.0793 -0.9969
vn -0.0014 -0.0810 -0.9967
vn -0.0014 -0.0827 -0.9966
vn -0.0014 -0.0844 -0.9964
vn -0.0014 -0.0861 -0.9963
vn -0.0000 -0.6302 -0.7764
vn -0.0000 -0.6303 -0.7764
vn -0.0000 -0.5414 -0.8408
vn -0.0001 -0.4511 -0.8925
vn -0.0002 -0.3604 -0.9328
vn -0.0005 -0.2697 -0.9630
vn -0.0009 -0.1789 -0.9839
vn -0.0014 -0.0878 -0.9961
vn -0.0020 0.0042 -1.0000
vn -0.0020 0.0064 -1.0000
vn -0.0020 0.0085 -1.0000
vn -0.0020 0.0107 -0.9999
vn -0.0020 0.0128 -0.9999
vn -0.0020 0.0149 -0.9999
vn -0.0020 0.0171 -0.9999
vn -0.0020 0.0192 -0.9998
vn -0.0014 -0.0759 -0.9971
vn -0.0009 -0.1701 -0.9854
vn -0.0005 -0.2637 -0.9646
vn -0.0002 -0.3567 -0.9342
vn -0.0001 -0.4492 -0.8934
vn -0.0000 -0.5407 -0.8412
vn 0.0115 0.9980 -0.0615
vn 0.0115 0.9980 -0.0614
vn 0.0115 0.9981 -0.0613
vn 0.0115 0.9981 -0.0611
vn 0.0115 0.9981 -0.0610
vn 0.0115 0.9981 -0.0608
vn 0.0120 0.9991 -0.0409
vn 0.0120 0.9991 -0.0408
vn 0.0120 0.9991 -0.0407
vn 0.0120 0.9991 -0.0406
vn 0.0120 0.9991 -0.0405
vn 0.0124 0.9996 -0.0259
vn 0.0124 0.9996 -0.0258
vn 0.0124 0.9996 -0.0257
vn 0.0124 0.9996 -0.0256
vn 0.0127 0.9998 -0.0150
vn 0.0127 0.9998 -0.0149
vn 0.0127 0.9998 -0.0148
vn 0.0129 0.9999 -0.0075
vn 0.0129 0.9999 -0.0074
vn 0.0130 0.9999 -0.0027
vn 0.0108 0.9959 -0.0901
vn 0.0108 0.9959 -0.0899
vn 0.0108 0.9959 -0.0897
vn 0.0108 0.9959 -0.0895
vn 0.0108 0.9959 -0.0893
vn 0.0108 0.9960 -0.0891
vn 0.0108 0.9960 -0.0889
vn 0.0108 0.9960 -0.0887
vn 0.0115 0.9981 -0.0607
vn 0.0120 0.9991 -0.0404
vn 0.0124 0.9996 -0.0255
vn 0.0130 0.9999 -0.0004
vn 0.0127 0.9998 -0.0151
vn 0.0124 0.9996 -0.0260
vn 0.0120 0.9991 -0.0410
vn 0.0115 0.9980 -0.0617
vn -0.0099 0.9974 0.0711
vn -0.0099 0.9974 0.0715
vn -0.0099 0.9974 0.0718
vn -0.0099 0.9973 0.0722
vn -0.0099 0.9973 0.0725
vn -0.0099 0.9973 0.0728
vn -0.0089 0.9988 0.0486
vn -0.0090 0.9987 0.0494
vn -0.0090 0.9987 0.0502
vn -0.0090 0.9987 0.0509
vn -0.0090 0.9986 0.0516
vn -0.0090 0.9986 0.0523
vn -0.0076 0.9995 0.0320
vn -0.0076 0.9994 0.0330
vn -0.0077 0.9994 0.0341
vn -0.0077 0.9994 0.0351
vn -0.0078 0.9993 0.0361
vn -0.0078 0.9993 0.0371
vn -0.0060 0.9998 0.0197
vn -0.0061 0.9998 0.0211
vn -0.0061 0.9997 0.0223
vn -0.0062 0.9997 0.0236
vn -0.0063 0.9997 0.0248
vn -0.0063 0.9996 0.0260
vn -0.0043 0.9999 0.0111
vn -0.0044 0.9999 0.0126
vn -0.0045 0.9999 0.0141
vn -0.0045 0.9999 0.0154
vn -0.0046 0.9998 0.0168
vn -0.0047 0.9998 0.0181
vn -0.0025 1.0000 0.0056
vn -0.0027 1.0000 0.0072
vn -0.0028 1.0000 0.0087
vn -0.0029 0.9999 0.0102
vn -0.0030 0.9999 0.0116
vn -0.0031 0.9999 0.0130
vn -0.0104 0.9948 0.1016
vn -0.0104 0.9948 0.1015
vn -0.0104 0.9948 0.1013
vn -0.0104 0.9948 0.1012
vn -0.0104 0.9948 0.1011
vn -0.0104 0.9948 0.1009
vn -0.0104 0.9949 0.1008
vn -0.0104 0.9949 0.1007
vn -0.0099 0.9973 0.0731
vn -0.0091 0.9986 0.0529
vn -0.0078 0.9992 0.0380
vn -0.0064 0.9996 0.0271
vn -0.0048 0.9998 0.0194
vn -0.0033 0.9999 0.0144
vn -0.0018 0.9999 0.0118
vn -0.0017 0.9999 0.0104
vn -0.0015 1.0000 0.0090
vn -0.0014 1.0000 0.0076
vn -0.0013 1.0000 0.0061
vn -0.0011 1.0000 0.0045
vn -0.0010 1.0000 0.0029
vn -0.0008 1.0000 0.0013
vn -0.0024 1.0000 0.0040
vn -0.0042 0.9999 0.0096
vn -0.0059 0.9998 0.0184
vn -0.0075 0.9995 0.0308
vn -0.0089 0.9988 0.0479
vn -0.0099 0.9974 0.0707
vn -0.0000 1.0000 -0.0000
vn 0.0168 0.9949 -0.0994
vn -0.0000 0.9767 -0.2147
vn -0.0084 0.9950 -0.0994
vn -0.0000 -0.0001 -1.0000
vn -0.0076 0.0825 -0.9966
vn -0.0000 0.1791 -0.9838
vn -0.0000 0.1790 -0.9838
vn 0.0153 0.0825 -0.9965
vn 0.0130 0.9999 -0.0000
vn 0.0024 -0.0000 1.0000
vn 0.0213 0.9998 0.0047
vn 0.0583 0.9981 0.0183
vn 0.1142 0.9923 0.0478
vn 0.1990 0.9748 0.1005
vn 0.3486 0.9185 0.1868
vn 0.5643 0.7713 0.2944
vn 0.0325 0.9995 0.0033
vn 0.0892 0.9959 0.0130
vn 0.1755 0.9839 0.0342
vn 0.3023 0.9506 0.0709
vn 0.5032 0.8555 0.1220
vn 0.7269 0.6661 0.1672
vn 0.0389 0.9992 0.0013
vn 0.1071 0.9942 0.0050
vn 0.2113 0.9773 0.0131
vn 0.3602 0.9325 0.0267
vn 0.5755 0.8167 0.0431
vn 0.7859 0.6160 0.0535
vn 0.0389 0.9992 -0.0013
vn 0.1073 0.9942 -0.0050
vn 0.2122 0.9771 -0.0131
vn 0.3632 0.9313 -0.0269
vn 0.5823 0.8118 -0.0436
vn 0.7946 0.6048 -0.0541
vn 0.0325 0.9995 -0.0033
vn 0.0896 0.9959 -0.0131
vn 0.1775 0.9835 -0.0346
vn 0.3092 0.9482 -0.0725
vn 0.5213 0.8440 -0.1264
vn 0.7542 0.6333 -0.1736
vn 0.0213 0.9998 -0.0047
vn 0.0586 0.9981 -0.0184
vn 0.1160 0.9921 -0.0485
vn 0.2057 0.9731 -0.1039
vn 0.3697 0.9078 -0.1980
vn 0.6092 0.7266 -0.3178
vn 0.0011 1.0000 0.0006
vn 0.0074 1.0000 0.0053
vn 0.0201 0.9996 0.0207
vn 0.0390 0.9978 0.0538
vn 0.0679 0.9913 0.1131
vn 0.1214 0.9689 0.2157
vn 0.2175 0.8967 0.3856
vn 0.4103 0.6645 0.6246
vn 0.8280 0.4648 0.3136
vn 0.8951 0.4144 0.1646
vn 0.9186 0.3920 0.0504
vn 0.9246 0.3776 -0.0507
vn 0.9147 0.3674 -0.1682
vn 0.8663 0.3768 -0.3280
vn 0.4687 0.5209 -0.7134
vn 0.2453 0.8664 -0.4350
vn 0.1305 0.9640 -0.2318
vn 0.0706 0.9906 -0.1175
vn 0.0397 0.9977 -0.0547
vn 0.0202 0.9996 -0.0209
vn 0.0074 1.0000 -0.0053
vn 0.0011 1.0000 -0.0006
vn 0.0030 1.0000 -0.0005
vn 0.0046 1.0000 -0.0004
vn 0.0055 1.0000 -0.0001
vn 0.0055 1.0000 0.0001
vn 0.0046 1.0000 0.0004
vn 0.0030 1.0000 0.0005
vn 0.0001 -0.0000 1.0000
vn -0.0001 -0.0000 1.0000
vn 0.9936 0.0395 -0.1056
vn 0.9939 0.0859 -0.0696
vn 0.9933 0.1129 -0.0237
vn 0.9924 0.1207 0.0237
vn 0.9916 0.1088 0.0694
vn 0.9916 0.0746 0.1054
vn 0.9984 0.0210 -0.0523
vn 0.9983 0.0461 -0.0367
vn 0.9980 0.0622 -0.0135
vn 0.9977 0.0667 0.0134
vn 0.9976 0.0583 0.0366
vn 0.9979 0.0384 0.0522
vn 0.9996 0.0121 -0.0248
vn 0.9995 0.0252 -0.0179
vn 0.9994 0.0342 -0.0069
vn 0.9993 0.0364 0.0068
vn 0.9994 0.0312 0.0179
vn 0.9995 0.0204 0.0247
vn 0.9999 0.0076 -0.0108
vn 0.9999 0.0146 -0.0078
vn 0.9998 0.0192 -0.0030
vn 0.9998 0.0202 0.0030
vn 0.9998 0.0172 0.0078
vn 0.9999 0.0112 0.0108
vn 1.0000 0.0043 -0.0039
vn 1.0000 0.0076 -0.0028
vn 1.0000 0.0097 -0.0011
vn 0.9999 0.0100 0.0011
vn 1.0000 0.0085 0.0028
vn 1.0000 0.0056 0.0039
vn 1.0000 0.0017 -0.0009
vn 1.0000 0.0028 -0.0007
vn 1.0000 0.0035 -0.0003
vn 1.0000 0.0036 0.0003
vn 1.0000 0.0030 0.0007
vn 1.0000 0.0020 0.0009
vn 0.9626 -0.0288 -0.2693
vn 0.9735 0.1113 -0.1999
vn 0.9776 0.1742 -0.1181
vn 0.9778 0.2064 -0.0374
vn 0.9752 0.2183 0.0373
vn 0.9702 0.2120 0.1172
vn 0.9642 0.1763 0.1980
vn 0.9612 0.0610 0.2689
vn 0.9928 0.0247 0.1173
vn 0.9983 0.0127 0.0568
vn 0.9996 0.0069 0.0273
vn 0.9999 0.0038 0.0121
vn 1.0000 0.0019 0.0044
vn 1.0000 0.0007 0.0011
vn 1.0000 0.0001 0.0001
vn 1.0000 0.0003 0.0001
vn 1.0000 0.0004 0.0001
vn 1.0000 0.0005 -0.0000
vn 1.0000 0.0004 -0.0001
vn 1.0000 0.0003 -0.0001
vn 1.0000 0.0001 -0.0001
vn 1.0000 0.0003 -0.0011
vn 1.0000 0.0005 -0.0044
vn 0.9999 -0.0002 -0.0121
vn 0.9996 -0.0022 -0.0273
vn 0.9984 -0.0062 -0.0568
vn 0.9930 -0.0144 -0.1173
vn -0.8824 0.3416 -0.3236
vn -0.8747 0.3821 -0.2982
vn -0.8673 0.4188 -0.2690
vn -0.8601 0.4521 -0.2365
vn -0.8530 0.4819 -0.2006
vn -0.8460 0.5083 -0.1613
vn -0.8391 0.5310 -0.1181
vn -0.8325 0.5495 -0.0708
vn 0.7945 -0.6056 0.0444
vn 0.7943 -0.5994 0.0990
vn 0.7960 -0.5861 0.1515
vn 0.7997 -0.5657 0.2013
vn 0.8054 -0.5384 0.2479
vn 0.8132 -0.5043 0.2906
vn 0.8231 -0.4631 0.3286
vn 0.8354 -0.4148 0.3606
vn -0.9876 0.0126 -0.1567
vn -0.9787 0.0307 -0.2031
vn -0.9668 0.0571 -0.2491
vn -0.9522 0.0930 -0.2910
vn -0.9357 0.1379 -0.3247
vn -0.9189 0.1897 -0.3458
vn -0.9035 0.2442 -0.3521
vn -0.8912 0.2962 -0.3436
vn 0.8515 -0.3579 0.3833
vn 0.8750 -0.2893 0.3882
vn 0.9037 -0.2153 0.3702
vn 0.9334 -0.1453 0.3282
vn 0.9599 -0.0866 0.2665
vn 0.9803 -0.0427 0.1930
vn 0.9931 -0.0133 0.1161
vn 0.9991 0.0041 0.0423
vn 1.0000 -0.0001 -0.0020
vn 0.9999 -0.0021 -0.0137
vn 0.9993 -0.0093 -0.0365
vn 0.9973 -0.0251 -0.0688
vn 0.9927 -0.0523 -0.1085
vn 0.9840 -0.0933 -0.1519
vn 0.9695 -0.1493 -0.1943
vn 0.9480 -0.2198 -0.2301
vn -0.8268 0.5621 -0.0198
vn -0.8250 0.5641 0.0334
vn -0.8282 0.5538 0.0859
vn -0.8366 0.5309 0.1353
vn -0.8502 0.4949 0.1794
vn -0.8691 0.4455 0.2150
vn -0.8929 0.3824 0.2376
vn -0.9206 0.3066 0.2419
vn 0.9200 -0.3001 -0.2520
vn 0.8915 -0.3763 -0.2524
vn 0.8657 -0.4423 -0.2345
vn 0.8437 -0.4968 -0.2034
vn 0.8258 -0.5398 -0.1630
vn 0.8121 -0.5718 -0.1162
vn 0.8025 -0.5931 -0.0650
vn 0.7968 -0.6042 -0.0109
vn 0.8325 0.5495 0.0708
vn 0.8391 0.5310 0.1181
vn 0.8460 0.5083 0.1613
vn 0.8530 0.4819 0.2006
vn 0.8601 0.4521 0.2365
vn 0.8673 0.4188 0.2690
vn 0.8747 0.3821 0.2982
vn 0.8824 0.3415 0.3236
vn -0.8354 -0.4148 -0.3606
vn -0.8231 -0.4631 -0.3286
vn -0.8132 -0.5043 -0.2906
vn -0.8054 -0.5384 -0.2479
vn -0.7997 -0.5657 -0.2013
vn -0.7960 -0.5861 -0.1515
vn -0.7943 -0.5994 -0.0990
vn -0.7945 -0.6056 -0.0444
vn 0.8916 0.2952 0.3435
vn 0.9048 0.2411 0.3510
vn 0.9214 0.1840 0.3424
vn 0.9392 0.1304 0.3176
vn 0.9562 0.0852 0.2800
vn 0.9707 0.0503 0.2350
vn 0.9819 0.0254 0.1877
vn 0.9898 0.0088 0.1419
vn -0.9874 -0.0114 -0.1576
vn -0.9774 -0.0307 -0.2090
vn -0.9631 -0.0601 -0.2624
vn -0.9441 -0.1020 -0.3134
vn -0.9213 -0.1569 -0.3558
vn -0.8964 -0.2223 -0.3834
vn -0.8721 -0.2921 -0.3925
vn -0.8510 -0.3583 -0.3839
vn -0.9480 -0.2198 0.2301
vn -0.9695 -0.1493 0.1943
vn -0.9840 -0.0933 0.1519
vn -0.9927 -0.0523 0.1085
vn -0.9973 -0.0251 0.0688
vn -0.9993 -0.0093 0.0365
vn -0.9999 -0.0021 0.0137
vn -1.0000 -0.0001 0.0020
vn 0.9206 0.3066 -0.2419
vn 0.8929 0.3824 -0.2377
vn 0.8691 0.4455 -0.2150
vn 0.8502 0.4949 -0.1794
vn 0.8366 0.5309 -0.1353
vn 0.8282 0.5538 -0.0859
vn 0.8250 0.5641 -0.0334
vn 0.8268 0.5621 0.0198
vn -0.7968 -0.6042 0.0109
vn -0.8025 -0.5931 0.0650
vn -0.8121 -0.5718 0.1162
vn -0.8258 -0.5398 0.1630
vn -0.8437 -0.4968 0.2034
vn -0.8657 -0.4423 0.2345
vn -0.8915 -0.3763 0.2524
vn -0.9200 -0.3001 0.2520
vn -0.9484 0.2247 0.2237
vn -0.9697 0.1523 0.1908
vn -0.9841 0.0950 0.1502
vn -0.9928 0.0531 0.1077
vn -0.9973 0.0254 0.0686
vn -0.9993 0.0094 0.0364
vn -0.9999 0.0021 0.0137
vn -1.0000 0.0001 0.0020
vn 1.0000 0.0001 -0.0020
vn 0.9999 0.0021 -0.0137
vn 0.9993 0.0094 -0.0364
vn 0.9973 0.0254 -0.0686
vn 0.9928 0.0531 -0.1077
vn 0.9841 0.0950 -0.1502
vn 0.9697 0.1523 -0.1908
vn 0.9484 0.2247 -0.2237
vn 0.9999 -0.0108 0.0014
vn 0.9999 -0.0130 0.0031
vn 0.9999 -0.0128 0.0086
vn 0.9998 -0.0124 0.0173
vn 0.9995 -0.0116 0.0297
vn 0.9989 -0.0100 0.0468
vn 0.9975 -0.0070 0.0699
vn 0.9949 -0.0014 0.1012
vn -0.9937 0.0002 -0.1123
vn -0.9970 0.0065 -0.0777
vn -0.9986 0.0098 -0.0520
vn -0.9994 0.0115 -0.0330
vn -0.9997 0.0124 -0.0192
vn -0.9999 0.0128 -0.0095
vn -0.9999 0.0130 -0.0034
vn -0.9999 0.0108 -0.0015
vn -0.1021 -0.0069 0.9948
vn -0.0999 -0.0107 0.9949
vn -0.0998 -0.0092 0.9950
vn -0.0998 -0.0078 0.9950
vn -0.0998 -0.0062 0.9950
vn -0.0998 -0.0047 0.9950
vn -0.0998 -0.0031 0.9950
vn -0.0998 -0.0015 0.9950
vn -1.0000 -0.0010 -0.0008
vn -1.0000 -0.0025 -0.0041
vn -0.9999 -0.0041 -0.0105
vn -0.9998 -0.0055 -0.0205
vn -0.9994 -0.0064 -0.0347
vn -0.9985 -0.0061 -0.0541
vn -0.9968 -0.0040 -0.0799
vn -0.9935 0.0016 -0.1138
vn 0.9997 0.0126 -0.0226
vn 0.9973 0.0151 -0.0713
vn 0.9942 0.0146 -0.1068
vn 0.9911 0.0127 -0.1325
vn 0.9885 0.0103 -0.1511
vn 0.9864 0.0079 -0.1639
vn 0.9851 0.0056 -0.1720
vn 0.9845 0.0027 -0.1755
vn 1.0000 0.0002 -0.0000
vn -0.0002 0.0003 -1.0000
vn -1.0000 -0.0002 0.0010
vn 0.9999 -0.0039 0.0112
vn 0.8938 0.1230 -0.4312
vn -0.8915 0.1278 -0.4346
vn -1.0000 -0.0020 0.0056
vn -0.3426 -0.9385 -0.0437
vn -0.0000 -0.9999 0.0159
vn 0.3450 -0.9382 -0.0289
vn 0.1002 -0.0000 -0.9950
vn 0.0996 0.0013 -0.9950
vn 0.9999 -0.0134 -0.0016
vn 0.9999 -0.0130 -0.0000
vn 0.9998 -0.0098 -0.0162
vn -0.9998 0.0099 0.0155
vn -0.9999 0.0130 -0.0000
vn -0.9999 0.0134 0.0016
vn 1.0000 -0.0000 -0.0024
vn 1.0000 -0.0069 -0.0050
vn -1.0000 0.0068 0.0050
vn -1.0000 -0.0000 0.0024
vn 0.0005 0.0001 1.0000
vn -0.0006 0.0001 1.0000
vn 1.0000 -0.0019 0.0006
vn 1.0000 -0.0029 0.0044
vn 1.0000 -0.0044 0.0030
vn 1.0000 -0.0053 0.0011
vn 1.0000 -0.0053 -0.0011
vn 1.0000 -0.0044 -0.0031
vn 1.0000 -0.0029 -0.0044
vn 0.9999 -0.0044 0.0117
vn -0.9999 0.0033 -0.0161
vn -0.0001 1.0000 -0.0000
vn 1.0000 -0.0006 -0.0002
vn -0.6707 0.6946 0.2601
vn 1.0000 -0.0001 -0.0000
vn 1.0000 -0.0000 -0.0001
vn 0.8493 0.4944 0.1851
vn -0.0001 1.0000 -0.0002
vn -0.0003 1.0000 -0.0003
vn -0.0004 1.0000 -0.0002
vn -0.0005 1.0000 -0.0000
vn -0.0005 1.0000 0.0001
vn -0.0004 1.0000 0.0002
vn -0.0002 1.0000 0.0003
vn -0.0001 1.0000 0.0001
vn -0.0002 -0.3169 -0.9484
vn -0.0013 -0.3187 -0.9479
vn -0.0046 -0.3225 -0.9466
vn -0.0124 -0.3294 -0.9441
vn -0.0284 -0.3421 -0.9392
vn -0.0612 -0.3693 -0.9273
vn -0.1371 -0.4449 -0.8850
vn -0.0159 0.1562 -0.9876
vn -0.2182 0.2696 -0.9379
vn -0.0000 -0.3166 -0.9486
vn -0.0000 -0.3165 -0.9486
vt 0.984375 0.125000
vt 0.984375 0.250000
vt 0.968750 0.250000
vt 0.968750 0.125000
vt 0.984375 0.375000
vt 0.968750 0.375000
vt 0.984375 0.500000
vt 0.968750 0.500000
vt 0.984375 0.625000
vt 0.968750 0.625000
vt 0.984375 0.750000
vt 0.968750 0.750000
vt 0.984375 0.875000
vt 0.968750 0.875000
vt 0.953125 0.250000
vt 0.953125 0.125000
vt 0.953125 0.375000
vt 0.953125 0.500000
vt 0.953125 0.625000
vt 0.953125 0.750000
vt 0.953125 0.875000
vt 0.937500 0.250000
vt 0.937500 0.125000
vt 0.937500 0.375000
vt 0.937500 0.500000
vt 0.937500 0.625000
vt 0.937500 0.750000
vt 0.937500 0.875000
vt 0.921875 0.250000
vt 0.921875 0.125000
vt 0.921875 0.375000
vt 0.921875 0.500000
vt 0.921875 0.625000
vt 0.921875 0.750000
vt 0.921875 0.875000
vt 0.906250 0.250000
vt 0.906250 0.125000
vt 0.906250 0.375000
vt 0.906250 0.500000
vt 0.906250 0.625000
vt 0.906250 0.750000
vt 0.906250 0.875000
vt 0.890625 0.250000
vt 0.890625 0.125000
vt 0.890625 0.375000
vt 0.890625 0.500000
vt 0.890625 0.625000
vt 0.890625 0.750000
vt 0.890625 0.875000
vt 1.000000 0.000000
vt 1.000000 0.125000
vt 0.984375 0.000000
vt 1.000000 0.250000
vt 1.000000 0.375000
vt 1.000000 0.500000
vt 1.000000 0.625000
vt 1.000000 0.750000
vt 1.000000 0.875000
vt 1.000000 1.000000
vt 0.984375 1.000000
vt 0.968750 1.000000
vt 0.953125 1.000000
vt 0.937500 1.000000
vt 0.921875 1.000000
vt 0.906250 1.000000
vt 0.890625 1.000000
vt 0.875000 1.000000
vt 0.875000 0.875000
vt 0.875000 0.750000
vt 0.875000 0.625000
vt 0.875000 0.500000
vt 0.875000 0.375000
vt 0.875000 0.250000
vt 0.875000 0.125000
vt 0.890625 0.000000
vt 0.875000 0.000000
vt 0.906250 0.000000
vt 0.921875 0.000000
vt 0.937500 0.000000
vt 0.953125 0.000000
vt 0.968750 0.000000
vt 0.859385 0.125000
vt 0.859394 0.250000
vt 0.843899 0.250000
vt 0.843830 0.125000
vt 0.859400 0.375000
vt 0.843948 0.375000
vt 0.859402 0.500000
vt 0.843967 0.500000
vt 0.859400 0.625000
vt 0.843948 0.625000
vt 0.859394 0.750000
vt 0.843899 0.750000
vt 0.859385 0.875000
vt 0.843830 0.875000
vt 0.828629 0.250000
vt 0.828394 0.125000
vt 0.828795 0.375000
vt 0.828858 0.500000
vt 0.828795 0.625000
vt 0.828629 0.750000
vt 0.828394 0.875000
vt 0.813694 0.250000
vt 0.813138 0.125000
vt 0.814087 0.375000
vt 0.814236 0.500000
vt 0.814087 0.625000
vt 0.813694 0.750000
vt 0.813138 0.875000
vt 0.799267 0.250000
vt 0.798158 0.125000
vt 0.800035 0.375000
vt 0.800320 0.500000
vt 0.800035 0.625000
vt 0.799267 0.750000
vt 0.798158 0.875000
vt 0.785767 0.250000
vt 0.783707 0.125000
vt 0.787088 0.375000
vt 0.787543 0.500000
vt 0.787087 0.625000
vt 0.785767 0.750000
vt 0.783707 0.875000
vt 0.773778 0.250000
vt 0.770302 0.125000
vt 0.775769 0.375000
vt 0.776394 0.500000
vt 0.775769 0.625000
vt 0.773778 0.750000
vt 0.770302 0.875000
vt 0.859375 0.000000
vt 0.859375 1.000000
vt 0.843750 1.000000
vt 0.828125 1.000000
vt 0.812500 1.000000
vt 0.796875 1.000000
vt 0.781250 1.000000
vt 0.765625 1.000000
vt 0.750000 1.000000
vt 0.759820 0.875000
vt 0.764323 0.750000
vt 0.766656 0.625000
vt 0.767361 0.500000
vt 0.766656 0.375000
vt 0.764323 0.250000
vt 0.759820 0.125000
vt 0.765625 0.000000
vt 0.750000 0.000000
vt 0.781250 0.000000
vt 0.796875 0.000000
vt 0.812500 0.000000
vt 0.828125 0.000000
vt 0.843750 0.000000
vt 0.234375 0.125000
vt 0.234375 0.250000
vt 0.218750 0.250000
vt 0.218750 0.125000
vt 0.234375 0.375000
vt 0.218750 0.375000
vt 0.234375 0.500000
vt 0.218750 0.500000
vt 0.234375 0.625000
vt 0.218750 0.625000
vt 0.234375 0.750000
vt 0.218750 0.750000
vt 0.234375 0.875000
vt 0.218750 0.875000
vt 0.203125 0.250000
vt 0.203125 0.125000
vt 0.203125 0.375000
vt 0.203125 0.500000
vt 0.203125 0.625000
vt 0.203125 0.750000
vt 0.203125 0.875000
vt 0.187500 0.250000
vt 0.187500 0.125000
vt 0.187500 0.375000
vt 0.187500 0.500000
vt 0.187500 0.625000
vt 0.187500 0.750000
vt 0.187500 0.875000
vt 0.171875 0.250000
vt 0.171875 0.125000
vt 0.171875 0.375000
vt 0.171875 0.500000
vt 0.171875 0.625000
vt 0.171875 0.750000
vt 0.171875 0.875000
vt 0.156250 0.250000
vt 0.156250 0.125000
vt 0.156250 0.375000
vt 0.156250 0.500000
vt 0.156250 0.625000
vt 0.156250 0.750000
vt 0.156250 0.875000
vt 0.140625 0.250000
vt 0.140625 0.125000
vt 0.140625 0.375000
vt 0.140625 0.500000
vt 0.140625 0.625000
vt 0.140625 0.750000
vt 0.140625 0.875000
vt 0.250000 0.000000
vt 0.250000 0.125000
vt 0.234375 0.000000
vt 0.250000 0.250000
vt 0.250000 0.375000
vt 0.250000 0.500000
vt 0.250000 0.625000
vt 0.250000 0.750000
vt 0.250000 0.875000
vt 0.250000 1.000000
vt 0.234375 1.000000
vt 0.218750 1.000000
vt 0.203125 1.000000
vt 0.187500 1.000000
vt 0.171875 1.000000
vt 0.156250 1.000000
vt 0.140625 1.000000
vt 0.125000 1.000000
vt 0.125000 0.875000
vt 0.125000 0.750000
vt 0.125000 0.625000
vt 0.125000 0.500000
vt 0.125000 0.375000
vt 0.125000 0.250000
vt 0.125000 0.125000
vt 0.140625 0.000000
vt 0.125000 0.000000
vt 0.156250 0.000000
vt 0.171875 0.000000
vt 0.187500 0.000000
vt 0.203125 0.000000
vt 0.218750 0.000000
vt 0.109375 0.125000
vt 0.109375 0.250000
vt 0.093750 0.250000
vt 0.093750 0.125000
vt 0.109375 0.375000
vt 0.093750 0.375000
vt 0.109375 0.500000
vt 0.093750 0.500000
vt 0.109375 0.625000
vt 0.093750 0.625000
vt 0.109375 0.750000
vt 0.093750 0.750000
vt 0.109375 0.875000
vt 0.093750 0.875000
vt 0.078125 0.250000
vt 0.078125 0.125000
vt 0.078125 0.375000
vt 0.078125 0.500000
vt 0.078125 0.625000
vt 0.078125 0.750000
vt 0.078125 0.875000
vt 0.062500 0.250000
vt 0.062500 0.125000
vt 0.062500 0.375000
vt 0.062500 0.500000
vt 0.062500 0.625000
vt 0.062500 0.750000
vt 0.062500 0.875000
vt 0.046875 0.250000
vt 0.046875 0.125000
vt 0.046875 0.375000
vt 0.046875 0.500000
vt 0.046875 0.625000
vt 0.046875 0.750000
vt 0.046875 0.875000
vt 0.031250 0.250000
vt 0.031250 0.125000
vt 0.031250 0.375000
vt 0.031250 0.500000
vt 0.031250 0.625000
vt 0.031250 0.750000
vt 0.031250 0.875000
vt 0.015625 0.250000
vt 0.015625 0.125000
vt 0.015625 0.375000
vt 0.015625 0.500000
vt 0.015625 0.625000
vt 0.015625 0.750000
vt 0.015625 0.875000
vt 0.109375 0.000000
vt 0.109375 1.000000
vt 0.093750 1.000000
vt 0.078125 1.000000
vt 0.062500 1.000000
vt 0.046875 1.000000
vt 0.031250 1.000000
vt 0.015625 1.000000
vt 0.000000 1.000000
vt 0.000000 0.875000
vt 0.000000 0.750000
vt 0.000000 0.625000
vt 0.000000 0.500000
vt 0.000000 0.375000
vt 0.000000 0.250000
vt 0.000000 0.125000
vt 0.015625 0.000000
vt 0.000000 0.000000
vt 0.031250 0.000000
vt 0.046875 0.000000
vt 0.062500 0.000000
vt 0.078125 0.000000
vt 0.093750 0.000000
vt 0.754677 0.125000
vt 0.758153 0.250000
vt 0.754517 0.250000
vt 0.752457 0.125000
vt 0.760144 0.375000
vt 0.755837 0.375000
vt 0.760769 0.500000
vt 0.756293 0.500000
vt 0.760144 0.625000
vt 0.755838 0.625000
vt 0.758153 0.750000
vt 0.754517 0.750000
vt 0.754677 0.875000
vt 0.752457 0.875000
vt 0.752392 0.250000
vt 0.751283 0.125000
vt 0.753160 0.375000
vt 0.753445 0.500000
vt 0.753160 0.625000
vt 0.752392 0.750000
vt 0.751283 0.875000
vt 0.751194 0.250000
vt 0.750638 0.125000
vt 0.751587 0.375000
vt 0.751736 0.500000
vt 0.751587 0.625000
vt 0.751194 0.750000
vt 0.750638 0.875000
vt 0.750504 0.250000
vt 0.750269 0.125000
vt 0.750670 0.375000
vt 0.750733 0.500000
vt 0.750670 0.625000
vt 0.750504 0.750000
vt 0.750269 0.875000
vt 0.750149 0.250000
vt 0.750080 0.125000
vt 0.750198 0.375000
vt 0.750217 0.500000
vt 0.750198 0.625000
vt 0.750149 0.750000
vt 0.750080 0.875000
vt 0.750019 0.250000
vt 0.750010 0.125000
vt 0.750025 0.375000
vt 0.750027 0.500000
vt 0.750025 0.625000
vt 0.750019 0.750000
vt 0.750010 0.875000
vt 0.750000 0.000000
vt 0.750000 1.000000
vt 0.750000 1.000000
vt 0.750000 0.875000
vt 0.750000 0.750000
vt 0.750000 0.625000
vt 0.750000 0.500000
vt 0.750000 0.375000
vt 0.750000 0.250000
vt 0.750000 0.125000
vt 0.750000 0.000000
vt 0.750000 0.000000
vt 0.750000 0.000000
vt 0.750000 1.000000
vt 0.750000 1.000000
vt 0.750000 1.000000
vt 0.750000 1.000000
vt 0.750000 1.000000
vt 0.750000 1.000000
vt 0.750000 1.000000
vt 0.750000 0.125000
vt 0.750000 0.250000
vt 0.750000 0.250000
vt 0.750000 0.125000
vt 0.750000 0.375000
vt 0.750000 0.500000
vt 0.750000 0.625000
vt 0.750000 0.625000
vt 0.750000 0.875000
vt 0.750000 0.875000
vt 0.750000 0.250000
vt 0.750000 0.750000
vt 0.750000 0.875000
vt 0.750000 0.375000
vt 0.750000 0.875000
vt 0.750000 0.125000
vt 0.750000 0.625000
vt 0.750000 0.875000
vt 0.750000 0.250000
vt 0.750000 0.625000
vt 0.750000 0.750000
vt 0.750000 0.250000
vt 0.750000 0.375000
vt 0.750000 0.500000
vt 0.750000 0.750000
vt 0.750000 0.875000
vt 0.750000 1.000000
vt 0.750000 1.000000
vt 0.750000 0.875000
vt 0.750000 0.625000
vt 0.750000 0.500000
vt 0.750000 0.375000
vt 0.750000 0.250000
vt 0.750000 0.375000
vt 0.750000 0.500000
vt 0.750000 0.625000
vt 0.750000 0.875000
vt 0.750000 0.750000
vt 0.750000 0.875000
vt 0.750000 0.125000
vt 0.750000 0.375000
vt 0.750000 0.500000
vt 0.750000 0.625000
vt 0.750000 0.750000
vt 0.750000 0.875000
vt 0.750000 0.125000
vt 0.750000 1.000000
vt 0.750000 0.250000
vt 0.750000 0.250000
vt 0.750000 0.750000
vt 0.750000 0.875000
vt 0.750000 0.375000
vt 0.750000 0.375000
vt 0.750000 0.250000
vt 0.750000 1.000000
vt 0.750000 1.000000
vt 0.750000 1.000000
vt 0.750000 1.000000
s 0
f 777/1/1 778/2/1 785/3/1 784/4/1
f 778/2/2 779/5/2 786/6/2 785/3/2
f 779/5/3 780/7/3 787/8/3 786/6/3
f 780/7/4 781/9/4 788/10/4 787/8/4
f 781/9/5 782/11/5 789/12/5 788/10/5
f 782/11/6 783/13/6 790/14/6 789/12/6
f 784/4/7 785/3/7 792/15/7 791/16/7
f 785/3/8 786/6/8 793/17/8 792/15/8
f 786/6/9 787/8/9 794/18/9 793/17/9
f 787/8/10 788/10/10 795/19/10 794/18/10
f 788/10/11 789/12/11 796/20/11 795/19/11
f 789/12/12 790/14/12 797/21/12 796/20/12
f 791/16/13 792/15/13 799/22/13 798/23/13
f 792/15/14 793/17/14 800/24/14 799/22/14
f 793/17/15 794/18/15 801/25/15 800/24/15
f 794/18/16 795/19/16 802/26/16 801/25/16
f 795/19/17 796/20/17 803/27/17 802/26/17
f 796/20/18 797/21/18 804/28/18 803/27/18
f 798/23/19 799/22/19 806/29/19 805/30/19
f 799/22/20 800/24/20 807/31/20 806/29/20
f 800/24/21 801/25/21 808/32/21 807/31/21
f 801/25/22 802/26/22 809/33/22 808/32/22
f 802/26/23 803/27/23 810/34/23 809/33/23
f 803/27/24 804/28/24 811/35/24 810/34/24
f 805/30/25 806/29/25 813/36/25 812/37/25
f 806/29/26 807/31/26 814/38/26 813/36/26
f 807/31/27 808/32/27 815/39/27 814/38/27
f 808/32/28 809/33/28 816/40/28 815/39/28
f 809/33/29 810/34/29 817/41/29 816/40/29
f 810/34/30 811/35/30 818/42/30 817/41/30
f 812/37/31 813/36/31 820/43/31 819/44/31
f 813/36/32 814/38/32 821/45/32 820/43/32
f 814/38/33 815/39/33 822/46/33 821/45/33
f 815/39/34 816/40/34 823/47/34 822/46/34
f 816/40/35 817/41/35 824/48/35 823/47/35
f 817/41/36 818/42/36 825/49/36 824/48/36
f 1/50/37 77/51/37 777/1/37 76/52/37
f 77/51/38 78/53/38 778/2/38 777/1/38
f 78/53/39 79/54/39 779/5/39 778/2/39
f 79/54/40 80/55/40 780/7/40 779/5/40
f 80/55/41 81/56/41 781/9/41 780/7/41
f 81/56/42 82/57/42 782/11/42 781/9/42
f 82/57/43 83/58/43 783/13/43 782/11/43
f 83/58/44 2/59/44 84/60/44 783/13/44
f 783/13/45 84/60/45 85/61/45 790/14/45
f 790/14/46 85/61/46 86/62/46 797/21/46
f 797/21/47 86/62/47 87/63/47 804/28/47
f 804/28/48 87/63/48 88/64/48 811/35/48
f 811/35/49 88/64/49 89/65/49 818/42/49
f 818/42/50 89/65/50 90/66/50 825/49/50
f 825/49/51 90/66/51 4/67/51 91/68/51
f 824/48/52 825/49/52 91/68/52 92/69/52
f 823/47/53 824/48/53 92/69/53 93/70/53
f 822/46/54 823/47/54 93/70/54 94/71/54
f 821/45/55 822/46/55 94/71/55 95/72/55
f 820/43/56 821/45/56 95/72/56 96/73/56
f 819/44/57 820/43/57 96/73/57 97/74/57
f 70/75/58 819/44/58 97/74/58 3/76/58
f 71/77/59 812/37/59 819/44/59 70/75/59
f 72/78/60 805/30/60 812/37/60 71/77/60
f 73/79/61 798/23/61 805/30/61 72/78/61
f 74/80/62 791/16/62 798/23/62 73/79/62
f 75/81/63 784/4/63 791/16/63 74/80/63
f 76/52/64 777/1/64 784/4/64 75/81/64
f 826/82/65 827/83/65 834/84/65 833/85/65
f 827/83/66 828/86/66 835/87/66 834/84/66
f 828/86/67 829/88/67 836/89/67 835/87/67
f 829/88/68 830/90/68 837/91/68 836/89/68
f 830/90/69 831/92/69 838/93/69 837/91/69
f 831/92/70 832/94/70 839/95/70 838/93/70
f 833/85/71 834/84/71 841/96/71 840/97/71
f 834/84/72 835/87/72 842/98/72 841/96/72
f 835/87/73 836/89/73 843/99/73 842/98/73
f 836/89/74 837/91/74 844/100/74 843/99/74
f 837/91/75 838/93/75 845/101/75 844/100/75
f 838/93/76 839/95/76 846/102/76 845/101/76
f 840/97/77 841/96/77 848/103/77 847/104/77
f 841/96/78 842/98/78 849/105/78 848/103/78
f 842/98/79 843/99/79 850/106/79 849/105/79
f 843/99/80 844/100/80 851/107/80 850/106/80
f 844/100/81 845/101/81 852/108/81 851/107/81
f 845/101/82 846/102/82 853/109/82 852/108/82
f 847/104/83 848/103/83 855/110/83 854/111/83
f 848/103/84 849/105/84 856/112/84 855/110/84
f 849/105/85 850/106/85 857/113/85 856/112/85
f 850/106/86 851/107/86 858/114/86 857/113/86
f 851/107/87 852/108/87 859/115/87 858/114/87
f 852/108/88 853/109/88 860/116/88 859/115/88
f 854/111/89 855/110/89 862/117/89 861/118/89
f 855/110/90 856/112/90 863/119/90 862/117/90
f 856/112/91 857/113/91 864/120/91 863/119/91
f 857/113/92 858/114/92 865/121/92 864/120/92
f 858/114/93 859/115/93 866/122/93 865/121/93
f 859/115/94 860/116/94 867/123/94 866/122/94
f 861/118/95 862/117/95 869/124/95 868/125/95
f 862/117/96 863/119/96 870/126/96 869/124/96
f 863/119/97 864/120/97 871/127/97 870/126/97
f 864/120/98 865/121/98 872/128/98 871/127/98
f 865/121/99 866/122/99 873/129/99 872/128/99
f 866/122/100 867/123/100 874/130/100 873/129/100
f 3/76/101 97/74/101 826/82/101 104/131/101
f 97/74/102 96/73/102 827/83/102 826/82/102
f 96/73/103 95/72/103 828/86/103 827/83/103
f 95/72/104 94/71/104 829/88/104 828/86/104
f 94/71/105 93/70/105 830/90/105 829/88/105
f 93/70/106 92/69/106 831/92/106 830/90/106
f 92/69/107 91/68/107 832/94/107 831/92/107
f 91/68/108 4/67/108 105/132/108 832/94/108
f 832/94/109 105/132/109 106/133/109 839/95/109
f 839/95/110 106/133/110 107/134/110 846/102/110
f 846/102/111 107/134/111 108/135/111 853/109/111
f 853/109/112 108/135/112 109/136/112 860/116/112
f 860/116/113 109/136/113 110/137/113 867/123/113
f 867/123/114 110/137/114 111/138/114 874/130/114
f 874/130/115 111/138/115 6/139/115 112/140/115
f 873/129/116 874/130/116 112/140/116 113/141/116
f 872/128/117 873/129/117 113/141/117 114/142/117
f 871/127/118 872/128/118 114/142/118 115/143/118
f 870/126/119 871/127/119 115/143/119 116/144/119
f 869/124/120 870/126/120 116/144/120 117/145/120
f 868/125/121 869/124/121 117/145/121 118/146/121
f 98/147/122 868/125/122 118/146/122 5/148/122
f 99/149/123 861/118/123 868/125/123 98/147/123
f 100/150/124 854/111/124 861/118/124 99/149/124
f 101/151/125 847/104/125 854/111/125 100/150/125
f 102/152/126 840/97/126 847/104/126 101/151/126
f 103/153/127 833/85/127 840/97/127 102/152/127
f 104/131/128 826/82/128 833/85/128 103/153/128
f 875/154/129 876/155/129 883/156/129 882/157/129
f 876/155/129 877/158/129 884/159/129 883/156/129
f 877/158/129 878/160/129 885/161/129 884/159/129
f 878/160/129 879/162/129 886/163/129 885/161/129
f 879/162/129 880/164/129 887/165/129 886/163/129
f 880/164/129 881/166/129 888/167/129 887/165/129
f 882/157/130 883/156/130 890/168/130 889/169/130
f 883/156/130 884/159/130 891/170/130 890/168/130
f 884/159/130 885/161/130 892/171/130 891/170/130
f 885/161/130 886/163/130 893/172/130 892/171/130
f 886/163/130 887/165/130 894/173/130 893/172/130
f 887/165/130 888/167/130 895/174/130 894/173/130
f 889/169/131 890/168/131 897/175/131 896/176/131
f 890/168/131 891/170/131 898/177/131 897/175/131
f 891/170/131 892/171/131 899/178/131 898/177/131
f 892/171/131 893/172/131 900/179/131 899/178/131
f 893/172/131 894/173/131 901/180/131 900/179/131
f 894/173/131 895/174/131 902/181/131 901/180/131
f 896/176/132 897/175/132 904/182/132 903/183/132
f 897/175/132 898/177/132 905/184/132 904/182/132
f 898/177/132 899/178/132 906/185/132 905/184/132
f 899/178/132 900/179/132 907/186/132 906/185/132
f 900/179/132 901/180/132 908/187/132 907/186/132
f 901/180/132 902/181/132 909/188/132 908/187/132
f 903/183/133 904/182/133 911/189/133 910/190/133
f 904/182/133 905/184/133 912/191/133 911/189/133
f 905/184/133 906/185/133 913/192/133 912/191/133
f 906/185/133 907/186/133 914/193/133 913/192/133
f 907/186/133 908/187/133 915/194/133 914/193/133
f 908/187/133 909/188/133 916/195/133 915/194/133
f 910/190/134 911/189/134 918/196/134 917/197/134
f 911/189/134 912/191/134 919/198/134 918/196/134
f 912/191/134 913/192/134 920/199/134 919/198/134
f 913/192/134 914/193/134 921/200/134 920/199/134
f 914/193/134 915/194/134 922/201/134 921/200/134
f 915/194/134 916/195/134 923/202/134 922/201/134
f 16/203/135 230/204/135 875/154/135 237/205/135
f 230/204/135 229/206/135 876/155/135 875/154/135
f 229/206/135 228/207/135 877/158/135 876/155/135
f 228/207/135 227/208/135 878/160/135 877/158/135
f 227/208/135 226/209/135 879/162/135 878/160/135
f 226/209/135 225/210/135 880/164/135 879/162/135
f 225/210/135 224/211/135 881/166/135 880/164/135
f 224/211/136 7/212/136 119/213/136 881/166/136
f 881/166/137 119/213/137 120/214/137 888/167/137
f 888/167/138 120/214/138 121/215/138 895/174/138
f 895/174/139 121/215/139 122/216/139 902/181/139
f 902/181/140 122/216/140 123/217/140 909/188/140
f 909/188/141 123/217/141 124/218/141 916/195/141
f 916/195/142 124/218/142 125/219/142 923/202/142
f 923/202/143 125/219/143 9/220/143 126/221/143
f 922/201/144 923/202/144 126/221/144 127/222/144
f 921/200/144 922/201/144 127/222/144 128/223/144
f 920/199/144 921/200/144 128/223/144 129/224/144
f 919/198/144 920/199/144 129/224/144 130/225/144
f 918/196/144 919/198/144 130/225/144 131/226/144
f 917/197/144 918/196/144 131/226/144 132/227/144
f 231/228/145 917/197/145 132/227/145 8/229/145
f 232/230/146 910/190/146 917/197/146 231/228/146
f 233/231/147 903/183/147 910/190/147 232/230/147
f 234/232/148 896/176/148 903/183/148 233/231/148
f 235/233/149 889/169/149 896/176/149 234/232/149
f 236/234/150 882/157/150 889/169/150 235/233/150
f 237/205/129 875/154/129 882/157/129 236/234/129
f 924/235/151 925/236/151 932/237/151 931/238/151
f 925/236/152 926/239/152 933/240/152 932/237/152
f 926/239/153 927/241/153 934/242/153 933/240/153
f 927/241/154 928/243/154 935/244/154 934/242/154
f 928/243/155 929/245/155 936/246/155 935/244/155
f 929/245/156 930/247/156 937/248/156 936/246/156
f 931/238/157 932/237/157 939/249/157 938/250/157
f 932/237/158 933/240/158 940/251/158 939/249/158
f 933/240/159 934/242/159 941/252/159 940/251/159
f 934/242/160 935/244/160 942/253/160 941/252/160
f 935/244/161 936/246/161 943/254/161 942/253/161
f 936/246/162 937/248/162 944/255/162 943/254/162
f 938/250/163 939/249/163 946/256/163 945/257/163
f 939/249/164 940/251/164 947/258/164 946/256/164
f 940/251/165 941/252/165 948/259/165 947/258/165
f 941/252/166 942/253/166 949/260/166 948/259/166
f 942/253/167 943/254/167 950/261/167 949/260/167
f 943/254/168 944/255/168 951/262/168 950/261/168
f 945/257/169 946/256/169 953/263/169 952/264/169
f 946/256/170 947/258/170 954/265/170 953/263/170
f 947/258/171 948/259/171 955/266/171 954/265/171
f 948/259/172 949/260/172 956/267/172 955/266/172
f 949/260/173 950/261/173 957/268/173 956/267/173
f 950/261/174 951/262/174 958/269/174 957/268/174
f 952/264/175 953/263/175 960/270/175 959/271/175
f 953/263/176 954/265/176 961/272/176 960/270/176
f 954/265/177 955/266/177 962/273/177 961/272/177
f 955/266/178 956/267/178 963/274/178 962/273/178
f 956/267/179 957/268/179 964/275/179 963/274/179
f 957/268/180 958/269/180 965/276/180 964/275/180
f 959/271/181 960/270/181 967/277/181 966/278/181
f 960/270/182 961/272/182 968/279/182 967/277/182
f 961/272/183 962/273/183 969/280/183 968/279/183
f 962/273/184 963/274/184 970/281/184 969/280/184
f 963/274/185 964/275/185 971/282/185 970/281/185
f 964/275/186 965/276/186 972/283/186 971/282/186
f 8/229/187 132/227/187 924/235/187 139/284/187
f 132/227/188 131/226/188 925/236/188 924/235/188
f 131/226/188 130/225/188 926/239/188 925/236/188
f 130/225/188 129/224/188 927/241/188 926/239/188
f 129/224/188 128/223/188 928/243/188 927/241/188
f 128/223/189 127/222/189 929/245/189 928/243/189
f 127/222/189 126/221/189 930/247/189 929/245/189
f 126/221/190 9/220/190 140/285/190 930/247/190
f 930/247/191 140/285/191 141/286/191 937/248/191
f 937/248/192 141/286/192 142/287/192 944/255/192
f 944/255/193 142/287/193 143/288/193 951/262/193
f 951/262/194 143/288/194 144/289/194 958/269/194
f 958/269/195 144/289/195 145/290/195 965/276/195
f 965/276/196 145/290/196 146/291/196 972/283/196
f 972/283/197 146/291/197 2/292/197 83/293/197
f 971/282/198 972/283/198 83/293/198 82/294/198
f 970/281/199 971/282/199 82/294/199 81/295/199
f 969/280/200 970/281/200 81/295/200 80/296/200
f 968/279/201 969/280/201 80/296/201 79/297/201
f 967/277/202 968/279/202 79/297/202 78/298/202
f 966/278/203 967/277/203 78/298/203 77/299/203
f 133/300/204 966/278/204 77/299/204 1/301/204
f 134/302/205 959/271/205 966/278/205 133/300/205
f 135/303/206 952/264/206 959/271/206 134/302/206
f 136/304/207 945/257/207 952/264/207 135/303/207
f 137/305/208 938/250/208 945/257/208 136/304/208
f 138/306/209 931/238/209 938/250/209 137/305/209
f 139/284/210 924/235/210 931/238/210 138/306/210
f 973/1/211 974/2/211 981/3/211 980/4/211
f 974/2/212 975/5/212 982/6/212 981/3/212
f 975/5/213 976/7/213 983/8/213 982/6/213
f 976/7/214 977/9/214 984/10/214 983/8/214
f 977/9/215 978/11/215 985/12/215 984/10/215
f 978/11/216 979/13/216 986/14/216 985/12/216
f 980/4/217 981/3/217 988/15/217 987/16/217
f 981/3/218 982/6/218 989/17/218 988/15/218
f 982/6/219 983/8/219 990/18/219 989/17/219
f 983/8/220 984/10/220 991/19/220 990/18/220
f 984/10/221 985/12/221 992/20/221 991/19/221
f 985/12/222 986/14/222 993/21/222 992/20/222
f 987/16/223 988/15/223 995/22/223 994/23/223
f 988/15/224 989/17/224 996/24/224 995/22/224
f 989/17/225 990/18/225 997/25/225 996/24/225
f 990/18/226 991/19/226 998/26/226 997/25/226
f 991/19/227 992/20/227 999/27/227 998/26/227
f 992/20/228 993/21/228 1000/28/228 999/27/228
f 994/23/229 995/22/229 1002/29/229 1001/30/229
f 995/22/230 996/24/230 1003/31/230 1002/29/230
f 996/24/231 997/25/231 1004/32/231 1003/31/231
f 997/25/232 998/26/232 1005/33/232 1004/32/232
f 998/26/233 999/27/233 1006/34/233 1005/33/233
f 999/27/234 1000/28/234 1007/35/234 1006/34/234
f 1001/30/235 1002/29/235 1009/36/235 1008/37/235
f 1002/29/236 1003/31/236 1010/38/236 1009/36/236
f 1003/31/237 1004/32/237 1011/39/237 1010/38/237
f 1004/32/238 1005/33/238 1012/40/238 1011/39/238
f 1005/33/239 1006/34/239 1013/41/239 1012/40/239
f 1006/34/240 1007/35/240 1014/42/240 1013/41/240
f 1008/37/241 1009/36/241 1016/43/241 1015/44/241
f 1009/36/242 1010/38/242 1017/45/242 1016/43/242
f 1010/38/243 1011/39/243 1018/46/243 1017/45/243
f 1011/39/244 1012/40/244 1019/47/244 1018/46/244
f 1012/40/245 1013/41/245 1020/48/245 1019/47/245
f 1013/41/246 1014/42/246 1021/49/246 1020/48/246
f 10/50/247 154/51/247 973/1/247 147/52/247
f 154/51/248 155/53/248 974/2/248 973/1/248
f 155/53/249 156/54/249 975/5/249 974/2/249
f 156/54/250 157/55/250 976/7/250 975/5/250
f 157/55/251 158/56/251 977/9/251 976/7/251
f 158/56/252 159/57/252 978/11/252 977/9/252
f 159/57/253 160/58/253 979/13/253 978/11/253
f 160/58/254 11/59/254 167/60/254 979/13/254
f 979/13/255 167/60/255 166/61/255 986/14/255
f 986/14/256 166/61/256 165/62/256 993/21/256
f 993/21/257 165/62/257 164/63/257 1000/28/257
f 1000/28/258 164/63/258 163/64/258 1007/35/258
f 1007/35/259 163/64/259 162/65/259 1014/42/259
f 1014/42/260 162/65/260 161/66/260 1021/49/260
f 1021/49/261 161/66/261 13/67/261 168/68/261
f 1020/48/262 1021/49/262 168/68/262 169/69/262
f 1019/47/263 1020/48/263 169/69/263 170/70/263
f 1018/46/264 1019/47/264 170/70/264 171/71/264
f 1017/45/265 1018/46/265 171/71/265 172/72/265
f 1016/43/266 1017/45/266 172/72/266 173/73/266
f 1015/44/267 1016/43/267 173/73/267 174/74/267
f 153/75/268 1015/44/268 174/74/268 12/76/268
f 152/77/269 1008/37/269 1015/44/269 153/75/269
f 151/78/270 1001/30/270 1008/37/270 152/77/270
f 150/79/271 994/23/271 1001/30/271 151/78/271
f 149/80/272 987/16/272 994/23/272 150/79/272
f 148/81/273 980/4/273 987/16/273 149/80/273
f 147/52/274 973/1/274 980/4/274 148/81/274
f 1022/82/275 1023/83/275 1030/84/275 1029/85/275
f 1023/83/276 1024/86/276 1031/87/276 1030/84/276
f 1024/86/277 1025/88/277 1032/89/277 1031/87/277
f 1025/88/278 1026/90/278 1033/91/278 1032/89/278
f 1026/90/279 1027/92/279 1034/93/279 1033/91/279
f 1027/92/280 1028/94/280 1035/95/280 1034/93/280
f 1029/85/281 1030/84/281 1037/96/281 1036/97/281
f 1030/84/282 1031/87/282 1038/98/282 1037/96/282
f 1031/87/283 1032/89/283 1039/99/283 1038/98/283
f 1032/89/284 1033/91/284 1040/100/284 1039/99/284
f 1033/91/285 1034/93/285 1041/101/285 1040/100/285
f 1034/93/286 1035/95/286 1042/102/286 1041/101/286
f 1036/97/287 1037/96/287 1044/103/287 1043/104/287
f 1037/96/288 1038/98/288 1045/105/288 1044/103/288
f 1038/98/289 1039/99/289 1046/106/289 1045/105/289
f 1039/99/290 1040/100/290 1047/107/290 1046/106/290
f 1040/100/291 1041/101/291 1048/108/291 1047/107/291
f 1041/101/292 1042/102/292 1049/109/292 1048/108/292
f 1043/104/293 1044/103/293 1051/110/293 1050/111/293
f 1044/103/294 1045/105/294 1052/112/294 1051/110/294
f 1045/105/295 1046/106/295 1053/113/295 1052/112/295
f 1046/106/296 1047/107/296 1054/114/296 1053/113/296
f 1047/107/297 1048/108/297 1055/115/297 1054/114/297
f 1048/108/298 1049/109/298 1056/116/298 1055/115/298
f 1050/111/299 1051/110/299 1058/117/299 1057/118/299
f 1051/110/300 1052/112/300 1059/119/300 1058/117/300
f 1052/112/301 1053/113/301 1060/120/301 1059/119/301
f 1053/113/302 1054/114/302 1061/121/302 1060/120/302
f 1054/114/303 1055/115/303 1062/122/303 1061/121/303
f 1055/115/304 1056/116/304 1063/123/304 1062/122/304
f 1057/118/305 1058/117/305 1065/124/305 1064/125/305
f 1058/117/306 1059/119/306 1066/126/306 1065/124/306
f 1059/119/307 1060/120/307 1067/127/307 1066/126/307
f 1060/120/308 1061/121/308 1068/128/308 1067/127/308
f 1061/121/309 1062/122/309 1069/129/309 1068/128/309
f 1062/122/310 1063/123/310 1070/130/310 1069/129/310
f 12/76/311 174/74/311 1022/82/311 175/131/311
f 174/74/312 173/73/312 1023/83/312 1022/82/312
f 173/73/313 172/72/313 1024/86/313 1023/83/313
f 172/72/314 171/71/314 1025/88/314 1024/86/314
f 171/71/315 170/70/315 1026/90/315 1025/88/315
f 170/70/316 169/69/316 1027/92/316 1026/90/316
f 169/69/317 168/68/317 1028/94/317 1027/92/317
f 168/68/318 13/67/318 188/132/318 1028/94/318
f 1028/94/319 188/132/319 187/133/319 1035/95/319
f 1035/95/320 187/133/320 186/134/320 1042/102/320
f 1042/102/321 186/134/321 185/135/321 1049/109/321
f 1049/109/322 185/135/322 184/136/322 1056/116/322
f 1056/116/323 184/136/323 183/137/323 1063/123/323
f 1063/123/324 183/137/324 182/138/324 1070/130/324
f 1070/130/325 182/138/325 15/139/325 195/140/325
f 1069/129/326 1070/130/326 195/140/326 194/141/326
f 1068/128/327 1069/129/327 194/141/327 193/142/327
f 1067/127/328 1068/128/328 193/142/328 192/143/328
f 1066/126/329 1067/127/329 192/143/329 191/144/329
f 1065/124/330 1066/126/330 191/144/330 190/145/330
f 1064/125/331 1065/124/331 190/145/331 189/146/331
f 181/147/332 1064/125/332 189/146/332 14/148/332
f 180/149/333 1057/118/333 1064/125/333 181/147/333
f 179/150/334 1050/111/334 1057/118/334 180/149/334
f 178/151/335 1043/104/335 1050/111/335 179/150/335
f 177/152/336 1036/97/336 1043/104/336 178/151/336
f 176/153/285 1029/85/285 1036/97/285 177/152/285
f 175/131/337 1022/82/337 1029/85/337 176/153/337
f 1071/154/338 1072/155/338 1079/156/338 1078/157/338
f 1072/155/338 1073/158/338 1080/159/338 1079/156/338
f 1073/158/338 1074/160/338 1081/161/338 1080/159/338
f 1074/160/338 1075/162/338 1082/163/338 1081/161/338
f 1075/162/338 1076/164/338 1083/165/338 1082/163/338
f 1076/164/338 1077/166/338 1084/167/338 1083/165/338
f 1078/157/339 1079/156/339 1086/168/339 1085/169/339
f 1079/156/339 1080/159/339 1087/170/339 1086/168/339
f 1080/159/339 1081/161/339 1088/171/339 1087/170/339
f 1081/161/339 1082/163/339 1089/172/339 1088/171/339
f 1082/163/339 1083/165/339 1090/173/339 1089/172/339
f 1083/165/339 1084/167/339 1091/174/339 1090/173/339
f 1085/169/340 1086/168/340 1093/175/340 1092/176/340
f 1086/168/340 1087/170/340 1094/177/340 1093/175/340
f 1087/170/340 1088/171/340 1095/178/340 1094/177/340
f 1088/171/340 1089/172/340 1096/179/340 1095/178/340
f 1089/172/340 1090/173/340 1097/180/340 1096/179/340
f 1090/173/340 1091/174/340 1098/181/340 1097/180/340
f 1092/176/341 1093/175/341 1100/182/341 1099/183/341
f 1093/175/341 1094/177/341 1101/184/341 1100/182/341
f 1094/177/341 1095/178/341 1102/185/341 1101/184/341
f 1095/178/341 1096/179/341 1103/186/341 1102/185/341
f 1096/179/341 1097/180/341 1104/187/341 1103/186/341
f 1097/180/341 1098/181/341 1105/188/341 1104/187/341
f 1099/183/342 1100/182/342 1107/189/342 1106/190/342
f 1100/182/342 1101/184/342 1108/191/342 1107/189/342
f 1101/184/342 1102/185/342 1109/192/342 1108/191/342
f 1102/185/342 1103/186/342 1110/193/342 1109/192/342
f 1103/186/342 1104/187/342 1111/194/342 1110/193/342
f 1104/187/342 1105/188/342 1112/195/342 1111/194/342
f 1106/190/343 1107/189/343 1114/196/343 1113/197/343
f 1107/189/343 1108/191/343 1115/198/343 1114/196/343
f 1108/191/343 1109/192/343 1116/199/343 1115/198/343
f 1109/192/343 1110/193/343 1117/200/343 1116/199/343
f 1110/193/343 1111/194/343 1118/201/343 1117/200/343
f 1111/194/343 1112/195/343 1119/202/343 1118/201/343
f 7/203/344 224/204/344 1071/154/344 238/205/344
f 224/204/344 225/206/344 1072/155/344 1071/154/344
f 225/206/344 226/207/344 1073/158/344 1072/155/344
f 226/207/344 227/208/344 1074/160/344 1073/158/344
f 227/208/344 228/209/344 1075/162/344 1074/160/344
f 228/209/344 229/210/344 1076/164/344 1075/162/344
f 229/210/344 230/211/344 1077/166/344 1076/164/344
f 230/211/345 16/212/345 202/213/345 1077/166/345
f 1077/166/346 202/213/346 201/214/346 1084/167/346
f 1084/167/347 201/214/347 200/215/347 1091/174/347
f 1091/174/348 200/215/348 199/216/348 1098/181/348
f 1098/181/349 199/216/349 198/217/349 1105/188/349
f 1105/188/350 198/217/350 197/218/350 1112/195/350
f 1112/195/351 197/218/351 196/219/351 1119/202/351
f 1119/202/352 196/219/352 18/220/352 203/221/352
f 1118/201/353 1119/202/353 203/221/353 204/222/353
f 1117/200/353 1118/201/353 204/222/353 205/223/353
f 1116/199/353 1117/200/353 205/223/353 206/224/353
f 1115/198/353 1116/199/353 206/224/353 207/225/353
f 1114/196/353 1115/198/353 207/225/353 208/226/353
f 1113/197/353 1114/196/353 208/226/353 209/227/353
f 244/228/354 1113/197/354 209/227/354 17/229/354
f 243/230/355 1106/190/355 1113/197/355 244/228/355
f 242/231/356 1099/183/356 1106/190/356 243/230/356
f 241/232/357 1092/176/357 1099/183/357 242/231/357
f 240/233/358 1085/169/358 1092/176/358 241/232/358
f 239/234/359 1078/157/359 1085/169/359 240/233/359
f 238/205/338 1071/154/338 1078/157/338 239/234/338
f 1120/235/360 1121/236/360 1128/237/360 1127/238/360
f 1121/236/361 1122/239/361 1129/240/361 1128/237/361
f 1122/239/362 1123/241/362 1130/242/362 1129/240/362
f 1123/241/363 1124/243/363 1131/244/363 1130/242/363
f 1124/243/364 1125/245/364 1132/246/364 1131/244/364
f 1125/245/365 1126/247/365 1133/248/365 1132/246/365
f 1127/238/366 1128/237/366 1135/249/366 1134/250/366
f 1128/237/367 1129/240/367 1136/251/367 1135/249/367
f 1129/240/368 1130/242/368 1137/252/368 1136/251/368
f 1130/242/369 1131/244/369 1138/253/369 1137/252/369
f 1131/244/370 1132/246/370 1139/254/370 1138/253/370
f 1132/246/371 1133/248/371 1140/255/371 1139/254/371
f 1134/250/372 1135/249/372 1142/256/372 1141/257/372
f 1135/249/373 1136/251/373 1143/258/373 1142/256/373
f 1136/251/374 1137/252/374 1144/259/374 1143/258/374
f 1137/252/375 1138/253/375 1145/260/375 1144/259/375
f 1138/253/376 1139/254/376 1146/261/376 1145/260/376
f 1139/254/377 1140/255/377 1147/262/377 1146/261/377
f 1141/257/378 1142/256/378 1149/263/378 1148/264/378
f 1142/256/379 1143/258/379 1150/265/379 1149/263/379
f 1143/258/380 1144/259/380 1151/266/380 1150/265/380
f 1144/259/381 1145/260/381 1152/267/381 1151/266/381
f 1145/260/382 1146/261/382 1153/268/382 1152/267/382
f 1146/261/383 1147/262/383 1154/269/383 1153/268/383
f 1148/264/384 1149/263/384 1156/270/384 1155/271/384
f 1149/263/385 1150/265/385 1157/272/385 1156/270/385
f 1150/265/386 1151/266/386 1158/273/386 1157/272/386
f 1151/266/387 1152/267/387 1159/274/387 1158/273/387
f 1152/267/388 1153/268/388 1160/275/388 1159/274/388
f 1153/268/389 1154/269/389 1161/276/389 1160/275/389
f 1155/271/390 1156/270/390 1163/277/390 1162/278/390
f 1156/270/391 1157/272/391 1164/279/391 1163/277/391
f 1157/272/392 1158/273/392 1165/280/392 1164/279/392
f 1158/273/393 1159/274/393 1166/281/393 1165/280/393
f 1159/274/394 1160/275/394 1167/282/394 1166/281/394
f 1160/275/395 1161/276/395 1168/283/395 1167/282/395
f 17/229/396 209/227/396 1120/235/396 210/284/396
f 209/227/397 208/226/397 1121/236/397 1120/235/397
f 208/226/397 207/225/397 1122/239/397 1121/236/397
f 207/225/397 206/224/397 1123/241/397 1122/239/397
f 206/224/397 205/223/397 1124/243/397 1123/241/397
f 205/223/398 204/222/398 1125/245/398 1124/243/398
f 204/222/398 203/221/398 1126/247/398 1125/245/398
f 203/221/399 18/220/399 223/285/399 1126/247/399
f 1126/247/400 223/285/400 222/286/400 1133/248/400
f 1133/248/401 222/286/401 221/287/401 1140/255/401
f 1140/255/402 221/287/402 220/288/402 1147/262/402
f 1147/262/403 220/288/403 219/289/403 1154/269/403
f 1154/269/404 219/289/404 218/290/404 1161/276/404
f 1161/276/405 218/290/405 217/291/405 1168/283/405
f 1168/283/406 217/291/406 11/292/406 160/293/406
f 1167/282/407 1168/283/407 160/293/407 159/294/407
f 1166/281/408 1167/282/408 159/294/408 158/295/408
f 1165/280/409 1166/281/409 158/295/409 157/296/409
f 1164/279/410 1165/280/410 157/296/410 156/297/410
f 1163/277/411 1164/279/411 156/297/411 155/298/411
f 1162/278/412 1163/277/412 155/298/412 154/299/412
f 216/300/413 1162/278/413 154/299/413 10/301/413
f 215/302/414 1155/271/414 1162/278/414 216/300/414
f 214/303/415 1148/264/415 1155/271/415 215/302/415
f 213/304/416 1141/257/416 1148/264/416 214/303/416
f 212/305/417 1134/250/417 1141/257/417 213/304/417
f 211/306/418 1127/238/418 1134/250/418 212/305/418
f 210/284/419 1120/235/419 1127/238/419 211/306/419
f 1169/307/420 1170/308/420 1177/309/420 1176/310/420
f 1170/308/421 1171/311/421 1178/312/421 1177/309/421
f 1171/311/422 1172/313/422 1179/314/422 1178/312/422
f 1172/313/423 1173/315/423 1180/316/423 1179/314/423
f 1173/315/424 1174/317/424 1181/318/424 1180/316/424
f 1174/317/425 1175/319/425 1182/320/425 1181/318/425
f 1176/310/426 1177/309/426 1184/321/426 1183/322/426
f 1177/309/427 1178/312/427 1185/323/427 1184/321/427
f 1178/312/428 1179/314/428 1186/324/428 1185/323/428
f 1179/314/429 1180/316/429 1187/325/429 1186/324/429
f 1180/316/430 1181/318/430 1188/326/430 1187/325/430
f 1181/318/431 1182/320/431 1189/327/431 1188/326/431
f 1183/322/432 1184/321/432 1191/328/432 1190/329/432
f 1184/321/433 1185/323/433 1192/330/433 1191/328/433
f 1185/323/433 1186/324/433 1193/331/433 1192/330/433
f 1186/324/434 1187/325/434 1194/332/434 1193/331/434
f 1187/325/434 1188/326/434 1195/333/434 1194/332/434
f 1188/326/435 1189/327/435 1196/334/435 1195/333/435
f 1190/329/436 1191/328/436 1198/335/436 1197/336/436
f 1191/328/436 1192/330/436 1199/337/436 1198/335/436
f 1192/330/436 1193/331/436 1200/338/436 1199/337/436
f 1193/331/437 1194/332/437 1201/339/437 1200/338/437
f 1194/332/437 1195/333/437 1202/340/437 1201/339/437
f 1195/333/438 1196/334/438 1203/341/438 1202/340/438
f 1197/336/439 1198/335/439 1205/342/439 1204/343/439
f 1198/335/439 1199/337/439 1206/344/439 1205/342/439
f 1199/337/440 1200/338/440 1207/345/440 1206/344/440
f 1200/338/440 1201/339/440 1208/346/440 1207/345/440
f 1201/339/440 1202/340/440 1209/347/440 1208/346/440
f 1202/340/440 1203/341/440 1210/348/440 1209/347/440
f 1204/343/441 1205/342/441 1212/349/441 1211/350/441
f 1205/342/441 1206/344/441 1213/351/441 1212/349/441
f 1206/344/441 1207/345/441 1214/352/441 1213/351/441
f 1207/345/441 1208/346/441 1215/353/441 1214/352/441
f 1208/346/441 1209/347/441 1216/354/441 1215/353/441
f 1209/347/441 1210/348/441 1217/355/441 1216/354/441
f 14/148/442 189/146/442 1169/307/442 258/356/442
f 189/146/443 190/145/443 1170/308/443 1169/307/443
f 190/145/444 191/144/444 1171/311/444 1170/308/444
f 191/144/445 192/143/445 1172/313/445 1171/311/445
f 192/143/446 193/142/446 1173/315/446 1172/313/446
f 193/142/447 194/141/447 1174/317/447 1173/315/447
f 194/141/448 195/140/448 1175/319/448 1174/317/448
f 195/140/449 15/139/449 259/357/449 1175/319/449
f 1175/319/450 259/357/450 260/357/450 1182/320/450
f 1182/320/451 260/357/451 261/357/451 1189/327/451
f 1189/327/452 261/357/452 262/357/452 1196/334/452
f 1196/334/438 262/357/438 263/357/438 1203/341/438
f 1203/341/440 263/357/440 264/357/440 1210/348/440
f 1210/348/441 264/357/441 265/357/441 1217/355/441
f 1217/355/453 265/357/453 20/358/453 251/359/453
f 1216/354/453 1217/355/453 251/359/453 250/360/453
f 1215/353/453 1216/354/453 250/360/453 249/361/453
f 1214/352/453 1215/353/453 249/361/453 248/362/453
f 1213/351/453 1214/352/453 248/362/453 247/363/453
f 1212/349/453 1213/351/453 247/363/453 246/364/453
f 1211/350/453 1212/349/453 246/364/453 245/365/453
f 252/356/453 1211/350/453 245/365/453 19/366/453
f 253/356/441 1204/343/441 1211/350/441 252/356/441
f 254/356/439 1197/336/439 1204/343/439 253/356/439
f 255/356/454 1190/329/454 1197/336/454 254/356/454
f 256/356/455 1183/322/455 1190/329/455 255/356/455
f 257/356/456 1176/310/456 1183/322/456 256/356/456
f 258/356/457 1169/307/457 1176/310/457 257/356/457
f 1218/307/458 1219/308/458 1226/309/458 1225/310/458
f 1219/308/459 1220/311/459 1227/312/459 1226/309/459
f 1220/311/460 1221/313/460 1228/314/460 1227/312/460
f 1221/313/461 1222/315/461 1229/316/461 1228/314/461
f 1222/315/462 1223/317/462 1230/318/462 1229/316/462
f 1223/317/463 1224/319/463 1231/320/463 1230/318/463
f 1225/310/464 1226/309/464 1233/321/464 1232/322/464
f 1226/309/465 1227/312/465 1234/323/465 1233/321/465
f 1227/312/466 1228/314/466 1235/324/466 1234/323/466
f 1228/314/467 1229/316/467 1236/325/467 1235/324/467
f 1229/316/468 1230/318/468 1237/326/468 1236/325/468
f 1230/318/469 1231/320/469 1238/327/469 1237/326/469
f 1232/322/470 1233/321/470 1240/328/470 1239/329/470
f 1233/321/471 1234/323/471 1241/330/471 1240/328/471
f 1234/323/472 1235/324/472 1242/331/472 1241/330/472
f 1235/324/473 1236/325/473 1243/332/473 1242/331/473
f 1236/325/474 1237/326/474 1244/333/474 1243/332/474
f 1237/326/475 1238/327/475 1245/334/475 1244/333/475
f 1239/329/476 1240/328/476 1247/335/476 1246/336/476
f 1240/328/477 1241/330/477 1248/337/477 1247/335/477
f 1241/330/478 1242/331/478 1249/338/478 1248/337/478
f 1242/331/479 1243/332/479 1250/339/479 1249/338/479
f 1243/332/480 1244/333/480 1251/340/480 1250/339/480
f 1244/333/481 1245/334/481 1252/341/481 1251/340/481
f 1246/336/482 1247/335/482 1254/342/482 1253/343/482
f 1247/335/483 1248/337/483 1255/344/483 1254/342/483
f 1248/337/484 1249/338/484 1256/345/484 1255/344/484
f 1249/338/485 1250/339/485 1257/346/485 1256/345/485
f 1250/339/486 1251/340/486 1258/347/486 1257/346/486
f 1251/340/487 1252/341/487 1259/348/487 1258/347/487
f 1253/343/488 1254/342/488 1261/349/488 1260/350/488
f 1254/342/489 1255/344/489 1262/351/489 1261/349/489
f 1255/344/490 1256/345/490 1263/352/490 1262/351/490
f 1256/345/491 1257/346/491 1264/353/491 1263/352/491
f 1257/346/492 1258/347/492 1265/354/492 1264/353/492
f 1258/347/493 1259/348/493 1266/355/493 1265/354/493
f 5/148/494 118/146/494 1218/307/494 279/356/494
f 118/146/495 117/145/495 1219/308/495 1218/307/495
f 117/145/496 116/144/496 1220/311/496 1219/308/496
f 116/144/497 115/143/497 1221/313/497 1220/311/497
f 115/143/498 114/142/498 1222/315/498 1221/313/498
f 114/142/499 113/141/499 1223/317/499 1222/315/499
f 113/141/500 112/140/500 1224/319/500 1223/317/500
f 112/140/501 6/139/501 280/357/501 1224/319/501
f 1224/319/502 280/357/502 281/357/502 1231/320/502
f 1231/320/503 281/357/503 282/357/503 1238/327/503
f 1238/327/504 282/357/504 283/357/504 1245/334/504
f 1245/334/505 283/357/505 284/357/505 1252/341/505
f 1252/341/506 284/357/506 285/357/506 1259/348/506
f 1259/348/507 285/357/507 286/357/507 1266/355/507
f 1266/355/508 286/357/508 22/358/508 266/359/508
f 1265/354/509 1266/355/509 266/359/509 267/360/509
f 1264/353/510 1265/354/510 267/360/510 268/361/510
f 1263/352/511 1264/353/511 268/361/511 269/362/511
f 1262/351/512 1263/352/512 269/362/512 270/363/512
f 1261/349/513 1262/351/513 270/363/513 271/364/513
f 1260/350/514 1261/349/514 271/364/514 272/365/514
f 273/356/515 1260/350/515 272/365/515 21/366/515
f 274/356/516 1253/343/516 1260/350/516 273/356/516
f 275/356/517 1246/336/517 1253/343/517 274/356/517
f 276/356/518 1239/329/518 1246/336/518 275/356/518
f 277/356/519 1232/322/519 1239/329/519 276/356/519
f 278/356/520 1225/310/520 1232/322/520 277/356/520
f 279/356/521 1218/307/521 1225/310/521 278/356/521
f 1267/356/522 1268/367/522 1275/356/522 1274/366/522
f 1268/367/522 1269/356/522 1276/366/522 1275/356/522
f 1269/356/522 1270/148/522 1277/367/522 1276/366/522
f 1270/148/522 1271/148/522 1278/356/522 1277/367/522
f 1271/148/522 1272/366/522 1279/368/522 1278/356/522
f 1272/366/522 1273/368/522 1280/366/522 1279/368/522
f 1274/366/522 1275/356/522 1282/366/522 1281/356/522
f 1275/356/522 1276/366/522 1283/356/522 1282/366/522
f 1276/366/522 1277/367/522 1284/356/522 1283/356/522
f 1277/367/522 1278/356/522 1285/148/522 1284/356/522
f 1278/356/522 1279/368/522 1286/366/522 1285/148/522
f 1279/368/522 1280/366/522 1287/356/522 1286/366/522
f 1281/356/522 1282/366/522 1289/366/522 1288/148/522
f 1282/366/522 1283/356/522 1290/356/522 1289/366/522
f 1283/356/522 1284/356/522 1291/356/522 1290/356/522
f 1284/356/522 1285/148/522 1292/356/522 1291/356/522
f 1285/148/522 1286/366/522 1293/366/522 1292/356/522
f 1286/366/522 1287/356/522 1294/148/522 1293/366/522
f 1288/148/522 1289/366/522 1296/356/522 1295/148/522
f 1289/366/522 1290/356/522 1297/148/522 1296/356/522
f 1290/356/522 1291/356/522 1298/356/522 1297/148/522
f 1291/356/522 1292/356/522 1299/148/522 1298/356/522
f 1292/356/522 1293/366/522 1300/356/522 1299/148/522
f 1293/366/522 1294/148/522 1301/148/522 1300/356/522
f 1295/148/522 1296/356/522 1303/356/522 1302/366/522
f 1296/356/522 1297/148/522 1304/366/522 1303/356/522
f 1297/148/522 1298/356/522 1305/366/522 1304/366/522
f 1298/356/522 1299/148/522 1306/366/522 1305/366/522
f 1299/148/522 1300/356/522 1307/366/522 1306/366/522
f 1300/356/522 1301/148/522 1308/356/522 1307/366/522
f 1302/366/522 1303/356/522 1310/356/522 1309/356/522
f 1303/356/522 1304/366/522 1311/356/522 1310/356/522
f 1304/366/522 1305/366/522 1312/366/522 1311/356/522
f 1305/366/522 1306/366/522 1313/148/522 1312/366/522
f 1306/366/522 1307/366/522 1314/356/522 1313/148/522
f 1307/366/522 1308/356/522 1315/148/522 1314/356/522
f 21/366/522 293/356/522 1267/356/522 314/356/522
f 293/356/522 292/356/522 1268/367/522 1267/356/522
f 292/356/522 291/356/522 1269/356/522 1268/367/522
f 291/356/522 290/356/522 1270/148/522 1269/356/522
f 290/356/522 289/148/522 1271/148/522 1270/148/522
f 289/148/522 288/356/522 1272/366/522 1271/148/522
f 288/356/522 287/148/522 1273/368/522 1272/366/522
f 287/148/522 23/366/522 315/356/522 1273/368/522
f 1273/368/522 315/356/522 316/356/522 1280/366/522
f 1280/366/522 316/356/522 317/366/522 1287/356/522
f 1287/356/522 317/366/522 318/356/522 1294/148/522
f 1294/148/522 318/356/522 319/148/522 1301/148/522
f 1301/148/522 319/148/522 320/356/522 1308/356/522
f 1308/356/522 320/356/522 321/148/522 1315/148/522
f 1315/148/522 321/148/522 26/366/522 301/356/522
f 1314/356/522 1315/148/522 301/356/522 302/356/522
f 1313/148/522 1314/356/522 302/356/522 303/366/522
f 1312/366/522 1313/148/522 303/366/522 304/356/522
f 1311/356/522 1312/366/522 304/356/522 305/148/522
f 1310/356/522 1311/356/522 305/148/522 306/356/522
f 1309/356/522 1310/356/522 306/356/522 307/148/522
f 308/356/522 1309/356/522 307/148/522 25/366/522
f 309/356/522 1302/366/522 1309/356/522 308/356/522
f 310/366/522 1295/148/522 1302/366/522 309/356/522
f 311/356/522 1288/148/522 1295/148/522 310/366/522
f 312/356/522 1281/356/522 1288/148/522 311/356/522
f 313/356/522 1274/366/522 1281/356/522 312/356/522
f 314/356/522 1267/356/522 1274/366/522 313/356/522
f 1316/369/522 1317/369/522 1324/369/522 1323/369/522
f 1317/369/522 1318/369/522 1325/358/522 1324/369/522
f 1318/369/522 1319/369/522 1326/369/522 1325/358/522
f 1319/369/522 1320/369/522 1327/358/522 1326/369/522
f 1320/369/522 1321/369/522 1328/369/522 1327/358/522
f 1321/369/522 1322/369/522 1329/369/522 1328/369/522
f 1323/369/522 1324/369/522 1331/358/522 1330/369/522
f 1324/369/522 1325/358/522 1332/357/522 1331/358/522
f 1325/358/522 1326/369/522 1333/358/522 1332/357/522
f 1326/369/522 1327/358/522 1334/357/522 1333/358/522
f 1327/358/522 1328/369/522 1335/369/522 1334/357/522
f 1328/369/522 1329/369/522 1336/369/522 1335/369/522
f 1330/369/522 1331/358/522 1338/369/522 1337/369/522
f 1331/358/522 1332/357/522 1339/358/522 1338/369/522
f 1332/357/522 1333/358/522 1340/369/522 1339/358/522
f 1333/358/522 1334/357/522 1341/358/522 1340/369/522
f 1334/357/522 1335/369/522 1342/369/522 1341/358/522
f 1335/369/522 1336/369/522 1343/369/522 1342/369/522
f 1337/369/522 1338/369/522 1345/358/522 1344/369/522
f 1338/369/522 1339/358/522 1346/357/522 1345/358/522
f 1339/358/522 1340/369/522 1347/358/522 1346/357/522
f 1340/369/522 1341/358/522 1348/357/522 1347/358/522
f 1341/358/522 1342/369/522 1349/369/522 1348/357/522
f 1342/369/522 1343/369/522 1350/369/522 1349/369/522
f 1344/369/522 1345/358/522 1352/369/522 1351/369/522
f 1345/358/522 1346/357/522 1353/358/522 1352/369/522
f 1346/357/522 1347/358/522 1354/369/522 1353/358/522
f 1347/358/522 1348/357/522 1355/358/522 1354/369/522
f 1348/357/522 1349/369/522 1356/369/522 1355/358/522
f 1349/369/522 1350/369/522 1357/369/522 1356/369/522
f 1351/369/522 1352/369/522 1359/358/522 1358/369/522
f 1352/369/522 1353/358/522 1360/369/522 1359/358/522
f 1353/358/522 1354/369/522 1361/358/522 1360/369/522
f 1354/369/522 1355/358/522 1362/369/522 1361/358/522
f 1355/358/522 1356/369/522 1363/369/522 1362/369/522
f 1356/369/522 1357/369/522 1364/370/522 1363/369/522
f 24/139/522 300/369/522 1316/369/522 335/369/522
f 300/369/522 299/369/522 1317/369/522 1316/369/522
f 299/369/522 298/369/522 1318/369/522 1317/369/522
f 298/369/522 297/369/522 1319/369/522 1318/369/522
f 297/369/522 296/369/522 1320/369/522 1319/369/522
f 296/369/522 295/369/522 1321/369/522 1320/369/522
f 295/369/522 294/357/522 1322/369/522 1321/369/522
f 294/357/522 22/139/522 336/369/522 1322/369/522
f 1322/369/522 336/369/522 337/369/522 1329/369/522
f 1329/369/522 337/369/522 338/369/522 1336/369/522
f 1336/369/522 338/369/522 339/369/522 1343/369/522
f 1343/369/522 339/369/522 340/369/522 1350/369/522
f 1350/369/522 340/369/522 341/369/522 1357/369/522
f 1357/369/522 341/369/522 342/357/522 1364/370/522
f 1364/370/522 342/357/522 27/139/522 322/369/522
f 1363/369/522 1364/370/522 322/369/522 323/357/522
f 1362/369/522 1363/369/522 323/357/522 324/357/522
f 1361/358/522 1362/369/522 324/357/522 325/357/522
f 1360/369/522 1361/358/522 325/357/522 326/357/522
f 1359/358/522 1360/369/522 326/357/522 327/357/522
f 1358/369/522 1359/358/522 327/357/522 328/357/522
f 329/357/522 1358/369/522 328/357/522 28/139/522
f 330/369/522 1351/369/522 1358/369/522 329/357/522
f 331/369/522 1344/369/522 1351/369/522 330/369/522
f 332/369/522 1337/369/522 1344/369/522 331/369/522
f 333/369/522 1330/369/522 1337/369/522 332/369/522
f 334/369/522 1323/369/522 1330/369/522 333/369/522
f 335/369/522 1316/369/522 1323/369/522 334/369/522
f 1365/369/522 1366/369/522 1373/369/522 1372/358/522
f 1366/369/522 1367/369/522 1374/358/522 1373/369/522
f 1367/369/522 1368/369/522 1375/369/522 1374/358/522
f 1368/369/522 1369/369/522 1376/358/522 1375/369/522
f 1369/369/522 1370/369/522 1377/369/522 1376/358/522
f 1370/369/522 1371/369/522 1378/358/522 1377/369/522
f 1372/358/522 1373/369/522 1380/358/522 1379/357/522
f 1373/369/522 1374/358/522 1381/357/522 1380/358/522
f 1374/358/522 1375/369/522 1382/358/522 1381/357/522
f 1375/369/522 1376/358/522 1383/357/522 1382/358/522
f 1376/358/522 1377/369/522 1384/358/522 1383/357/522
f 1377/369/522 1378/358/522 1385/371/522 1384/358/522
f 1379/357/522 1380/358/522 1387/369/522 1386/358/522
f 1380/358/522 1381/357/522 1388/358/522 1387/369/522
f 1381/357/522 1382/358/522 1389/369/522 1388/358/522
f 1382/358/522 1383/357/522 1390/358/522 1389/369/522
f 1383/357/522 1384/358/522 1391/369/522 1390/358/522
f 1384/358/522 1385/371/522 1392/358/522 1391/369/522
f 1386/358/522 1387/369/522 1394/358/522 1393/357/522
f 1387/369/522 1388/358/522 1395/357/522 1394/358/522
f 1388/358/522 1389/369/522 1396/358/522 1395/357/522
f 1389/369/522 1390/358/522 1397/357/522 1396/358/522
f 1390/358/522 1391/369/522 1398/358/522 1397/357/522
f 1391/369/522 1392/358/522 1399/371/522 1398/358/522
f 1393/357/522 1394/358/522 1401/369/522 1400/369/522
f 1394/358/522 1395/357/522 1402/358/522 1401/369/522
f 1395/357/522 1396/358/522 1403/369/522 1402/358/522
f 1396/358/522 1397/357/522 1404/358/522 1403/369/522
f 1397/357/522 1398/358/522 1405/369/522 1404/358/522
f 1398/358/522 1399/371/522 1406/369/522 1405/369/522
f 1400/369/522 1401/369/522 1408/358/522 1407/369/522
f 1401/369/522 1402/358/522 1409/369/522 1408/358/522
f 1402/358/522 1403/369/522 1410/358/522 1409/369/522
f 1403/369/522 1404/358/522 1411/369/522 1410/358/522
f 1404/358/522 1405/369/522 1412/369/522 1411/369/522
f 1405/369/522 1406/369/522 1413/369/522 1412/369/522
f 27/139/522 342/369/522 1365/369/522 356/357/522
f 342/369/522 341/369/522 1366/369/522 1365/369/522
f 341/369/522 340/369/522 1367/369/522 1366/369/522
f 340/369/522 339/369/522 1368/369/522 1367/369/522
f 339/369/522 338/369/522 1369/369/522 1368/369/522
f 338/369/522 337/369/522 1370/369/522 1369/369/522
f 337/369/522 336/357/522 1371/369/522 1370/369/522
f 336/357/522 22/139/522 357/357/522 1371/369/522
f 1371/369/522 357/357/522 358/357/522 1378/358/522
f 1378/358/522 358/357/522 359/357/522 1385/371/522
f 1385/371/522 359/357/522 360/357/522 1392/358/522
f 1392/358/522 360/357/522 361/357/522 1399/371/522
f 1399/371/522 361/357/522 362/357/522 1406/369/522
f 1406/369/522 362/357/522 363/357/522 1413/369/522
f 1413/369/522 363/357/522 29/358/522 343/357/522
f 1412/369/522 1413/369/522 343/357/522 344/357/522
f 1411/369/522 1412/369/522 344/357/522 345/357/522
f 1410/358/522 1411/369/522 345/357/522 346/357/522
f 1409/369/522 1410/358/522 346/357/522 347/357/522
f 1408/358/522 1409/369/522 347/357/522 348/357/522
f 1407/369/522 1408/358/522 348/357/522 349/357/522
f 350/357/522 1407/369/522 349/357/522 30/358/522
f 351/357/522 1400/369/522 1407/369/522 350/357/522
f 352/357/522 1393/357/522 1400/369/522 351/357/522
f 353/357/522 1386/358/522 1393/357/522 352/357/522
f 354/357/522 1379/357/522 1386/358/522 353/357/522
f 355/357/522 1372/358/522 1379/357/522 354/357/522
f 356/357/522 1365/369/522 1372/358/522 355/357/522
f 1414/369/522 1415/369/522 1422/369/522 1421/369/522
f 1415/369/522 1416/369/522 1423/358/522 1422/369/522
f 1416/369/522 1417/369/522 1424/369/522 1423/358/522
f 1417/369/522 1418/369/522 1425/358/522 1424/369/522
f 1418/369/522 1419/369/522 1426/369/522 1425/358/522
f 1419/369/522 1420/369/522 1427/358/522 1426/369/522
f 1421/369/522 1422/369/522 1429/358/522 1428/369/522
f 1422/369/522 1423/358/522 1430/357/522 1429/358/522
f 1423/358/522 1424/369/522 1431/358/522 1430/357/522
f 1424/369/522 1425/358/522 1432/357/522 1431/358/522
f 1425/358/522 1426/369/522 1433/358/522 1432/357/522
f 1426/369/522 1427/358/522 1434/371/522 1433/358/522
f 1428/369/522 1429/358/522 1436/369/522 1435/369/522
f 1429/358/522 1430/357/522 1437/358/522 1436/369/522
f 1430/357/522 1431/358/522 1438/369/522 1437/358/522
f 1431/358/522 1432/357/522 1439/358/522 1438/369/522
f 1432/357/522 1433/358/522 1440/369/522 1439/358/522
f 1433/358/522 1434/371/522 1441/358/522 1440/369/522
f 1435/369/522 1436/369/522 1443/358/522 1442/369/522
f 1436/369/522 1437/358/522 1444/357/522 1443/358/522
f 1437/358/522 1438/369/522 1445/358/522 1444/357/522
f 1438/369/522 1439/358/522 1446/357/522 1445/358/522
f 1439/358/522 1440/369/522 1447/358/522 1446/357/522
f 1440/369/522 1441/358/522 1448/371/522 1447/358/522
f 1442/369/522 1443/358/522 1450/369/522 1449/369/522
f 1443/358/522 1444/357/522 1451/369/522 1450/369/522
f 1444/357/522 1445/358/522 1452/369/522 1451/369/522
f 1445/358/522 1446/357/522 1453/369/522 1452/369/522
f 1446/357/522 1447/358/522 1454/369/522 1453/369/522
f 1447/358/522 1448/371/522 1455/369/522 1454/369/522
f 1449/369/523 1450/369/523 1457/369/523 1456/369/523
f 1450/369/523 1451/369/523 1458/369/523 1457/369/523
f 1451/369/523 1452/369/523 1459/369/523 1458/369/523
f 1452/369/523 1453/369/523 1460/369/523 1459/369/523
f 1453/369/523 1454/369/523 1461/369/523 1460/369/523
f 1454/369/524 1455/369/524 1462/370/524 1461/369/524
f 24/139/522 335/369/522 1414/369/522 377/369/522
f 335/369/522 334/369/522 1415/369/522 1414/369/522
f 334/369/522 333/369/522 1416/369/522 1415/369/522
f 333/369/522 332/369/522 1417/369/522 1416/369/522
f 332/369/522 331/369/522 1418/369/522 1417/369/522
f 331/369/522 330/369/522 1419/369/522 1418/369/522
f 330/369/522 329/357/522 1420/369/522 1419/369/522
f 329/357/522 28/139/522 378/357/522 1420/369/522
f 1420/369/522 378/357/522 379/357/522 1427/358/522
f 1427/358/522 379/357/522 380/357/522 1434/371/522
f 1434/371/522 380/357/522 381/357/522 1441/358/522
f 1441/358/522 381/357/522 382/357/522 1448/371/522
f 1448/371/522 382/357/522 383/357/522 1455/369/522
f 1455/369/525 383/357/525 384/369/525 1462/370/525
f 1462/370/526 384/369/526 32/139/526 364/372/526
f 1461/369/527 1462/370/527 364/372/527 365/369/527
f 1460/369/528 1461/369/528 365/369/528 366/369/528
f 1459/369/528 1460/369/528 366/369/528 367/369/528
f 1458/369/528 1459/369/528 367/369/528 368/369/528
f 1457/369/528 1458/369/528 368/369/528 369/369/528
f 1456/369/528 1457/369/528 369/369/528 370/369/528
f 371/369/528 1456/369/528 370/369/528 31/369/528
f 372/369/523 1449/369/523 1456/369/523 371/369/523
f 373/369/522 1442/369/522 1449/369/522 372/369/522
f 374/369/522 1435/369/522 1442/369/522 373/369/522
f 375/369/522 1428/369/522 1435/369/522 374/369/522
f 376/369/522 1421/369/522 1428/369/522 375/369/522
f 377/369/522 1414/369/522 1421/369/522 376/369/522
f 1463/369/522 1464/369/522 1471/369/522 1470/358/522
f 1464/369/522 1465/369/522 1472/358/522 1471/369/522
f 1465/369/522 1466/369/522 1473/369/522 1472/358/522
f 1466/369/522 1467/369/522 1474/358/522 1473/369/522
f 1467/369/522 1468/369/522 1475/369/522 1474/358/522
f 1468/369/523 1469/369/523 1476/369/523 1475/369/523
f 1470/358/522 1471/369/522 1478/358/522 1477/357/522
f 1471/369/522 1472/358/522 1479/357/522 1478/358/522
f 1472/358/522 1473/369/522 1480/358/522 1479/357/522
f 1473/369/522 1474/358/522 1481/357/522 1480/358/522
f 1474/358/522 1475/369/522 1482/369/522 1481/357/522
f 1475/369/523 1476/369/523 1483/369/523 1482/369/523
f 1477/357/522 1478/358/522 1485/369/522 1484/358/522
f 1478/358/522 1479/357/522 1486/358/522 1485/369/522
f 1479/357/522 1480/358/522 1487/369/522 1486/358/522
f 1480/358/522 1481/357/522 1488/358/522 1487/369/522
f 1481/357/522 1482/369/522 1489/369/522 1488/358/522
f 1482/369/523 1483/369/523 1490/369/523 1489/369/523
f 1484/358/522 1485/369/522 1492/358/522 1491/357/522
f 1485/369/522 1486/358/522 1493/357/522 1492/358/522
f 1486/358/522 1487/369/522 1494/358/522 1493/357/522
f 1487/369/522 1488/358/522 1495/357/522 1494/358/522
f 1488/358/522 1489/369/522 1496/369/522 1495/357/522
f 1489/369/523 1490/369/523 1497/369/523 1496/369/523
f 1491/357/522 1492/358/522 1499/369/522 1498/369/522
f 1492/358/522 1493/357/522 1500/358/522 1499/369/522
f 1493/357/522 1494/358/522 1501/369/522 1500/358/522
f 1494/358/522 1495/357/522 1502/358/522 1501/369/522
f 1495/357/522 1496/369/522 1503/369/522 1502/358/522
f 1496/369/523 1497/369/523 1504/369/523 1503/369/523
f 1498/369/522 1499/369/522 1506/358/522 1505/369/522
f 1499/369/522 1500/358/522 1507/369/522 1506/358/522
f 1500/358/522 1501/369/522 1508/358/522 1507/369/522
f 1501/369/522 1502/358/522 1509/369/522 1508/358/522
f 1502/358/522 1503/369/522 1510/369/522 1509/369/522
f 1503/369/529 1504/369/529 1511/370/529 1510/369/529
f 24/139/522 377/369/522 1463/369/522 398/357/522
f 377/369/522 376/369/522 1464/369/522 1463/369/522
f 376/369/522 375/369/522 1465/369/522 1464/369/522
f 375/369/522 374/369/522 1466/369/522 1465/369/522
f 374/369/522 373/369/522 1467/369/522 1466/369/522
f 373/369/522 372/369/522 1468/369/522 1467/369/522
f 372/369/523 371/369/523 1469/369/523 1468/369/523
f 371/369/528 31/369/528 399/369/528 1469/369/528
f 1469/369/528 399/369/528 400/369/528 1476/369/528
f 1476/369/528 400/369/528 401/369/528 1483/369/528
f 1483/369/528 401/369/528 402/369/528 1490/369/528
f 1490/369/528 402/369/528 403/369/528 1497/369/528
f 1497/369/528 403/369/528 404/369/528 1504/369/528
f 1504/369/530 404/369/530 405/372/530 1511/370/530
f 1511/370/531 405/372/531 34/139/531 385/369/531
f 1510/369/532 1511/370/532 385/369/532 386/357/532
f 1509/369/522 1510/369/522 386/357/522 387/357/522
f 1508/358/522 1509/369/522 387/357/522 388/357/522
f 1507/369/522 1508/358/522 388/357/522 389/357/522
f 1506/358/522 1507/369/522 389/357/522 390/357/522
f 1505/369/522 1506/358/522 390/357/522 391/357/522
f 392/357/522 1505/369/522 391/357/522 33/358/522
f 393/357/522 1498/369/522 1505/369/522 392/357/522
f 394/357/522 1491/357/522 1498/369/522 393/357/522
f 395/357/522 1484/358/522 1491/357/522 394/357/522
f 396/357/522 1477/357/522 1484/358/522 395/357/522
f 397/357/522 1470/358/522 1477/357/522 396/357/522
f 398/357/522 1463/369/522 1470/358/522 397/357/522
f 1512/369/533 1513/369/533 1520/369/533 1519/358/533
f 1513/369/534 1514/369/534 1521/358/534 1520/369/534
f 1514/369/534 1515/369/534 1522/369/534 1521/358/534
f 1515/369/534 1516/369/534 1523/358/534 1522/369/534
f 1516/369/534 1517/369/534 1524/369/534 1523/358/534
f 1517/369/534 1518/369/534 1525/358/534 1524/369/534
f 1519/358/535 1520/369/535 1527/358/535 1526/357/535
f 1520/369/535 1521/358/535 1528/357/535 1527/358/535
f 1521/358/535 1522/369/535 1529/358/535 1528/357/535
f 1522/369/535 1523/358/535 1530/357/535 1529/358/535
f 1523/358/535 1524/369/535 1531/358/535 1530/357/535
f 1524/369/535 1525/358/535 1532/357/535 1531/358/535
f 1526/357/535 1527/358/535 1534/358/535 1533/371/535
f 1527/358/535 1528/357/535 1535/369/535 1534/358/535
f 1528/357/535 1529/358/535 1536/369/535 1535/369/535
f 1529/358/535 1530/357/535 1537/358/535 1536/369/535
f 1530/357/535 1531/358/535 1538/369/535 1537/358/535
f 1531/358/535 1532/357/535 1539/358/535 1538/369/535
f 1533/371/535 1534/358/535 1541/357/535 1540/139/535
f 1534/358/535 1535/369/535 1542/139/535 1541/357/535
f 1535/369/535 1536/369/535 1543/358/535 1542/139/535
f 1536/369/535 1537/358/535 1544/357/535 1543/358/535
f 1537/358/535 1538/369/535 1545/358/535 1544/357/535
f 1538/369/535 1539/358/535 1546/357/535 1545/358/535
f 1540/139/535 1541/357/535 1548/369/535 1547/358/535
f 1541/357/535 1542/139/535 1549/358/535 1548/369/535
f 1542/139/535 1543/358/535 1550/369/535 1549/358/535
f 1543/358/535 1544/357/535 1551/358/535 1550/369/535
f 1544/357/535 1545/358/535 1552/369/535 1551/358/535
f 1545/358/535 1546/357/535 1553/369/535 1552/369/535
f 1547/358/535 1548/369/535 1555/357/535 1554/357/535
f 1548/369/535 1549/358/535 1556/369/535 1555/357/535
f 1549/358/535 1550/369/535 1557/358/535 1556/369/535
f 1550/369/535 1551/358/535 1558/369/535 1557/358/535
f 1551/358/535 1552/369/535 1559/369/535 1558/369/535
f 1552/369/535 1553/369/535 1560/139/535 1559/369/535
f 34/139/536 405/369/536 1512/369/536 426/357/536
f 405/369/537 404/369/537 1513/369/537 1512/369/537
f 404/369/538 403/369/538 1514/369/538 1513/369/538
f 403/369/538 402/369/538 1515/369/538 1514/369/538
f 402/369/538 401/369/538 1516/369/538 1515/369/538
f 401/369/538 400/369/538 1517/369/538 1516/369/538
f 400/369/538 399/369/538 1518/369/538 1517/369/538
f 399/369/538 31/369/538 427/369/538 1518/369/538
f 1518/369/534 427/369/534 428/369/534 1525/358/534
f 1525/358/535 428/369/535 429/358/535 1532/357/535
f 1532/357/535 429/358/535 430/369/535 1539/358/535
f 1539/358/535 430/369/535 431/358/535 1546/357/535
f 1546/357/535 431/358/535 432/369/535 1553/369/535
f 1553/369/535 432/369/535 433/139/535 1560/139/535
f 1560/139/535 433/139/535 37/139/535 413/369/535
f 1559/369/535 1560/139/535 413/369/535 414/357/535
f 1558/369/535 1559/369/535 414/357/535 415/357/535
f 1557/358/535 1558/369/535 415/357/535 416/357/535
f 1556/369/535 1557/358/535 416/357/535 417/139/535
f 1555/357/535 1556/369/535 417/139/535 418/357/535
f 1554/357/535 1555/357/535 418/357/535 419/139/535
f 420/357/539 1554/357/539 419/139/539 39/358/539
f 421/357/539 1547/358/539 1554/357/539 420/357/539
f 422/358/539 1540/139/539 1547/358/539 421/357/539
f 423/357/540 1533/371/540 1540/139/540 422/358/540
f 424/357/540 1526/357/540 1533/371/540 423/357/540
f 425/357/541 1519/358/541 1526/357/541 424/357/541
f 426/357/542 1512/369/542 1519/358/542 425/357/542
f 1561/369/534 1562/369/534 1569/369/534 1568/358/534
f 1562/369/534 1563/369/534 1570/358/534 1569/369/534
f 1563/369/534 1564/369/534 1571/369/534 1570/358/534
f 1564/369/534 1565/369/534 1572/358/534 1571/369/534
f 1565/369/534 1566/369/534 1573/369/534 1572/358/534
f 1566/369/543 1567/369/543 1574/358/543 1573/369/543
f 1568/358/535 1569/369/535 1576/358/535 1575/357/535
f 1569/369/535 1570/358/535 1577/357/535 1576/358/535
f 1570/358/535 1571/369/535 1578/358/535 1577/357/535
f 1571/369/535 1572/358/535 1579/357/535 1578/358/535
f 1572/358/535 1573/369/535 1580/358/535 1579/357/535
f 1573/369/535 1574/358/535 1581/371/535 1580/358/535
f 1575/357/535 1576/358/535 1583/369/535 1582/358/535
f 1576/358/535 1577/357/535 1584/358/535 1583/369/535
f 1577/357/535 1578/358/535 1585/369/535 1584/358/535
f 1578/358/535 1579/357/535 1586/357/535 1585/369/535
f 1579/357/535 1580/358/535 1587/358/535 1586/357/535
f 1580/358/535 1581/371/535 1588/371/535 1587/358/535
f 1582/358/535 1583/369/535 1590/358/535 1589/357/535
f 1583/369/535 1584/358/535 1591/357/535 1590/358/535
f 1584/358/535 1585/369/535 1592/369/535 1591/357/535
f 1585/369/535 1586/357/535 1593/139/535 1592/369/535
f 1586/357/535 1587/358/535 1594/357/535 1593/139/535
f 1587/358/535 1588/371/535 1595/139/535 1594/357/535
f 1589/357/535 1590/358/535 1597/369/535 1596/369/535
f 1590/358/535 1591/357/535 1598/358/535 1597/369/535
f 1591/357/535 1592/369/535 1599/358/535 1598/358/535
f 1592/369/535 1593/139/535 1600/358/535 1599/358/535
f 1593/139/535 1594/357/535 1601/358/535 1600/358/535
f 1594/357/535 1595/139/535 1602/369/535 1601/358/535
f 1596/369/535 1597/369/535 1604/358/535 1603/369/535
f 1597/369/535 1598/358/535 1605/369/535 1604/358/535
f 1598/358/535 1599/358/535 1606/358/535 1605/369/535
f 1599/358/535 1600/358/535 1607/139/535 1606/358/535
f 1600/358/535 1601/358/535 1608/357/535 1607/139/535
f 1601/358/535 1602/369/535 1609/139/535 1608/357/535
f 31/369/538 370/369/538 1561/369/538 427/369/538
f 370/369/538 369/369/538 1562/369/538 1561/369/538
f 369/369/538 368/369/538 1563/369/538 1562/369/538
f 368/369/538 367/369/538 1564/369/538 1563/369/538
f 367/369/538 366/369/538 1565/369/538 1564/369/538
f 366/369/538 365/369/538 1566/369/538 1565/369/538
f 365/369/544 364/372/544 1567/369/544 1566/369/544
f 364/372/545 32/139/545 434/357/545 1567/369/545
f 1567/369/546 434/357/546 435/357/546 1574/358/546
f 1574/358/547 435/357/547 436/357/547 1581/371/547
f 1581/371/548 436/357/548 437/357/548 1588/371/548
f 1588/371/548 437/357/548 438/139/548 1595/139/548
f 1595/139/549 438/139/549 439/357/549 1602/369/549
f 1602/369/549 439/357/549 440/139/549 1609/139/549
f 1609/139/549 440/139/549 38/358/549 406/357/549
f 1608/357/535 1609/139/535 406/357/535 407/357/535
f 1607/139/535 1608/357/535 407/357/535 408/358/535
f 1606/358/535 1607/139/535 408/358/535 409/357/535
f 1605/369/535 1606/358/535 409/357/535 410/357/535
f 1604/358/535 1605/369/535 410/357/535 411/357/535
f 1603/369/535 1604/358/535 411/357/535 412/357/535
f 433/139/535 1603/369/535 412/357/535 37/139/535
f 432/369/535 1596/369/535 1603/369/535 433/139/535
f 431/358/535 1589/357/535 1596/369/535 432/369/535
f 430/369/535 1582/358/535 1589/357/535 431/358/535
f 429/358/535 1575/357/535 1582/358/535 430/369/535
f 428/369/535 1568/358/535 1575/357/535 429/358/535
f 427/369/534 1561/369/534 1568/358/534 428/369/534
f 1610/371/550 1611/373/550 1618/139/550 1617/373/550
f 1611/373/550 1612/139/550 1619/374/550 1618/139/550
f 1612/139/550 1613/373/550 1620/369/550 1619/374/550
f 1613/373/550 1614/357/550 1621/358/550 1620/369/550
f 1614/357/550 1615/369/550 1622/369/550 1621/358/550
f 1615/369/550 1616/369/550 1623/358/550 1622/369/550
f 1617/373/550 1618/139/550 1625/358/550 1624/139/550
f 1618/139/550 1619/374/550 1626/369/550 1625/358/550
f 1619/374/550 1620/369/550 1627/358/550 1626/369/550
f 1620/369/550 1621/358/550 1628/357/550 1627/358/550
f 1621/358/550 1622/369/550 1629/358/550 1628/357/550
f 1622/369/550 1623/358/550 1630/371/550 1629/358/550
f 1624/139/550 1625/358/550 1632/358/550 1631/371/550
f 1625/358/550 1626/369/550 1633/369/550 1632/358/550
f 1626/369/550 1627/358/550 1634/369/550 1633/369/550
f 1627/358/550 1628/357/550 1635/357/550 1634/369/550
f 1628/357/550 1629/358/550 1636/358/550 1635/357/550
f 1629/358/550 1630/371/550 1637/371/550 1636/358/550
f 1631/371/550 1632/358/550 1639/357/550 1638/139/550
f 1632/358/550 1633/369/550 1640/139/550 1639/357/550
f 1633/369/550 1634/369/550 1641/369/550 1640/139/550
f 1634/369/550 1635/357/550 1642/139/550 1641/369/550
f 1635/357/550 1636/358/550 1643/357/550 1642/139/550
f 1636/358/550 1637/371/550 1644/139/550 1643/357/550
f 1638/139/550 1639/357/550 1646/369/550 1645/358/550
f 1639/357/550 1640/139/550 1647/358/550 1646/369/550
f 1640/139/550 1641/369/550 1648/358/550 1647/358/550
f 1641/369/550 1642/139/550 1649/358/550 1648/358/550
f 1642/139/550 1643/357/550 1650/358/550 1649/358/550
f 1643/357/550 1644/139/550 1651/369/550 1650/358/550
f 1645/358/550 1646/369/550 1653/357/550 1652/357/550
f 1646/369/550 1647/358/550 1654/369/550 1653/357/550
f 1647/358/550 1648/358/550 1655/358/550 1654/369/550
f 1648/358/550 1649/358/550 1656/139/550 1655/358/550
f 1649/358/550 1650/358/550 1657/357/550 1656/139/550
f 1650/358/550 1651/369/550 1658/139/550 1657/357/550
f 38/358/551 440/139/551 1610/371/551 468/357/551
f 440/139/551 439/357/551 1611/373/551 1610/371/551
f 439/357/551 438/139/551 1612/139/551 1611/373/551
f 438/139/551 437/357/551 1613/373/551 1612/139/551
f 437/357/551 436/357/551 1614/357/551 1613/373/551
f 436/357/551 435/357/551 1615/369/551 1614/357/551
f 435/357/552 434/357/552 1616/369/552 1615/369/552
f 434/357/553 32/358/553 469/357/553 1616/369/553
f 1616/369/550 469/357/550 470/357/550 1623/358/550
f 1623/358/550 470/357/550 471/357/550 1630/371/550
f 1630/371/550 471/357/550 472/357/550 1637/371/550
f 1637/371/550 472/357/550 473/139/550 1644/139/550
f 1644/139/550 473/139/550 474/357/550 1651/369/550
f 1651/369/550 474/357/550 475/139/550 1658/139/550
f 1658/139/550 475/139/550 40/358/550 455/357/550
f 1657/357/550 1658/139/550 455/357/550 456/357/550
f 1656/139/550 1657/357/550 456/357/550 457/358/550
f 1655/358/550 1656/139/550 457/358/550 458/357/550
f 1654/369/550 1655/358/550 458/357/550 459/139/550
f 1653/357/550 1654/369/550 459/139/550 460/357/550
f 1652/357/550 1653/357/550 460/357/550 461/139/550
f 462/357/550 1652/357/550 461/139/550 41/358/550
f 463/357/550 1645/358/550 1652/357/550 462/357/550
f 464/358/550 1638/139/550 1645/358/550 463/357/550
f 465/357/550 1631/371/550 1638/139/550 464/358/550
f 466/358/550 1624/139/550 1631/371/550 465/357/550
f 467/357/550 1617/373/550 1624/139/550 466/358/550
f 468/357/550 1610/371/550 1617/373/550 467/357/550
f 1659/369/554 1660/373/554 1667/369/554 1666/358/554
f 1660/373/554 1661/357/554 1668/358/554 1667/369/554
f 1661/357/554 1662/371/554 1669/373/554 1668/358/554
f 1662/371/554 1663/371/554 1670/357/554 1669/373/554
f 1663/371/554 1664/374/554 1671/375/554 1670/357/554
f 1664/374/554 1665/372/554 1672/358/554 1671/375/554
f 1666/358/554 1667/369/554 1674/358/554 1673/357/554
f 1667/369/554 1668/358/554 1675/357/554 1674/358/554
f 1668/358/554 1669/373/554 1676/357/554 1675/357/554
f 1669/373/554 1670/357/554 1677/139/554 1676/357/554
f 1670/357/554 1671/375/554 1678/358/554 1677/139/554
f 1671/375/554 1672/358/554 1679/369/554 1678/358/554
f 1673/357/554 1674/358/554 1681/358/554 1680/371/554
f 1674/358/554 1675/357/554 1682/369/554 1681/358/554
f 1675/357/554 1676/357/554 1683/369/554 1682/369/554
f 1676/357/554 1677/139/554 1684/357/554 1683/369/554
f 1677/139/554 1678/358/554 1685/358/554 1684/357/554
f 1678/358/554 1679/369/554 1686/371/554 1685/358/554
f 1680/371/554 1681/358/554 1688/357/554 1687/139/554
f 1681/358/554 1682/369/554 1689/139/554 1688/357/554
f 1682/369/554 1683/369/554 1690/369/554 1689/139/554
f 1683/369/554 1684/357/554 1691/139/554 1690/369/554
f 1684/357/554 1685/358/554 1692/357/554 1691/139/554
f 1685/358/554 1686/371/554 1693/139/554 1692/357/554
f 1687/139/554 1688/357/554 1695/369/554 1694/358/554
f 1688/357/554 1689/139/554 1696/358/554 1695/369/554
f 1689/139/554 1690/369/554 1697/358/554 1696/358/554
f 1690/369/554 1691/139/554 1698/358/554 1697/358/554
f 1691/139/554 1692/357/554 1699/358/554 1698/358/554
f 1692/357/554 1693/139/554 1700/369/554 1699/358/554
f 1694/358/554 1695/369/554 1702/357/554 1701/357/554
f 1695/369/554 1696/358/554 1703/369/554 1702/357/554
f 1696/358/554 1697/358/554 1704/358/554 1703/369/554
f 1697/358/554 1698/358/554 1705/139/554 1704/358/554
f 1698/358/554 1699/358/554 1706/357/554 1705/139/554
f 1699/358/554 1700/369/554 1707/139/554 1706/357/554
f 34/358/555 426/357/555 1659/369/555 489/357/555
f 426/357/556 425/357/556 1660/373/556 1659/369/556
f 425/357/557 424/357/557 1661/357/557 1660/373/557
f 424/357/557 423/357/557 1662/371/557 1661/357/557
f 423/357/557 422/139/557 1663/371/557 1662/371/557
f 422/139/557 421/357/557 1664/374/557 1663/371/557
f 421/357/557 420/139/557 1665/372/557 1664/374/557
f 420/139/557 39/358/557 490/357/557 1665/372/557
f 1665/372/554 490/357/554 491/357/554 1672/358/554
f 1672/358/554 491/357/554 492/358/554 1679/369/554
f 1679/369/554 492/358/554 493/357/554 1686/371/554
f 1686/371/554 493/357/554 494/139/554 1693/139/554
f 1693/139/554 494/139/554 495/357/554 1700/369/554
f 1700/369/554 495/357/554 496/139/554 1707/139/554
f 1707/139/554 496/139/554 43/358/554 476/357/554
f 1706/357/554 1707/139/554 476/357/554 477/357/554
f 1705/139/554 1706/357/554 477/357/554 478/358/554
f 1704/358/554 1705/139/554 478/358/554 479/357/554
f 1703/369/554 1704/358/554 479/357/554 480/139/554
f 1702/357/554 1703/369/554 480/139/554 481/357/554
f 1701/357/554 1702/357/554 481/357/554 482/139/554
f 483/357/554 1701/357/554 482/139/554 42/358/554
f 484/357/554 1694/358/554 1701/357/554 483/357/554
f 485/358/554 1687/139/554 1694/358/554 484/357/554
f 486/357/554 1680/371/554 1687/139/554 485/358/554
f 487/357/554 1673/357/554 1680/371/554 486/357/554
f 488/357/554 1666/358/554 1673/357/554 487/357/554
f 489/357/554 1659/369/554 1666/358/554 488/357/554
f 1708/369/522 1709/369/522 1716/369/522 1715/358/522
f 1709/369/522 1710/369/522 1717/358/522 1716/369/522
f 1710/369/522 1711/369/522 1718/369/522 1717/358/522
f 1711/369/522 1712/369/522 1719/358/522 1718/369/522
f 1712/369/522 1713/369/522 1720/369/522 1719/358/522
f 1713/369/522 1714/369/522 1721/358/522 1720/369/522
f 1715/358/522 1716/369/522 1723/358/522 1722/357/522
f 1716/369/522 1717/358/522 1724/357/522 1723/358/522
f 1717/358/522 1718/369/522 1725/358/522 1724/357/522
f 1718/369/522 1719/358/522 1726/357/522 1725/358/522
f 1719/358/522 1720/369/522 1727/358/522 1726/357/522
f 1720/369/522 1721/358/522 1728/371/522 1727/358/522
f 1722/357/522 1723/358/522 1730/369/522 1729/358/522
f 1723/358/522 1724/357/522 1731/358/522 1730/369/522
f 1724/357/522 1725/358/522 1732/369/522 1731/358/522
f 1725/358/522 1726/357/522 1733/358/522 1732/369/522
f 1726/357/522 1727/358/522 1734/369/522 1733/358/522
f 1727/358/522 1728/371/522 1735/358/522 1734/369/522
f 1729/358/522 1730/369/522 1737/358/522 1736/357/522
f 1730/369/522 1731/358/522 1738/357/522 1737/358/522
f 1731/358/522 1732/369/522 1739/358/522 1738/357/522
f 1732/369/522 1733/358/522 1740/357/522 1739/358/522
f 1733/358/522 1734/369/522 1741/358/522 1740/357/522
f 1734/369/522 1735/358/522 1742/371/522 1741/358/522
f 1736/357/522 1737/358/522 1744/369/522 1743/369/522
f 1737/358/522 1738/357/522 1745/358/522 1744/369/522
f 1738/357/522 1739/358/522 1746/369/522 1745/358/522
f 1739/358/522 1740/357/522 1747/358/522 1746/369/522
f 1740/357/522 1741/358/522 1748/369/522 1747/358/522
f 1741/358/522 1742/371/522 1749/369/522 1748/369/522
f 1743/369/522 1744/369/522 1751/358/522 1750/369/522
f 1744/369/522 1745/358/522 1752/369/522 1751/358/522
f 1745/358/522 1746/369/522 1753/358/522 1752/369/522
f 1746/369/522 1747/358/522 1754/369/522 1753/358/522
f 1747/358/522 1748/369/522 1755/369/522 1754/369/522
f 1748/369/522 1749/369/522 1756/369/522 1755/369/522
f 22/139/522 294/369/522 1708/369/522 510/357/522
f 294/369/522 295/369/522 1709/369/522 1708/369/522
f 295/369/522 296/369/522 1710/369/522 1709/369/522
f 296/369/522 297/369/522 1711/369/522 1710/369/522
f 297/369/522 298/369/522 1712/369/522 1711/369/522
f 298/369/522 299/369/522 1713/369/522 1712/369/522
f 299/369/522 300/357/522 1714/369/522 1713/369/522
f 300/357/522 24/139/522 511/357/522 1714/369/522
f 1714/369/522 511/357/522 512/357/522 1721/358/522
f 1721/358/522 512/357/522 513/357/522 1728/371/522
f 1728/371/522 513/357/522 514/357/522 1735/358/522
f 1735/358/522 514/357/522 515/357/522 1742/371/522
f 1742/371/522 515/357/522 516/357/522 1749/369/522
f 1749/369/522 516/357/522 517/357/522 1756/369/522
f 1756/369/522 517/357/522 45/358/522 503/357/522
f 1755/369/522 1756/369/522 503/357/522 502/357/522
f 1754/369/522 1755/369/522 502/357/522 501/357/522
f 1753/358/522 1754/369/522 501/357/522 500/357/522
f 1752/369/522 1753/358/522 500/357/522 499/357/522
f 1751/358/522 1752/369/522 499/357/522 498/357/522
f 1750/369/522 1751/358/522 498/357/522 497/357/522
f 504/357/522 1750/369/522 497/357/522 44/358/522
f 505/357/522 1743/369/522 1750/369/522 504/357/522
f 506/357/522 1736/357/522 1743/369/522 505/357/522
f 507/357/522 1729/358/522 1736/357/522 506/357/522
f 508/357/522 1722/357/522 1729/358/522 507/357/522
f 509/357/522 1715/358/522 1722/357/522 508/357/522
f 510/357/522 1708/369/522 1715/358/522 509/357/522
f 1757/376/558 1758/377/558 1765/378/558 1764/379/558
f 1758/377/558 1759/363/558 1766/380/558 1765/378/558
f 1759/363/558 1760/381/558 1767/362/558 1766/380/558
f 1760/381/558 1761/382/558 1768/383/558 1767/362/558
f 1761/382/558 1762/360/558 1769/360/558 1768/383/558
f 1762/360/558 1763/384/558 1770/385/558 1769/360/558
f 1764/379/558 1765/378/558 1772/386/558 1771/365/558
f 1765/378/558 1766/380/558 1773/363/558 1772/386/558
f 1766/380/558 1767/362/558 1774/381/558 1773/363/558
f 1767/362/558 1768/383/558 1775/361/558 1774/381/558
f 1768/383/558 1769/360/558 1776/387/558 1775/361/558
f 1769/360/558 1770/385/558 1777/388/558 1776/387/558
f 1771/365/558 1772/386/558 1779/364/558 1778/379/558
f 1772/386/558 1773/363/558 1780/389/558 1779/364/558
f 1773/363/558 1774/381/558 1781/362/558 1780/389/558
f 1774/381/558 1775/361/558 1782/383/558 1781/362/558
f 1775/361/558 1776/387/558 1783/360/558 1782/383/558
f 1776/387/558 1777/388/558 1784/390/558 1783/360/558
f 1778/379/558 1779/364/558 1786/377/558 1785/391/558
f 1779/364/558 1780/389/558 1787/363/558 1786/377/558
f 1780/389/558 1781/362/558 1788/381/558 1787/363/558
f 1781/362/558 1782/383/558 1789/392/558 1788/381/558
f 1782/383/558 1783/360/558 1790/387/558 1789/392/558
f 1783/360/558 1784/390/558 1791/393/558 1790/387/558
f 1785/391/558 1786/377/558 1793/394/558 1792/391/558
f 1786/377/558 1787/363/558 1794/389/558 1793/394/558
f 1787/363/558 1788/381/558 1795/362/558 1794/389/558
f 1788/381/558 1789/392/558 1796/395/558 1795/362/558
f 1789/392/558 1790/387/558 1797/396/558 1796/395/558
f 1790/387/558 1791/393/558 1798/385/558 1797/396/558
f 1792/391/558 1793/394/558 1800/397/558 1799/391/558
f 1793/394/558 1794/389/558 1801/398/558 1800/397/558
f 1794/389/558 1795/362/558 1802/399/558 1801/398/558
f 1795/362/558 1796/395/558 1803/392/558 1802/399/558
f 1796/395/558 1797/396/558 1804/400/558 1803/392/558
f 1797/396/558 1798/385/558 1805/401/558 1804/400/558
f 19/366/558 245/365/558 1757/376/558 531/356/558
f 245/365/558 246/364/558 1758/377/558 1757/376/558
f 246/364/558 247/363/558 1759/363/558 1758/377/558
f 247/363/558 248/362/558 1760/381/558 1759/363/558
f 248/362/558 249/361/558 1761/382/558 1760/381/558
f 249/361/558 250/360/558 1762/360/558 1761/382/558
f 250/360/558 251/359/558 1763/384/558 1762/360/558
f 251/359/558 20/358/558 532/357/558 1763/384/558
f 1763/384/558 532/357/558 533/358/558 1770/385/558
f 1770/385/558 533/358/558 534/358/558 1777/388/558
f 1777/388/558 534/358/558 535/358/558 1784/390/558
f 1784/390/558 535/358/558 536/402/558 1791/393/558
f 1791/393/558 536/402/558 537/402/558 1798/385/558
f 1798/385/558 537/402/558 538/402/558 1805/401/558
f 1805/401/558 538/402/558 47/403/558 524/404/558
f 1804/400/558 1805/401/558 524/404/558 523/400/558
f 1803/392/558 1804/400/558 523/400/558 522/405/558
f 1802/399/558 1803/392/558 522/405/558 521/406/558
f 1801/398/558 1802/399/558 521/406/558 520/407/558
f 1800/397/558 1801/398/558 520/407/558 519/397/558
f 1799/391/558 1800/397/558 519/397/558 518/391/558
f 525/356/558 1799/391/558 518/391/558 46/366/558
f 526/356/558 1792/391/558 1799/391/558 525/356/558
f 527/356/558 1785/391/558 1792/391/558 526/356/558
f 528/356/558 1778/379/558 1785/391/558 527/356/558
f 529/356/558 1771/365/558 1778/379/558 528/356/558
f 530/356/558 1764/379/558 1771/365/558 529/356/558
f 531/356/558 1757/376/558 1764/379/558 530/356/558
f 1806/391/558 1807/408/558 1814/394/558 1813/379/558
f 1807/408/558 1808/409/558 1815/389/558 1814/394/558
f 1808/409/558 1809/410/558 1816/362/558 1815/389/558
f 1809/410/558 1810/405/558 1817/411/558 1816/362/558
f 1810/405/558 1811/400/558 1818/400/558 1817/411/558
f 1811/400/558 1812/401/558 1819/412/558 1818/400/558
f 1813/379/558 1814/394/558 1821/408/558 1820/391/558
f 1814/394/558 1815/389/558 1822/409/558 1821/408/558
f 1815/389/558 1816/362/558 1823/399/558 1822/409/558
f 1816/362/558 1817/411/558 1824/405/558 1823/399/558
f 1817/411/558 1818/400/558 1825/413/558 1824/405/558
f 1818/400/558 1819/412/558 1826/414/558 1825/413/558
f 1820/391/558 1821/408/558 1828/386/558 1827/415/558
f 1821/408/558 1822/409/558 1829/416/558 1828/386/558
f 1822/409/558 1823/399/558 1830/417/558 1829/416/558
f 1823/399/558 1824/405/558 1831/418/558 1830/417/558
f 1824/405/558 1825/413/558 1832/419/558 1831/418/558
f 1825/413/558 1826/414/558 1833/401/558 1832/419/558
f 1827/415/558 1828/386/558 1835/397/558 1834/415/558
f 1828/386/558 1829/416/558 1836/416/558 1835/397/558
f 1829/416/558 1830/417/558 1837/406/558 1836/416/558
f 1830/417/558 1831/418/558 1838/405/558 1837/406/558
f 1831/418/558 1832/419/558 1839/400/558 1838/405/558
f 1832/419/558 1833/401/558 1840/420/558 1839/400/558
f 1834/415/558 1835/397/558 1842/364/558 1841/421/558
f 1835/397/558 1836/416/558 1843/416/558 1842/364/558
f 1836/416/558 1837/406/558 1844/399/558 1843/416/558
f 1837/406/558 1838/405/558 1845/383/558 1844/399/558
f 1838/405/558 1839/400/558 1846/396/558 1845/383/558
f 1839/400/558 1840/420/558 1847/385/558 1846/396/558
f 1841/421/558 1842/364/558 1849/397/558 1848/391/558
f 1842/364/558 1843/416/558 1850/416/558 1849/397/558
f 1843/416/558 1844/399/558 1851/406/558 1850/416/558
f 1844/399/558 1845/383/558 1852/405/558 1851/406/558
f 1845/383/558 1846/396/558 1853/419/558 1852/405/558
f 1846/396/558 1847/385/558 1854/385/558 1853/419/558
f 46/366/559 518/391/559 1806/391/559 552/356/559
f 518/391/558 519/397/558 1807/408/558 1806/391/558
f 519/397/558 520/407/558 1808/409/558 1807/408/558
f 520/407/558 521/406/558 1809/410/558 1808/409/558
f 521/406/558 522/405/558 1810/405/558 1809/410/558
f 522/405/558 523/400/558 1811/400/558 1810/405/558
f 523/400/558 524/404/558 1812/401/558 1811/400/558
f 524/404/558 47/403/558 553/402/558 1812/401/558
f 1812/401/558 553/402/558 554/402/558 1819/412/558
f 1819/412/558 554/402/558 555/422/558 1826/414/558
f 1826/414/558 555/422/558 556/402/558 1833/401/558
f 1833/401/558 556/402/558 557/358/558 1840/420/558
f 1840/420/558 557/358/558 558/422/558 1847/385/558
f 1847/385/558 558/422/558 559/422/558 1854/385/558
f 1854/385/560 559/422/560 49/403/560 545/412/560
f 1853/419/561 1854/385/561 545/412/561 544/396/561
f 1852/405/561 1853/419/561 544/396/561 543/383/561
f 1851/406/561 1852/405/561 543/383/561 542/406/561
f 1850/416/561 1851/406/561 542/406/561 541/363/561
f 1849/397/561 1850/416/561 541/363/561 540/397/561
f 1848/391/561 1849/397/561 540/397/561 539/415/561
f 546/356/562 1848/391/562 539/415/562 48/366/562
f 547/356/558 1841/421/558 1848/391/558 546/356/558
f 548/366/558 1834/415/558 1841/421/558 547/356/558
f 549/356/558 1827/415/558 1834/415/558 548/366/558
f 550/356/558 1820/391/558 1827/415/558 549/356/558
f 551/356/558 1813/379/558 1820/391/558 550/356/558
f 552/356/558 1806/391/558 1813/379/558 551/356/558
f 1855/379/563 1856/423/563 1863/424/563 1862/415/563
f 1856/423/563 1857/416/563 1864/409/563 1863/424/563
f 1857/416/563 1858/406/563 1865/406/563 1864/409/563
f 1858/406/563 1859/405/563 1866/405/563 1865/406/563
f 1859/405/563 1860/396/563 1867/396/563 1866/405/563
f 1860/396/563 1861/404/563 1868/390/563 1867/396/563
f 1862/415/563 1863/424/563 1870/397/563 1869/415/563
f 1863/424/563 1864/409/563 1871/416/563 1870/397/563
f 1864/409/563 1865/406/563 1872/406/563 1871/416/563
f 1865/406/563 1866/405/563 1873/405/563 1872/406/563
f 1866/405/563 1867/396/563 1874/425/563 1873/405/563
f 1867/396/563 1868/390/563 1875/426/563 1874/425/563
f 1869/415/563 1870/397/563 1877/397/563 1876/421/563
f 1870/397/563 1871/416/563 1878/427/563 1877/397/563
f 1871/416/563 1872/406/563 1879/399/563 1878/427/563
f 1872/406/563 1873/405/563 1880/383/563 1879/399/563
f 1873/405/563 1874/425/563 1881/400/563 1880/383/563
f 1874/425/563 1875/426/563 1882/420/563 1881/400/563
f 1876/421/563 1877/397/563 1884/394/563 1883/421/563
f 1877/397/563 1878/427/563 1885/428/563 1884/394/563
f 1878/427/563 1879/399/563 1886/399/563 1885/428/563
f 1879/399/563 1880/383/563 1887/405/563 1886/399/563
f 1880/383/563 1881/400/563 1888/396/563 1887/405/563
f 1881/400/563 1882/420/563 1889/426/563 1888/396/563
f 1883/421/563 1884/394/563 1891/429/563 1890/415/563
f 1884/394/563 1885/428/563 1892/416/563 1891/429/563
f 1885/428/563 1886/399/563 1893/406/563 1892/416/563
f 1886/399/563 1887/405/563 1894/405/563 1893/406/563
f 1887/405/563 1888/396/563 1895/396/563 1894/405/563
f 1888/396/563 1889/426/563 1896/385/563 1895/396/563
f 1890/415/563 1891/429/563 1898/423/563 1897/379/563
f 1891/429/563 1892/416/563 1899/407/563 1898/423/563
f 1892/416/563 1893/406/563 1900/406/563 1899/407/563
f 1893/406/563 1894/405/563 1901/383/563 1900/406/563
f 1894/405/563 1895/396/563 1902/396/563 1901/383/563
f 1895/396/563 1896/385/563 1903/385/563 1902/396/563
f 48/366/564 539/379/564 1855/379/564 573/356/564
f 539/379/565 540/394/565 1856/423/565 1855/379/565
f 540/394/565 541/407/565 1857/416/565 1856/423/565
f 541/407/565 542/399/565 1858/406/565 1857/416/565
f 542/399/565 543/405/565 1859/405/565 1858/406/565
f 543/405/565 544/396/565 1860/396/565 1859/405/565
f 544/396/565 545/420/565 1861/404/565 1860/396/565
f 545/420/566 49/403/566 574/422/566 1861/404/566
f 1861/404/563 574/422/563 575/422/563 1868/390/563
f 1868/390/563 575/422/563 576/402/563 1875/426/563
f 1875/426/563 576/402/563 577/403/563 1882/420/563
f 1882/420/563 577/403/563 578/422/563 1889/426/563
f 1889/426/563 578/422/563 579/422/563 1896/385/563
f 1896/385/563 579/422/563 580/422/563 1903/385/563
f 1903/385/563 580/422/563 51/403/563 566/426/563
f 1902/396/563 1903/385/563 566/426/563 565/400/563
f 1901/383/563 1902/396/563 565/400/563 564/392/563
f 1900/406/563 1901/383/563 564/392/563 563/399/563
f 1899/407/563 1900/406/563 563/399/563 562/407/563
f 1898/423/563 1899/407/563 562/407/563 561/397/563
f 1897/379/563 1898/423/563 561/397/563 560/365/563
f 567/356/563 1897/379/563 560/365/563 50/366/563
f 568/148/563 1890/415/563 1897/379/563 567/356/563
f 569/356/563 1883/421/563 1890/415/563 568/148/563
f 570/366/563 1876/421/563 1883/421/563 569/356/563
f 571/356/563 1869/415/563 1876/421/563 570/366/563
f 572/366/563 1862/415/563 1869/415/563 571/356/563
f 573/356/563 1855/379/563 1862/415/563 572/366/563
f 1904/356/522 1905/367/522 1912/356/522 1911/366/522
f 1905/367/522 1906/356/522 1913/366/522 1912/356/522
f 1906/356/522 1907/367/522 1914/356/522 1913/366/522
f 1907/367/522 1908/356/522 1915/366/522 1914/356/522
f 1908/356/522 1909/356/522 1916/356/522 1915/366/522
f 1909/356/522 1910/356/522 1917/366/522 1916/356/522
f 1911/366/522 1912/356/522 1919/366/522 1918/356/522
f 1912/356/522 1913/366/522 1920/356/522 1919/366/522
f 1913/366/522 1914/356/522 1921/366/522 1920/356/522
f 1914/356/522 1915/366/522 1922/356/522 1921/366/522
f 1915/366/522 1916/356/522 1923/366/522 1922/356/522
f 1916/356/522 1917/366/522 1924/148/522 1923/366/522
f 1918/356/522 1919/366/522 1926/366/522 1925/148/522
f 1919/366/522 1920/356/522 1927/356/522 1926/366/522
f 1920/356/522 1921/366/522 1928/356/522 1927/356/522
f 1921/366/522 1922/356/522 1929/356/522 1928/356/522
f 1922/356/522 1923/366/522 1930/366/522 1929/356/522
f 1923/366/522 1924/148/522 1931/148/522 1930/366/522
f 1925/148/522 1926/366/522 1933/356/522 1932/148/522
f 1926/366/522 1927/356/522 1934/148/522 1933/356/522
f 1927/356/522 1928/356/522 1935/356/522 1934/148/522
f 1928/356/522 1929/356/522 1936/148/522 1935/356/522
f 1929/356/522 1930/366/522 1937/356/522 1936/148/522
f 1930/366/522 1931/148/522 1938/148/522 1937/356/522
f 1932/148/522 1933/356/522 1940/356/522 1939/366/522
f 1933/356/522 1934/148/522 1941/366/522 1940/356/522
f 1934/148/522 1935/356/522 1942/366/522 1941/366/522
f 1935/356/522 1936/148/522 1943/366/522 1942/366/522
f 1936/148/522 1937/356/522 1944/366/522 1943/366/522
f 1937/356/522 1938/148/522 1945/356/522 1944/366/522
f 1939/366/522 1940/356/522 1947/356/522 1946/356/522
f 1940/356/522 1941/366/522 1948/356/522 1947/356/522
f 1941/366/522 1942/366/522 1949/366/522 1948/356/522
f 1942/366/522 1943/366/522 1950/148/522 1949/366/522
f 1943/366/522 1944/366/522 1951/356/522 1950/148/522
f 1944/366/522 1945/356/522 1952/148/522 1951/356/522
f 19/366/567 531/356/567 1904/356/567 594/356/567
f 531/356/567 530/356/567 1905/367/567 1904/356/567
f 530/356/567 529/356/567 1906/356/567 1905/367/567
f 529/356/567 528/356/567 1907/367/567 1906/356/567
f 528/356/567 527/356/567 1908/356/567 1907/367/567
f 527/356/567 526/356/567 1909/356/567 1908/356/567
f 526/356/567 525/356/567 1910/356/567 1909/356/567
f 525/356/567 46/366/567 595/356/567 1910/356/567
f 1910/356/522 595/356/522 596/356/522 1917/366/522
f 1917/366/522 596/356/522 597/356/522 1924/148/522
f 1924/148/522 597/356/522 598/356/522 1931/148/522
f 1931/148/522 598/356/522 599/148/522 1938/148/522
f 1938/148/522 599/148/522 600/356/522 1945/356/522
f 1945/356/522 600/356/522 601/148/522 1952/148/522
f 1952/148/568 601/148/568 53/366/568 581/356/568
f 1951/356/569 1952/148/569 581/356/569 582/356/569
f 1950/148/568 1951/356/568 582/356/568 583/366/568
f 1949/366/568 1950/148/568 583/366/568 584/356/568
f 1948/356/568 1949/366/568 584/356/568 585/148/568
f 1947/356/569 1948/356/569 585/148/569 586/356/569
f 1946/356/569 1947/356/569 586/356/569 587/148/569
f 588/356/569 1946/356/569 587/148/569 52/366/569
f 589/356/522 1939/366/522 1946/356/522 588/356/522
f 590/366/522 1932/148/522 1939/366/522 589/356/522
f 591/356/522 1925/148/522 1932/148/522 590/366/522
f 592/356/522 1918/356/522 1925/148/522 591/356/522
f 593/356/522 1911/366/522 1918/356/522 592/356/522
f 594/356/522 1904/356/522 1911/366/522 593/356/522
f 1953/402/522 1954/430/522 1961/402/522 1960/403/522
f 1954/430/522 1955/358/522 1962/403/522 1961/402/522
f 1955/358/522 1956/373/522 1963/357/522 1962/403/522
f 1956/373/522 1957/358/522 1964/358/522 1963/357/522
f 1957/358/522 1958/369/522 1965/369/522 1964/358/522
f 1958/369/522 1959/369/522 1966/358/522 1965/369/522
f 1960/403/522 1961/402/522 1968/430/522 1967/357/522
f 1961/402/522 1962/403/522 1969/422/522 1968/430/522
f 1962/403/522 1963/357/522 1970/358/522 1969/422/522
f 1963/357/522 1964/358/522 1971/357/522 1970/358/522
f 1964/358/522 1965/369/522 1972/358/522 1971/357/522
f 1965/369/522 1966/358/522 1973/371/522 1972/358/522
f 1967/357/522 1968/430/522 1975/402/522 1974/403/522
f 1968/430/522 1969/422/522 1976/431/522 1975/402/522
f 1969/422/522 1970/358/522 1977/369/522 1976/431/522
f 1970/358/522 1971/357/522 1978/357/522 1977/369/522
f 1971/357/522 1972/358/522 1979/358/522 1978/357/522
f 1972/358/522 1973/371/522 1980/371/522 1979/358/522
f 1974/403/522 1975/402/522 1982/431/522 1981/357/522
f 1975/402/522 1976/431/522 1983/358/522 1982/431/522
f 1976/431/522 1977/369/522 1984/358/522 1983/358/522
f 1977/369/522 1978/357/522 1985/139/522 1984/358/522
f 1978/357/522 1979/358/522 1986/357/522 1985/139/522
f 1979/358/522 1980/371/522 1987/139/522 1986/357/522
f 1981/357/522 1982/431/522 1989/402/522 1988/402/522
f 1982/431/522 1983/358/522 1990/431/522 1989/402/522
f 1983/358/522 1984/358/522 1991/373/522 1990/431/522
f 1984/358/522 1985/139/522 1992/358/522 1991/373/522
f 1985/139/522 1986/357/522 1993/358/522 1992/358/522
f 1986/357/522 1987/139/522 1994/369/522 1993/358/522
f 1988/402/522 1989/402/522 1996/422/522 1995/402/522
f 1989/402/522 1990/431/522 1997/358/522 1996/422/522
f 1990/431/522 1991/373/522 1998/358/522 1997/358/522
f 1991/373/522 1992/358/522 1999/369/522 1998/358/522
f 1992/358/522 1993/358/522 2000/358/522 1999/369/522
f 1993/358/522 1994/369/522 2001/139/522 2000/358/522
f 47/403/570 538/402/570 1953/402/570 615/402/570
f 538/402/570 537/402/570 1954/430/570 1953/402/570
f 537/402/570 536/402/570 1955/358/570 1954/430/570
f 536/402/570 535/358/570 1956/373/570 1955/358/570
f 535/358/570 534/358/570 1957/358/570 1956/373/570
f 534/358/570 533/358/570 1958/369/570 1957/358/570
f 533/358/570 532/357/570 1959/369/570 1958/369/570
f 532/357/571 20/358/571 616/357/571 1959/369/571
f 1959/369/522 616/357/522 617/357/522 1966/358/522
f 1966/358/522 617/357/522 618/357/522 1973/371/522
f 1973/371/522 618/357/522 619/357/522 1980/371/522
f 1980/371/522 619/357/522 620/139/522 1987/139/522
f 1987/139/522 620/139/522 621/357/522 1994/369/522
f 1994/369/522 621/357/522 622/139/522 2001/139/522
f 2001/139/572 622/139/572 54/358/572 602/358/572
f 2000/358/572 2001/139/572 602/358/572 603/358/572
f 1999/369/573 2000/358/573 603/358/573 604/358/573
f 1998/358/573 1999/369/573 604/358/573 605/358/573
f 1997/358/573 1998/358/573 605/358/573 606/402/573
f 1996/422/573 1997/358/573 606/402/573 607/402/573
f 1995/402/573 1996/422/573 607/402/573 608/402/573
f 609/402/574 1995/402/574 608/402/574 55/403/574
f 610/402/575 1988/402/575 1995/402/575 609/402/575
f 611/422/576 1981/357/576 1988/402/576 610/402/576
f 612/402/577 1974/403/577 1981/357/577 611/422/577
f 613/422/578 1967/357/578 1974/403/578 612/402/578
f 614/402/579 1960/403/579 1967/357/579 613/422/579
f 615/402/567 1953/402/567 1960/403/567 614/402/567
f 2002/402/580 2003/430/580 2010/402/580 2009/403/580
f 2003/430/581 2004/358/581 2011/432/581 2010/402/581
f 2004/358/582 2005/430/582 2012/402/582 2011/432/582
f 2005/430/583 2006/358/583 2013/432/583 2012/402/583
f 2006/358/584 2007/402/584 2014/402/584 2013/432/584
f 2007/402/585 2008/433/585 2015/432/585 2014/402/585
f 2009/403/586 2010/402/586 2017/431/586 2016/357/586
f 2010/402/587 2011/432/587 2018/422/587 2017/431/587
f 2011/432/588 2012/402/588 2019/431/588 2018/422/588
f 2012/402/589 2013/432/589 2020/422/589 2019/431/589
f 2013/432/590 2014/402/590 2021/431/590 2020/422/590
f 2014/402/591 2015/432/591 2022/422/591 2021/431/591
f 2016/357/592 2017/431/592 2024/403/592 2023/373/592
f 2017/431/593 2018/422/593 2025/402/593 2024/403/593
f 2018/422/594 2019/431/594 2026/402/594 2025/402/594
f 2019/431/595 2020/422/595 2027/432/595 2026/402/595
f 2020/422/596 2021/431/596 2028/402/596 2027/432/596
f 2021/431/597 2022/422/597 2029/432/597 2028/402/597
f 2023/373/598 2024/403/598 2031/403/598 2030/422/598
f 2024/403/599 2025/402/599 2032/402/599 2031/403/599
f 2025/402/600 2026/402/600 2033/431/600 2032/402/600
f 2026/402/601 2027/432/601 2034/422/601 2033/431/601
f 2027/432/602 2028/402/602 2035/431/602 2034/422/602
f 2028/402/603 2029/432/603 2036/422/603 2035/431/603
f 2030/422/604 2031/403/604 2038/373/604 2037/403/604
f 2031/403/605 2032/402/605 2039/422/605 2038/373/605
f 2032/402/606 2033/431/606 2040/402/606 2039/422/606
f 2033/431/607 2034/422/607 2041/432/607 2040/402/607
f 2034/422/608 2035/431/608 2042/402/608 2041/432/608
f 2035/431/609 2036/422/609 2043/433/609 2042/402/609
f 2037/403/610 2038/373/610 2045/422/610 2044/358/610
f 2038/373/611 2039/422/611 2046/422/611 2045/422/611
f 2039/422/612 2040/402/612 2047/422/612 2046/422/612
f 2040/402/613 2041/432/613 2048/402/613 2047/422/613
f 2041/432/614 2042/402/614 2049/402/614 2048/402/614
f 2042/402/615 2043/433/615 2050/357/615 2049/402/615
f 47/403/616 615/402/616 2002/402/616 643/402/616
f 615/402/617 614/402/617 2003/430/617 2002/402/617
f 614/402/618 613/422/618 2004/358/618 2003/430/618
f 613/422/619 612/402/619 2005/430/619 2004/358/619
f 612/402/620 611/422/620 2006/358/620 2005/430/620
f 611/422/621 610/402/621 2007/402/621 2006/358/621
f 610/402/622 609/422/622 2008/433/622 2007/402/622
f 609/422/623 55/358/623 644/433/623 2008/433/623
f 2008/433/624 644/433/624 645/433/624 2015/432/624
f 2015/432/625 645/433/625 646/430/625 2022/422/625
f 2022/422/626 646/430/626 647/433/626 2029/432/626
f 2029/432/627 647/433/627 648/373/627 2036/422/627
f 2036/422/628 648/373/628 649/402/628 2043/433/628
f 2043/433/629 649/402/629 650/422/629 2050/357/629
f 2050/357/630 650/422/630 59/358/630 630/422/630
f 2049/402/631 2050/357/631 630/422/631 631/402/631
f 2048/402/632 2049/402/632 631/402/632 632/422/632
f 2047/422/633 2048/402/633 632/422/633 633/402/633
f 2046/422/634 2047/422/634 633/402/634 634/358/634
f 2045/422/635 2046/422/635 634/358/635 635/422/635
f 2044/358/636 2045/422/636 635/422/636 636/373/636
f 637/403/637 2044/358/637 636/373/637 57/403/637
f 638/422/638 2037/403/638 2044/358/638 637/403/638
f 639/422/639 2030/422/639 2037/403/639 638/422/639
f 640/402/640 2023/373/640 2030/422/640 639/422/640
f 641/422/641 2016/357/641 2023/373/641 640/402/641
f 642/402/642 2009/403/642 2016/357/642 641/422/642
f 643/402/643 2002/402/643 2009/403/643 642/402/643
f 2051/148/522 2052/367/522 2059/148/522 2058/367/522
f 2052/367/522 2053/148/522 2060/366/522 2059/148/522
f 2053/148/522 2054/367/522 2061/356/522 2060/366/522
f 2054/367/522 2055/356/522 2062/366/522 2061/356/522
f 2055/356/522 2056/356/522 2063/356/522 2062/366/522
f 2056/356/522 2057/356/522 2064/366/522 2063/356/522
f 2058/367/522 2059/148/522 2066/366/522 2065/148/522
f 2059/148/522 2060/366/522 2067/356/522 2066/366/522
f 2060/366/522 2061/356/522 2068/366/522 2067/356/522
f 2061/356/522 2062/366/522 2069/356/522 2068/366/522
f 2062/366/522 2063/356/522 2070/366/522 2069/356/522
f 2063/356/522 2064/366/522 2071/148/522 2070/366/522
f 2065/148/522 2066/366/522 2073/356/522 2072/366/522
f 2066/366/522 2067/356/522 2074/366/522 2073/356/522
f 2067/356/522 2068/366/522 2075/356/522 2074/366/522
f 2068/366/522 2069/356/522 2076/356/522 2075/356/522
f 2069/356/522 2070/366/522 2077/366/522 2076/356/522
f 2070/366/522 2071/148/522 2078/148/522 2077/366/522
f 2072/366/522 2073/356/522 2080/366/522 2079/356/522
f 2073/356/522 2074/366/522 2081/356/522 2080/366/522
f 2074/366/522 2075/356/522 2082/356/522 2081/356/522
f 2075/356/522 2076/356/522 2083/148/522 2082/356/522
f 2076/356/522 2077/366/522 2084/356/522 2083/148/522
f 2077/366/522 2078/148/522 2085/148/522 2084/356/522
f 2079/356/522 2080/366/522 2087/356/522 2086/356/522
f 2080/366/522 2081/356/522 2088/366/522 2087/356/522
f 2081/356/522 2082/356/522 2089/366/522 2088/366/522
f 2082/356/522 2083/148/522 2090/366/522 2089/366/522
f 2083/148/522 2084/356/522 2091/366/522 2090/366/522
f 2084/356/522 2085/148/522 2092/356/522 2091/366/522
f 2086/356/522 2087/356/522 2094/366/522 2093/356/522
f 2087/356/522 2088/366/522 2095/356/522 2094/366/522
f 2088/366/522 2089/366/522 2096/366/522 2095/356/522
f 2089/366/522 2090/366/522 2097/148/522 2096/366/522
f 2090/366/522 2091/366/522 2098/356/522 2097/148/522
f 2091/366/522 2092/356/522 2099/148/522 2098/356/522
f 53/366/568 601/148/568 2051/148/568 657/356/568
f 601/148/522 600/356/522 2052/367/522 2051/148/522
f 600/356/522 599/148/522 2053/148/522 2052/367/522
f 599/148/522 598/356/522 2054/367/522 2053/148/522
f 598/356/522 597/356/522 2055/356/522 2054/367/522
f 597/356/522 596/356/522 2056/356/522 2055/356/522
f 596/356/522 595/356/522 2057/356/522 2056/356/522
f 595/356/644 46/366/644 658/356/644 2057/356/644
f 2057/356/522 658/356/522 659/356/522 2064/366/522
f 2064/366/522 659/356/522 660/356/522 2071/148/522
f 2071/148/522 660/356/522 661/356/522 2078/148/522
f 2078/148/522 661/356/522 662/148/522 2085/148/522
f 2085/148/522 662/148/522 663/356/522 2092/356/522
f 2092/356/522 663/356/522 664/148/522 2099/148/522
f 2099/148/645 664/148/645 56/366/645 623/356/645
f 2098/356/645 2099/148/645 623/356/645 624/356/645
f 2097/148/646 2098/356/646 624/356/646 625/366/646
f 2096/366/645 2097/148/645 625/366/645 626/356/645
f 2095/356/646 2096/366/646 626/356/646 627/356/646
f 2094/366/647 2095/356/647 627/356/647 628/356/647
f 2093/356/645 2094/366/645 628/356/645 629/356/645
f 651/356/648 2093/356/648 629/356/648 58/366/648
f 652/356/568 2086/356/568 2093/356/568 651/356/568
f 653/356/569 2079/356/569 2086/356/569 652/356/569
f 654/356/568 2072/366/568 2079/356/568 653/356/568
f 655/366/568 2065/148/568 2072/366/568 654/356/568
f 656/356/568 2058/367/568 2065/148/568 655/366/568
f 657/356/569 2051/148/569 2058/367/569 656/356/569
f 2100/433/649 2101/432/649 2108/374/649 2107/432/649
f 2101/432/649 2102/422/649 2109/422/649 2108/374/649
f 2102/422/649 2103/430/649 2110/402/649 2109/422/649
f 2103/430/649 2104/358/649 2111/432/649 2110/402/649
f 2104/358/649 2105/402/649 2112/402/649 2111/432/649
f 2105/402/649 2106/402/649 2113/430/649 2112/402/649
f 2107/432/650 2108/374/650 2115/403/650 2114/422/650
f 2108/374/649 2109/422/649 2116/358/649 2115/403/649
f 2109/422/651 2110/402/651 2117/431/651 2116/358/651
f 2110/402/649 2111/432/649 2118/422/649 2117/431/649
f 2111/432/649 2112/402/649 2119/431/649 2118/422/649
f 2112/402/649 2113/430/649 2120/433/649 2119/431/649
f 2114/422/650 2115/403/650 2122/403/650 2121/373/650
f 2115/403/649 2116/358/649 2123/402/649 2122/403/649
f 2116/358/649 2117/431/649 2124/402/649 2123/402/649
f 2117/431/649 2118/422/649 2125/358/649 2124/402/649
f 2118/422/649 2119/431/649 2126/430/649 2125/358/649
f 2119/431/649 2120/433/649 2127/402/649 2126/430/649
f 2121/373/649 2122/403/649 2129/403/649 2128/422/649
f 2122/403/650 2123/402/650 2130/402/650 2129/403/650
f 2123/402/649 2124/402/649 2131/373/649 2130/402/649
f 2124/402/651 2125/358/651 2132/422/651 2131/373/651
f 2125/358/649 2126/430/649 2133/358/649 2132/422/649
f 2126/430/649 2127/402/649 2134/422/649 2133/358/649
f 2128/422/649 2129/403/649 2136/373/649 2135/403/649
f 2129/403/649 2130/402/649 2137/422/649 2136/373/649
f 2130/402/649 2131/373/649 2138/422/649 2137/422/649
f 2131/373/649 2132/422/649 2139/422/649 2138/422/649
f 2132/422/649 2133/358/649 2140/402/649 2139/422/649
f 2133/358/649 2134/422/649 2141/422/649 2140/402/649
f 2135/403/649 2136/373/649 2143/422/649 2142/358/649
f 2136/373/649 2137/422/649 2144/422/649 2143/422/649
f 2137/422/649 2138/422/649 2145/403/649 2144/422/649
f 2138/422/649 2139/422/649 2146/422/649 2145/403/649
f 2139/422/649 2140/402/649 2147/403/649 2146/422/649
f 2140/402/649 2141/422/649 2148/402/649 2147/403/649
f 57/403/652 636/373/652 2100/433/652 685/403/652
f 636/373/653 635/422/653 2101/432/653 2100/433/653
f 635/422/654 634/358/654 2102/422/654 2101/432/654
f 634/358/655 633/402/655 2103/430/655 2102/422/655
f 633/402/656 632/422/656 2104/358/656 2103/430/656
f 632/422/657 631/402/657 2105/402/657 2104/358/657
f 631/402/658 630/402/658 2106/402/658 2105/402/658
f 630/402/659 59/403/659 686/402/659 2106/402/659
f 2106/402/649 686/402/649 687/402/649 2113/430/649
f 2113/430/649 687/402/649 688/422/649 2120/433/649
f 2120/433/649 688/422/649 689/402/649 2127/402/649
f 2127/402/649 689/402/649 690/358/649 2134/422/649
f 2134/422/649 690/358/649 691/422/649 2141/422/649
f 2141/422/649 691/422/649 692/422/649 2148/402/649
f 2148/402/649 692/422/649 63/403/649 672/403/649
f 2147/403/649 2148/402/649 672/403/649 673/422/649
f 2146/422/649 2147/403/649 673/422/649 674/422/649
f 2145/403/649 2146/422/649 674/422/649 675/402/649
f 2144/422/649 2145/403/649 675/402/649 676/358/649
f 2143/422/649 2144/422/649 676/358/649 677/422/649
f 2142/358/649 2143/422/649 677/422/649 678/373/649
f 679/403/649 2142/358/649 678/373/649 61/403/649
f 680/422/649 2135/403/649 2142/358/649 679/403/649
f 681/422/649 2128/422/649 2135/403/649 680/422/649
f 682/402/649 2121/373/649 2128/422/649 681/422/649
f 683/422/649 2114/422/649 2121/373/649 682/402/649
f 684/422/649 2107/432/649 2114/422/649 683/422/649
f 685/403/649 2100/433/649 2107/432/649 684/422/649
f 2149/356/649 2150/367/649 2157/356/649 2156/366/649
f 2150/367/651 2151/356/651 2158/366/651 2157/356/651
f 2151/356/649 2152/148/649 2159/367/649 2158/366/649
f 2152/148/649 2153/148/649 2160/356/649 2159/367/649
f 2153/148/649 2154/366/649 2161/368/649 2160/356/649
f 2154/366/649 2155/368/649 2162/366/649 2161/368/649
f 2156/366/649 2157/356/649 2164/366/649 2163/356/649
f 2157/356/649 2158/366/649 2165/356/649 2164/366/649
f 2158/366/650 2159/367/650 2166/356/650 2165/356/650
f 2159/367/649 2160/356/649 2167/148/649 2166/356/649
f 2160/356/649 2161/368/649 2168/366/649 2167/148/649
f 2161/368/650 2162/366/650 2169/356/650 2168/366/650
f 2163/356/649 2164/366/649 2171/366/649 2170/148/649
f 2164/366/650 2165/356/650 2172/356/650 2171/366/650
f 2165/356/649 2166/356/649 2173/356/649 2172/356/649
f 2166/356/649 2167/148/649 2174/356/649 2173/356/649
f 2167/148/649 2168/366/649 2175/366/649 2174/356/649
f 2168/366/649 2169/356/649 2176/148/649 2175/366/649
f 2170/148/649 2171/366/649 2178/356/649 2177/148/649
f 2171/366/650 2172/356/650 2179/148/650 2178/356/650
f 2172/356/649 2173/356/649 2180/356/649 2179/148/649
f 2173/356/649 2174/356/649 2181/148/649 2180/356/649
f 2174/356/649 2175/366/649 2182/356/649 2181/148/649
f 2175/366/649 2176/148/649 2183/148/649 2182/356/649
f 2177/148/649 2178/356/649 2185/356/649 2184/366/649
f 2178/356/649 2179/148/649 2186/366/649 2185/356/649
f 2179/148/649 2180/356/649 2187/366/649 2186/366/649
f 2180/356/649 2181/148/649 2188/366/649 2187/366/649
f 2181/148/649 2182/356/649 2189/366/649 2188/366/649
f 2182/356/649 2183/148/649 2190/356/649 2189/366/649
f 2184/366/649 2185/356/649 2192/356/649 2191/356/649
f 2185/356/649 2186/366/649 2193/356/649 2192/356/649
f 2186/366/649 2187/366/649 2194/366/649 2193/356/649
f 2187/366/649 2188/366/649 2195/148/649 2194/366/649
f 2188/366/649 2189/366/649 2196/356/649 2195/148/649
f 2189/366/649 2190/356/649 2197/148/649 2196/356/649
f 58/366/660 629/356/660 2149/356/660 699/356/660
f 629/356/661 628/356/661 2150/367/661 2149/356/661
f 628/356/662 627/356/662 2151/356/662 2150/367/662
f 627/356/663 626/356/663 2152/148/663 2151/356/663
f 626/356/662 625/148/662 2153/148/662 2152/148/662
f 625/148/663 624/356/663 2154/366/663 2153/148/663
f 624/356/661 623/148/661 2155/368/661 2154/366/661
f 623/148/661 56/366/661 700/356/661 2155/368/661
f 2155/368/649 700/356/649 701/356/649 2162/366/649
f 2162/366/649 701/356/649 702/366/649 2169/356/649
f 2169/356/649 702/366/649 703/356/649 2176/148/649
f 2176/148/649 703/356/649 704/148/649 2183/148/649
f 2183/148/649 704/148/649 705/356/649 2190/356/649
f 2190/356/649 705/356/649 706/148/649 2197/148/649
f 2197/148/649 706/148/649 60/366/649 665/356/649
f 2196/356/649 2197/148/649 665/356/649 666/356/649
f 2195/148/649 2196/356/649 666/356/649 667/366/649
f 2194/366/650 2195/148/650 667/366/650 668/356/650
f 2193/356/651 2194/366/651 668/356/651 669/148/651
f 2192/356/649 2193/356/649 669/148/649 670/356/649
f 2191/356/649 2192/356/649 670/356/649 671/148/649
f 693/356/649 2191/356/649 671/148/649 62/366/649
f 694/356/649 2184/366/649 2191/356/649 693/356/649
f 695/366/649 2177/148/649 2184/366/649 694/356/649
f 696/356/649 2170/148/649 2177/148/649 695/366/649
f 697/356/649 2163/356/649 2170/148/649 696/356/649
f 698/356/649 2156/366/649 2163/356/649 697/356/649
f 699/356/650 2149/356/650 2156/366/650 698/356/650
f 2198/366/550 2199/148/550 2206/148/550 2205/148/550
f 2199/148/550 2200/366/550 2207/148/550 2206/148/550
f 2200/366/550 2201/366/550 2208/148/550 2207/148/550
f 2201/366/550 2202/366/550 2209/148/550 2208/148/550
f 2202/366/550 2203/356/550 2210/148/550 2209/148/550
f 2203/356/550 2204/356/550 2211/148/550 2210/148/550
f 2205/148/550 2206/148/550 2213/366/550 2212/148/550
f 2206/148/550 2207/148/550 2214/366/550 2213/366/550
f 2207/148/550 2208/148/550 2215/148/550 2214/366/550
f 2208/148/550 2209/148/550 2216/366/550 2215/148/550
f 2209/148/550 2210/148/550 2217/366/550 2216/366/550
f 2210/148/550 2211/148/550 2218/366/550 2217/366/550
f 2212/148/550 2213/366/550 2220/366/550 2219/366/550
f 2213/366/550 2214/366/550 2221/366/550 2220/366/550
f 2214/366/550 2215/148/550 2222/366/550 2221/366/550
f 2215/148/550 2216/366/550 2223/366/550 2222/366/550
f 2216/366/550 2217/366/550 2224/366/550 2223/366/550
f 2217/366/550 2218/366/550 2225/366/550 2224/366/550
f 2219/366/550 2220/366/550 2227/148/550 2226/366/550
f 2220/366/550 2221/366/550 2228/366/550 2227/148/550
f 2221/366/550 2222/366/550 2229/366/550 2228/366/550
f 2222/366/550 2223/366/550 2230/366/550 2229/366/550
f 2223/366/550 2224/366/550 2231/148/550 2230/366/550
f 2224/366/550 2225/366/550 2232/366/550 2231/148/550
f 2226/366/550 2227/148/550 2234/148/550 2233/148/550
f 2227/148/550 2228/366/550 2235/356/550 2234/148/550
f 2228/366/550 2229/366/550 2236/366/550 2235/356/550
f 2229/366/550 2230/366/550 2237/366/550 2236/366/550
f 2230/366/550 2231/148/550 2238/356/550 2237/366/550
f 2231/148/550 2232/366/550 2239/356/550 2238/356/550
f 2233/148/550 2234/148/550 2241/148/550 2240/366/550
f 2234/148/550 2235/356/550 2242/366/550 2241/148/550
f 2235/356/550 2236/366/550 2243/366/550 2242/366/550
f 2236/366/550 2237/366/550 2244/366/550 2243/366/550
f 2237/366/550 2238/356/550 2245/366/550 2244/366/550
f 2238/356/550 2239/356/550 2246/148/550 2245/366/550
f 52/366/664 587/366/664 2198/366/664 741/356/664
f 587/366/664 586/148/664 2199/148/664 2198/366/664
f 586/148/664 585/366/664 2200/366/664 2199/148/664
f 585/366/664 584/366/664 2201/366/664 2200/366/664
f 584/366/664 583/366/664 2202/366/664 2201/366/664
f 583/366/664 582/148/664 2203/356/664 2202/366/664
f 582/148/664 581/366/664 2204/356/664 2203/356/664
f 581/366/664 53/366/664 742/356/664 2204/356/664
f 2204/356/550 742/356/550 743/366/550 2211/148/550
f 2211/148/550 743/366/550 744/356/550 2218/366/550
f 2218/366/550 744/356/550 745/366/550 2225/366/550
f 2225/366/550 745/366/550 746/366/550 2232/366/550
f 2232/366/550 746/366/550 747/366/550 2239/356/550
f 2239/356/550 747/366/550 748/356/550 2246/148/550
f 2246/148/550 748/356/550 65/366/550 707/356/550
f 2245/366/550 2246/148/550 707/356/550 708/366/550
f 2244/366/550 2245/366/550 708/366/550 709/356/550
f 2243/366/550 2244/366/550 709/356/550 710/366/550
f 2242/366/550 2243/366/550 710/366/550 711/366/550
f 2241/148/550 2242/366/550 711/366/550 712/366/550
f 2240/366/550 2241/148/550 712/366/550 713/356/550
f 735/356/550 2240/366/550 713/356/550 64/366/550
f 736/148/550 2233/148/550 2240/366/550 735/356/550
f 737/356/550 2226/366/550 2233/148/550 736/148/550
f 738/366/550 2219/366/550 2226/366/550 737/356/550
f 739/356/550 2212/148/550 2219/366/550 738/366/550
f 740/366/550 2205/148/550 2212/148/550 739/356/550
f 741/356/550 2198/366/550 2205/148/550 740/366/550
f 2247/402/665 2248/431/665 2255/402/665 2254/403/665
f 2248/431/666 2249/402/666 2256/432/666 2255/402/666
f 2249/402/667 2250/430/667 2257/402/667 2256/432/667
f 2250/430/668 2251/402/668 2258/432/668 2257/402/668
f 2251/402/669 2252/402/669 2259/402/669 2258/432/669
f 2252/402/670 2253/402/670 2260/430/670 2259/402/670
f 2254/403/671 2255/402/671 2262/431/671 2261/357/671
f 2255/402/672 2256/432/672 2263/422/672 2262/431/672
f 2256/432/673 2257/402/673 2264/431/673 2263/422/673
f 2257/402/674 2258/432/674 2265/422/674 2264/431/674
f 2258/432/675 2259/402/675 2266/431/675 2265/422/675
f 2259/402/676 2260/430/676 2267/433/676 2266/431/676
f 2261/357/677 2262/431/677 2269/403/677 2268/373/677
f 2262/431/678 2263/422/678 2270/402/678 2269/403/678
f 2263/422/679 2264/431/679 2271/402/679 2270/402/679
f 2264/431/680 2265/422/680 2272/358/680 2271/402/680
f 2265/422/681 2266/431/681 2273/430/681 2272/358/681
f 2266/431/682 2267/433/682 2274/402/682 2273/430/682
f 2268/373/683 2269/403/683 2276/403/683 2275/422/683
f 2269/403/684 2270/402/684 2277/402/684 2276/403/684
f 2270/402/685 2271/402/685 2278/373/685 2277/402/685
f 2271/402/686 2272/358/686 2279/422/686 2278/373/686
f 2272/358/687 2273/430/687 2280/358/687 2279/422/687
f 2273/430/688 2274/402/688 2281/422/688 2280/358/688
f 2275/422/689 2276/403/689 2283/373/689 2282/403/689
f 2276/403/690 2277/402/690 2284/422/690 2283/373/690
f 2277/402/691 2278/373/691 2285/422/691 2284/422/691
f 2278/373/692 2279/422/692 2286/422/692 2285/422/692
f 2279/422/693 2280/358/693 2287/402/693 2286/422/693
f 2280/358/694 2281/422/694 2288/422/694 2287/402/694
f 2282/403/695 2283/373/695 2290/422/695 2289/358/695
f 2283/373/696 2284/422/696 2291/422/696 2290/422/696
f 2284/422/697 2285/422/697 2292/403/697 2291/422/697
f 2285/422/698 2286/422/698 2293/422/698 2292/403/698
f 2286/422/699 2287/402/699 2294/403/699 2293/422/699
f 2287/402/700 2288/422/700 2295/402/700 2294/403/700
f 59/358/701 650/433/701 2247/402/701 755/402/701
f 650/433/702 649/402/702 2248/431/702 2247/402/702
f 649/402/703 648/403/703 2249/402/703 2248/431/703
f 648/403/704 647/402/704 2250/430/704 2249/402/704
f 647/402/705 646/403/705 2251/402/705 2250/430/705
f 646/403/706 645/433/706 2252/402/706 2251/402/706
f 645/433/707 644/403/707 2253/402/707 2252/402/707
f 644/403/708 55/358/708 756/402/708 2253/402/708
f 2253/402/709 756/402/709 757/402/709 2260/430/709
f 2260/430/710 757/402/710 758/422/710 2267/433/710
f 2267/433/711 758/422/711 759/402/711 2274/402/711
f 2274/402/712 759/402/712 760/358/712 2281/422/712
f 2281/422/713 760/358/713 761/422/713 2288/422/713
f 2288/422/714 761/422/714 762/422/714 2295/402/714
f 2295/402/715 762/422/715 67/403/715 721/403/715
f 2294/403/716 2295/402/716 721/403/716 722/422/716
f 2293/422/717 2294/403/717 722/422/717 723/422/717
f 2292/403/718 2293/422/718 723/422/718 724/402/718
f 2291/422/718 2292/403/718 724/402/718 725/358/718
f 2290/422/719 2291/422/719 725/358/719 726/422/719
f 2289/358/720 2290/422/720 726/422/720 727/373/720
f 749/403/721 2289/358/721 727/373/721 69/403/721
f 750/422/722 2282/403/722 2289/358/722 749/403/722
f 751/422/723 2275/422/723 2282/403/723 750/422/723
f 752/402/724 2268/373/724 2275/422/724 751/422/724
f 753/422/725 2261/357/725 2268/373/725 752/402/725
f 754/402/726 2254/403/726 2261/357/726 753/422/726
f 755/402/727 2247/402/727 2254/403/727 754/402/727
f 2296/402/554 2297/430/554 2304/402/554 2303/403/554
f 2297/430/554 2298/358/554 2305/403/554 2304/402/554
f 2298/358/554 2299/371/554 2306/373/554 2305/403/554
f 2299/371/554 2300/357/554 2307/358/554 2306/373/554
f 2300/357/554 2301/358/554 2308/357/554 2307/358/554
f 2301/358/554 2302/372/554 2309/358/554 2308/357/554
f 2303/403/554 2304/402/554 2311/430/554 2310/357/554
f 2304/402/554 2305/403/554 2312/422/554 2311/430/554
f 2305/403/554 2306/373/554 2313/358/554 2312/422/554
f 2306/373/554 2307/358/554 2314/374/554 2313/358/554
f 2307/358/554 2308/357/554 2315/358/554 2314/374/554
f 2308/357/554 2309/358/554 2316/369/554 2315/358/554
f 2310/357/554 2311/430/554 2318/403/554 2317/373/554
f 2311/430/554 2312/422/554 2319/358/554 2318/403/554
f 2312/422/554 2313/358/554 2320/369/554 2319/358/554
f 2313/358/554 2314/374/554 2321/357/554 2320/369/554
f 2314/374/554 2315/358/554 2322/358/554 2321/357/554
f 2315/358/554 2316/369/554 2323/371/554 2322/358/554
f 2317/373/554 2318/403/554 2325/403/554 2324/402/554
f 2318/403/554 2319/358/554 2326/358/554 2325/403/554
f 2319/358/554 2320/369/554 2327/358/554 2326/358/554
f 2320/369/554 2321/357/554 2328/139/554 2327/358/554
f 2321/357/554 2322/358/554 2329/357/554 2328/139/554
f 2322/358/554 2323/371/554 2330/139/554 2329/357/554
f 2324/402/554 2325/403/554 2332/358/554 2331/403/554
f 2325/403/554 2326/358/554 2333/358/554 2332/358/554
f 2326/358/554 2327/358/554 2334/373/554 2333/358/554
f 2327/358/554 2328/139/554 2335/358/554 2334/373/554
f 2328/139/554 2329/357/554 2336/358/554 2335/358/554
f 2329/357/554 2330/139/554 2337/369/554 2336/358/554
f 2331/403/554 2332/358/554 2339/422/554 2338/358/554
f 2332/358/554 2333/358/554 2340/358/554 2339/422/554
f 2333/358/554 2334/373/554 2341/358/554 2340/358/554
f 2334/373/554 2335/358/554 2342/369/554 2341/358/554
f 2335/358/554 2336/358/554 2343/358/554 2342/369/554
f 2336/358/554 2337/369/554 2344/139/554 2343/358/554
f 55/403/728 608/402/728 2296/402/728 756/402/728
f 608/402/729 607/402/729 2297/430/729 2296/402/729
f 607/402/729 606/402/729 2298/358/729 2297/430/729
f 606/402/729 605/358/729 2299/371/729 2298/358/729
f 605/358/729 604/374/729 2300/357/729 2299/371/729
f 604/374/729 603/358/729 2301/358/729 2300/357/729
f 603/358/729 602/139/729 2302/372/729 2301/358/729
f 602/139/729 54/358/729 763/357/729 2302/372/729
f 2302/372/554 763/357/554 764/357/554 2309/358/554
f 2309/358/554 764/357/554 765/358/554 2316/369/554
f 2316/369/554 765/358/554 766/357/554 2323/371/554
f 2323/371/554 766/357/554 767/139/554 2330/139/554
f 2330/139/554 767/139/554 768/357/554 2337/369/554
f 2337/369/554 768/357/554 769/139/554 2344/139/554
f 2344/139/554 769/139/554 66/358/554 714/358/554
f 2343/358/554 2344/139/554 714/358/554 715/358/554
f 2342/369/554 2343/358/554 715/358/554 716/358/554
f 2341/358/554 2342/369/554 716/358/554 717/358/554
f 2340/358/554 2341/358/554 717/358/554 718/374/554
f 2339/422/554 2340/358/554 718/374/554 719/358/554
f 2338/358/554 2339/422/554 719/358/554 720/358/554
f 762/403/554 2338/358/554 720/358/554 67/403/554
f 761/422/554 2331/403/554 2338/358/554 762/403/554
f 760/422/554 2324/402/554 2331/403/554 761/422/554
f 759/402/730 2317/373/730 2324/402/730 760/422/730
f 758/422/731 2310/357/731 2317/373/731 759/402/731
f 757/402/732 2303/403/732 2310/357/732 758/422/732
f 756/402/733 2296/402/733 2303/403/733 757/402/733
f 2345/148/550 2346/367/550 2353/148/550 2352/367/550
f 2346/367/550 2347/148/550 2354/366/550 2353/148/550
f 2347/148/550 2348/367/550 2355/356/550 2354/366/550
f 2348/367/550 2349/356/550 2356/366/550 2355/356/550
f 2349/356/550 2350/356/550 2357/356/550 2356/366/550
f 2350/356/550 2351/356/550 2358/366/550 2357/356/550
f 2352/367/550 2353/148/550 2360/366/550 2359/148/550
f 2353/148/550 2354/366/550 2361/356/550 2360/366/550
f 2354/366/550 2355/356/550 2362/366/550 2361/356/550
f 2355/356/550 2356/366/550 2363/356/550 2362/366/550
f 2356/366/550 2357/356/550 2364/366/550 2363/356/550
f 2357/356/550 2358/366/550 2365/148/550 2364/366/550
f 2359/148/550 2360/366/550 2367/366/550 2366/148/550
f 2360/366/550 2361/356/550 2368/356/550 2367/366/550
f 2361/356/550 2362/366/550 2369/356/550 2368/356/550
f 2362/366/550 2363/356/550 2370/356/550 2369/356/550
f 2363/356/550 2364/366/550 2371/366/550 2370/356/550
f 2364/366/550 2365/148/550 2372/148/550 2371/366/550
f 2366/148/550 2367/366/550 2374/356/550 2373/148/550
f 2367/366/550 2368/356/550 2375/148/550 2374/356/550
f 2368/356/550 2369/356/550 2376/356/550 2375/148/550
f 2369/356/550 2370/356/550 2377/148/550 2376/356/550
f 2370/356/550 2371/366/550 2378/356/550 2377/148/550
f 2371/366/550 2372/148/550 2379/148/550 2378/356/550
f 2373/148/550 2374/356/550 2381/356/550 2380/366/550
f 2374/356/550 2375/148/550 2382/366/550 2381/356/550
f 2375/148/550 2376/356/550 2383/366/550 2382/366/550
f 2376/356/550 2377/148/550 2384/366/550 2383/366/550
f 2377/148/550 2378/356/550 2385/366/550 2384/366/550
f 2378/356/550 2379/148/550 2386/356/550 2385/366/550
f 2380/366/550 2381/356/550 2388/356/550 2387/356/550
f 2381/356/550 2382/366/550 2389/356/550 2388/356/550
f 2382/366/550 2383/366/550 2390/366/550 2389/356/550
f 2383/366/550 2384/366/550 2391/148/550 2390/366/550
f 2384/366/550 2385/366/550 2392/356/550 2391/148/550
f 2385/366/550 2386/356/550 2393/148/550 2392/356/550
f 53/366/664 657/148/664 2345/148/664 742/356/664
f 657/148/664 656/356/664 2346/367/664 2345/148/664
f 656/356/664 655/148/664 2347/148/664 2346/367/664
f 655/148/664 654/356/664 2348/367/664 2347/148/664
f 654/356/664 653/356/664 2349/356/664 2348/367/664
f 653/356/664 652/356/664 2350/356/664 2349/356/664
f 652/356/664 651/356/664 2351/356/664 2350/356/664
f 651/356/734 58/366/734 770/356/734 2351/356/734
f 2351/356/550 770/356/550 771/356/550 2358/366/550
f 2358/366/550 771/356/550 772/356/550 2365/148/550
f 2365/148/550 772/356/550 773/356/550 2372/148/550
f 2372/148/550 773/356/550 774/148/550 2379/148/550
f 2379/148/550 774/148/550 775/356/550 2386/356/550
f 2386/356/550 775/356/550 776/148/550 2393/148/550
f 2393/148/550 776/148/550 68/366/550 728/356/550
f 2392/356/550 2393/148/550 728/356/550 729/356/550
f 2391/148/550 2392/356/550 729/356/550 730/366/550
f 2390/366/550 2391/148/550 730/366/550 731/356/550
f 2389/356/550 2390/366/550 731/356/550 732/148/550
f 2388/356/550 2389/356/550 732/148/550 733/356/550
f 2387/356/550 2388/356/550 733/356/550 734/148/550
f 748/356/550 2387/356/550 734/148/550 65/366/550
f 747/356/550 2380/366/550 2387/356/550 748/356/550
f 746/366/550 2373/148/550 2380/366/550 747/356/550
f 745/356/550 2366/148/550 2373/148/550 746/366/550
f 744/366/550 2359/148/550 2366/148/550 745/356/550
f 743/356/550 2352/367/550 2359/148/550 744/366/550
f 742/356/550 2345/148/550 2352/367/550 743/356/550
f 3170/1/735 3177/4/735 3178/3/735 3171/2/735
f 3171/2/736 3178/3/736 3179/6/736 3172/5/736
f 3172/5/737 3179/6/737 3180/8/737 3173/7/737
f 3173/7/738 3180/8/738 3181/10/738 3174/9/738
f 3174/9/739 3181/10/739 3182/12/739 3175/11/739
f 3175/11/740 3182/12/740 3183/14/740 3176/13/740
f 3177/4/741 3184/16/741 3185/15/741 3178/3/741
f 3178/3/742 3185/15/742 3186/17/742 3179/6/742
f 3179/6/743 3186/17/743 3187/18/743 3180/8/743
f 3180/8/744 3187/18/744 3188/19/744 3181/10/744
f 3181/10/745 3188/19/745 3189/20/745 3182/12/745
f 3182/12/746 3189/20/746 3190/21/746 3183/14/746
f 3184/16/747 3191/23/747 3192/22/747 3185/15/747
f 3185/15/748 3192/22/748 3193/24/748 3186/17/748
f 3186/17/749 3193/24/749 3194/25/749 3187/18/749
f 3187/18/750 3194/25/750 3195/26/750 3188/19/750
f 3188/19/751 3195/26/751 3196/27/751 3189/20/751
f 3189/20/752 3196/27/752 3197/28/752 3190/21/752
f 3191/23/753 3198/30/753 3199/29/753 3192/22/753
f 3192/22/754 3199/29/754 3200/31/754 3193/24/754
f 3193/24/755 3200/31/755 3201/32/755 3194/25/755
f 3194/25/756 3201/32/756 3202/33/756 3195/26/756
f 3195/26/757 3202/33/757 3203/34/757 3196/27/757
f 3196/27/758 3203/34/758 3204/35/758 3197/28/758
f 3198/30/759 3205/37/759 3206/36/759 3199/29/759
f 3199/29/760 3206/36/760 3207/38/760 3200/31/760
f 3200/31/761 3207/38/761 3208/39/761 3201/32/761
f 3201/32/762 3208/39/762 3209/40/762 3202/33/762
f 3202/33/763 3209/40/763 3210/41/763 3203/34/763
f 3203/34/764 3210/41/764 3211/42/764 3204/35/764
f 3205/37/765 3212/44/765 3213/43/765 3206/36/765
f 3206/36/766 3213/43/766 3214/45/766 3207/38/766
f 3207/38/767 3214/45/767 3215/46/767 3208/39/767
f 3208/39/768 3215/46/768 3216/47/768 3209/40/768
f 3209/40/769 3216/47/769 3217/48/769 3210/41/769
f 3210/41/770 3217/48/770 3218/49/770 3211/42/770
f 2394/50/771 2469/52/771 3170/1/771 2470/51/771
f 2470/51/772 3170/1/772 3171/2/772 2471/53/772
f 2471/53/773 3171/2/773 3172/5/773 2472/54/773
f 2472/54/774 3172/5/774 3173/7/774 2473/55/774
f 2473/55/775 3173/7/775 3174/9/775 2474/56/775
f 2474/56/776 3174/9/776 3175/11/776 2475/57/776
f 2475/57/777 3175/11/777 3176/13/777 2476/58/777
f 2476/58/778 3176/13/778 2477/60/778 2395/59/778
f 3176/13/779 3183/14/779 2478/61/779 2477/60/779
f 3183/14/780 3190/21/780 2479/62/780 2478/61/780
f 3190/21/781 3197/28/781 2480/63/781 2479/62/781
f 3197/28/782 3204/35/782 2481/64/782 2480/63/782
f 3204/35/783 3211/42/783 2482/65/783 2481/64/783
f 3211/42/784 3218/49/784 2483/66/784 2482/65/784
f 3218/49/785 2484/68/785 2397/67/785 2483/66/785
f 3217/48/786 2485/69/786 2484/68/786 3218/49/786
f 3216/47/787 2486/70/787 2485/69/787 3217/48/787
f 3215/46/788 2487/71/788 2486/70/788 3216/47/788
f 3214/45/789 2488/72/789 2487/71/789 3215/46/789
f 3213/43/790 2489/73/790 2488/72/790 3214/45/790
f 3212/44/791 2490/74/791 2489/73/791 3213/43/791
f 2463/75/792 2396/76/792 2490/74/792 3212/44/792
f 2464/77/793 2463/75/793 3212/44/793 3205/37/793
f 2465/78/794 2464/77/794 3205/37/794 3198/30/794
f 2466/79/795 2465/78/795 3198/30/795 3191/23/795
f 2467/80/796 2466/79/796 3191/23/796 3184/16/796
f 2468/81/797 2467/80/797 3184/16/797 3177/4/797
f 2469/52/798 2468/81/798 3177/4/798 3170/1/798
f 3219/82/799 3226/85/799 3227/84/799 3220/83/799
f 3220/83/800 3227/84/800 3228/87/800 3221/86/800
f 3221/86/801 3228/87/801 3229/89/801 3222/88/801
f 3222/88/802 3229/89/802 3230/91/802 3223/90/802
f 3223/90/803 3230/91/803 3231/93/803 3224/92/803
f 3224/92/804 3231/93/804 3232/95/804 3225/94/804
f 3226/85/805 3233/97/805 3234/96/805 3227/84/805
f 3227/84/806 3234/96/806 3235/98/806 3228/87/806
f 3228/87/807 3235/98/807 3236/99/807 3229/89/807
f 3229/89/808 3236/99/808 3237/100/808 3230/91/808
f 3230/91/809 3237/100/809 3238/101/809 3231/93/809
f 3231/93/810 3238/101/810 3239/102/810 3232/95/810
f 3233/97/811 3240/104/811 3241/103/811 3234/96/811
f 3234/96/812 3241/103/812 3242/105/812 3235/98/812
f 3235/98/813 3242/105/813 3243/106/813 3236/99/813
f 3236/99/814 3243/106/814 3244/107/814 3237/100/814
f 3237/100/815 3244/107/815 3245/108/815 3238/101/815
f 3238/101/816 3245/108/816 3246/109/816 3239/102/816
f 3240/104/817 3247/111/817 3248/110/817 3241/103/817
f 3241/103/818 3248/110/818 3249/112/818 3242/105/818
f 3242/105/819 3249/112/819 3250/113/819 3243/106/819
f 3243/106/820 3250/113/820 3251/114/820 3244/107/820
f 3244/107/821 3251/114/821 3252/115/821 3245/108/821
f 3245/108/822 3252/115/822 3253/116/822 3246/109/822
f 3247/111/823 3254/118/823 3255/117/823 3248/110/823
f 3248/110/824 3255/117/824 3256/119/824 3249/112/824
f 3249/112/825 3256/119/825 3257/120/825 3250/113/825
f 3250/113/826 3257/120/826 3258/121/826 3251/114/826
f 3251/114/827 3258/121/827 3259/122/827 3252/115/827
f 3252/115/828 3259/122/828 3260/123/828 3253/116/828
f 3254/118/829 3261/125/829 3262/124/829 3255/117/829
f 3255/117/830 3262/124/830 3263/126/830 3256/119/830
f 3256/119/831 3263/126/831 3264/127/831 3257/120/831
f 3257/120/832 3264/127/832 3265/128/832 3258/121/832
f 3258/121/833 3265/128/833 3266/129/833 3259/122/833
f 3259/122/834 3266/129/834 3267/130/834 3260/123/834
f 2396/76/835 2497/131/835 3219/82/835 2490/74/835
f 2490/74/836 3219/82/836 3220/83/836 2489/73/836
f 2489/73/837 3220/83/837 3221/86/837 2488/72/837
f 2488/72/838 3221/86/838 3222/88/838 2487/71/838
f 2487/71/839 3222/88/839 3223/90/839 2486/70/839
f 2486/70/840 3223/90/840 3224/92/840 2485/69/840
f 2485/69/841 3224/92/841 3225/94/841 2484/68/841
f 2484/68/842 3225/94/842 2498/132/842 2397/67/842
f 3225/94/843 3232/95/843 2499/133/843 2498/132/843
f 3232/95/844 3239/102/844 2500/134/844 2499/133/844
f 3239/102/845 3246/109/845 2501/135/845 2500/134/845
f 3246/109/846 3253/116/846 2502/136/846 2501/135/846
f 3253/116/847 3260/123/847 2503/137/847 2502/136/847
f 3260/123/848 3267/130/848 2504/138/848 2503/137/848
f 3267/130/849 2505/140/849 2399/139/849 2504/138/849
f 3266/129/850 2506/141/850 2505/140/850 3267/130/850
f 3265/128/851 2507/142/851 2506/141/851 3266/129/851
f 3264/127/852 2508/143/852 2507/142/852 3265/128/852
f 3263/126/853 2509/144/853 2508/143/853 3264/127/853
f 3262/124/854 2510/145/854 2509/144/854 3263/126/854
f 3261/125/855 2511/146/855 2510/145/855 3262/124/855
f 2491/147/856 2398/148/856 2511/146/856 3261/125/856
f 2492/149/857 2491/147/857 3261/125/857 3254/118/857
f 2493/150/858 2492/149/858 3254/118/858 3247/111/858
f 2494/151/859 2493/150/859 3247/111/859 3240/104/859
f 2495/152/860 2494/151/860 3240/104/860 3233/97/860
f 2496/153/861 2495/152/861 3233/97/861 3226/85/861
f 2497/131/862 2496/153/862 3226/85/862 3219/82/862
f 3268/154/863 3275/157/863 3276/156/863 3269/155/863
f 3269/155/863 3276/156/863 3277/159/863 3270/158/863
f 3270/158/863 3277/159/863 3278/161/863 3271/160/863
f 3271/160/863 3278/161/863 3279/163/863 3272/162/863
f 3272/162/863 3279/163/863 3280/165/863 3273/164/863
f 3273/164/863 3280/165/863 3281/167/863 3274/166/863
f 3275/157/864 3282/169/864 3283/168/864 3276/156/864
f 3276/156/864 3283/168/864 3284/170/864 3277/159/864
f 3277/159/864 3284/170/864 3285/171/864 3278/161/864
f 3278/161/864 3285/171/864 3286/172/864 3279/163/864
f 3279/163/864 3286/172/864 3287/173/864 3280/165/864
f 3280/165/864 3287/173/864 3288/174/864 3281/167/864
f 3282/169/865 3289/176/865 3290/175/865 3283/168/865
f 3283/168/865 3290/175/865 3291/177/865 3284/170/865
f 3284/170/865 3291/177/865 3292/178/865 3285/171/865
f 3285/171/865 3292/178/865 3293/179/865 3286/172/865
f 3286/172/865 3293/179/865 3294/180/865 3287/173/865
f 3287/173/865 3294/180/865 3295/181/865 3288/174/865
f 3289/176/866 3296/183/866 3297/182/866 3290/175/866
f 3290/175/866 3297/182/866 3298/184/866 3291/177/866
f 3291/177/866 3298/184/866 3299/185/866 3292/178/866
f 3292/178/866 3299/185/866 3300/186/866 3293/179/866
f 3293/179/866 3300/186/866 3301/187/866 3294/180/866
f 3294/180/866 3301/187/866 3302/188/866 3295/181/866
f 3296/183/867 3303/190/867 3304/189/867 3297/182/867
f 3297/182/867 3304/189/867 3305/191/867 3298/184/867
f 3298/184/867 3305/191/867 3306/192/867 3299/185/867
f 3299/185/867 3306/192/867 3307/193/867 3300/186/867
f 3300/186/867 3307/193/867 3308/194/867 3301/187/867
f 3301/187/867 3308/194/867 3309/195/867 3302/188/867
f 3303/190/868 3310/197/868 3311/196/868 3304/189/868
f 3304/189/868 3311/196/868 3312/198/868 3305/191/868
f 3305/191/868 3312/198/868 3313/199/868 3306/192/868
f 3306/192/868 3313/199/868 3314/200/868 3307/193/868
f 3307/193/868 3314/200/868 3315/201/868 3308/194/868
f 3308/194/868 3315/201/868 3316/202/868 3309/195/868
f 2409/203/869 2630/205/869 3268/154/869 2623/204/869
f 2623/204/869 3268/154/869 3269/155/869 2622/206/869
f 2622/206/869 3269/155/869 3270/158/869 2621/207/869
f 2621/207/869 3270/158/869 3271/160/869 2620/208/869
f 2620/208/869 3271/160/869 3272/162/869 2619/209/869
f 2619/209/869 3272/162/869 3273/164/869 2618/210/869
f 2618/210/869 3273/164/869 3274/166/869 2617/211/869
f 2617/211/869 3274/166/869 2512/213/869 2400/212/869
f 3274/166/863 3281/167/863 2513/214/863 2512/213/863
f 3281/167/864 3288/174/864 2514/215/864 2513/214/864
f 3288/174/865 3295/181/865 2515/216/865 2514/215/865
f 3295/181/866 3302/188/866 2516/217/866 2515/216/866
f 3302/188/867 3309/195/867 2517/218/867 2516/217/867
f 3309/195/868 3316/202/868 2518/219/868 2517/218/868
f 3316/202/870 2519/221/870 2402/220/870 2518/219/870
f 3315/201/870 2520/222/870 2519/221/870 3316/202/870
f 3314/200/870 2521/223/870 2520/222/870 3315/201/870
f 3313/199/870 2522/224/870 2521/223/870 3314/200/870
f 3312/198/870 2523/225/870 2522/224/870 3313/199/870
f 3311/196/870 2524/226/870 2523/225/870 3312/198/870
f 3310/197/870 2525/227/870 2524/226/870 3311/196/870
f 2624/228/870 2401/229/870 2525/227/870 3310/197/870
f 2625/230/868 2624/228/868 3310/197/868 3303/190/868
f 2626/231/867 2625/230/867 3303/190/867 3296/183/867
f 2627/232/866 2626/231/866 3296/183/866 3289/176/866
f 2628/233/865 2627/232/865 3289/176/865 3282/169/865
f 2629/234/864 2628/233/864 3282/169/864 3275/157/864
f 2630/205/863 2629/234/863 3275/157/863 3268/154/863
f 3317/235/871 3324/238/871 3325/237/871 3318/236/871
f 3318/236/872 3325/237/872 3326/240/872 3319/239/872
f 3319/239/873 3326/240/873 3327/242/873 3320/241/873
f 3320/241/874 3327/242/874 3328/244/874 3321/243/874
f 3321/243/875 3328/244/875 3329/246/875 3322/245/875
f 3322/245/876 3329/246/876 3330/248/876 3323/247/876
f 3324/238/877 3331/250/877 3332/249/877 3325/237/877
f 3325/237/878 3332/249/878 3333/251/878 3326/240/878
f 3326/240/879 3333/251/879 3334/252/879 3327/242/879
f 3327/242/880 3334/252/880 3335/253/880 3328/244/880
f 3328/244/881 3335/253/881 3336/254/881 3329/246/881
f 3329/246/882 3336/254/882 3337/255/882 3330/248/882
f 3331/250/883 3338/257/883 3339/256/883 3332/249/883
f 3332/249/884 3339/256/884 3340/258/884 3333/251/884
f 3333/251/885 3340/258/885 3341/259/885 3334/252/885
f 3334/252/886 3341/259/886 3342/260/886 3335/253/886
f 3335/253/887 3342/260/887 3343/261/887 3336/254/887
f 3336/254/888 3343/261/888 3344/262/888 3337/255/888
f 3338/257/889 3345/264/889 3346/263/889 3339/256/889
f 3339/256/890 3346/263/890 3347/265/890 3340/258/890
f 3340/258/891 3347/265/891 3348/266/891 3341/259/891
f 3341/259/892 3348/266/892 3349/267/892 3342/260/892
f 3342/260/893 3349/267/893 3350/268/893 3343/261/893
f 3343/261/894 3350/268/894 3351/269/894 3344/262/894
f 3345/264/895 3352/271/895 3353/270/895 3346/263/895
f 3346/263/896 3353/270/896 3354/272/896 3347/265/896
f 3347/265/897 3354/272/897 3355/273/897 3348/266/897
f 3348/266/898 3355/273/898 3356/274/898 3349/267/898
f 3349/267/899 3356/274/899 3357/275/899 3350/268/899
f 3350/268/900 3357/275/900 3358/276/900 3351/269/900
f 3352/271/901 3359/278/901 3360/277/901 3353/270/901
f 3353/270/902 3360/277/902 3361/279/902 3354/272/902
f 3354/272/903 3361/279/903 3362/280/903 3355/273/903
f 3355/273/904 3362/280/904 3363/281/904 3356/274/904
f 3356/274/905 3363/281/905 3364/282/905 3357/275/905
f 3357/275/906 3364/282/906 3365/283/906 3358/276/906
f 2401/229/907 2532/284/907 3317/235/907 2525/227/907
f 2525/227/907 3317/235/907 3318/236/907 2524/226/907
f 2524/226/907 3318/236/907 3319/239/907 2523/225/907
f 2523/225/907 3319/239/907 3320/241/907 2522/224/907
f 2522/224/907 3320/241/907 3321/243/907 2521/223/907
f 2521/223/908 3321/243/908 3322/245/908 2520/222/908
f 2520/222/908 3322/245/908 3323/247/908 2519/221/908
f 2519/221/908 3323/247/908 2533/285/908 2402/220/908
f 3323/247/909 3330/248/909 2534/286/909 2533/285/909
f 3330/248/910 3337/255/910 2535/287/910 2534/286/910
f 3337/255/911 3344/262/911 2536/288/911 2535/287/911
f 3344/262/912 3351/269/912 2537/289/912 2536/288/912
f 3351/269/913 3358/276/913 2538/290/913 2537/289/913
f 3358/276/914 3365/283/914 2539/291/914 2538/290/914
f 3365/283/915 2476/293/915 2395/292/915 2539/291/915
f 3364/282/916 2475/294/916 2476/293/916 3365/283/916
f 3363/281/917 2474/295/917 2475/294/917 3364/282/917
f 3362/280/918 2473/296/918 2474/295/918 3363/281/918
f 3361/279/919 2472/297/919 2473/296/919 3362/280/919
f 3360/277/920 2471/298/920 2472/297/920 3361/279/920
f 3359/278/921 2470/299/921 2471/298/921 3360/277/921
f 2526/300/922 2394/301/922 2470/299/922 3359/278/922
f 2527/302/923 2526/300/923 3359/278/923 3352/271/923
f 2528/303/924 2527/302/924 3352/271/924 3345/264/924
f 2529/304/925 2528/303/925 3345/264/925 3338/257/925
f 2530/305/926 2529/304/926 3338/257/926 3331/250/926
f 2531/306/927 2530/305/927 3331/250/927 3324/238/927
f 2532/284/928 2531/306/928 3324/238/928 3317/235/928
f 3366/1/929 3373/4/929 3374/3/929 3367/2/929
f 3367/2/930 3374/3/930 3375/6/930 3368/5/930
f 3368/5/931 3375/6/931 3376/8/931 3369/7/931
f 3369/7/932 3376/8/932 3377/10/932 3370/9/932
f 3370/9/933 3377/10/933 3378/12/933 3371/11/933
f 3371/11/934 3378/12/934 3379/14/934 3372/13/934
f 3373/4/935 3380/16/935 3381/15/935 3374/3/935
f 3374/3/936 3381/15/936 3382/17/936 3375/6/936
f 3375/6/937 3382/17/937 3383/18/937 3376/8/937
f 3376/8/938 3383/18/938 3384/19/938 3377/10/938
f 3377/10/939 3384/19/939 3385/20/939 3378/12/939
f 3378/12/940 3385/20/940 3386/21/940 3379/14/940
f 3380/16/941 3387/23/941 3388/22/941 3381/15/941
f 3381/15/942 3388/22/942 3389/24/942 3382/17/942
f 3382/17/943 3389/24/943 3390/25/943 3383/18/943
f 3383/18/944 3390/25/944 3391/26/944 3384/19/944
f 3384/19/945 3391/26/945 3392/27/945 3385/20/945
f 3385/20/946 3392/27/946 3393/28/946 3386/21/946
f 3387/23/947 3394/30/947 3395/29/947 3388/22/947
f 3388/22/948 3395/29/948 3396/31/948 3389/24/948
f 3389/24/949 3396/31/949 3397/32/949 3390/25/949
f 3390/25/950 3397/32/950 3398/33/950 3391/26/950
f 3391/26/951 3398/33/951 3399/34/951 3392/27/951
f 3392/27/952 3399/34/952 3400/35/952 3393/28/952
f 3394/30/953 3401/37/953 3402/36/953 3395/29/953
f 3395/29/954 3402/36/954 3403/38/954 3396/31/954
f 3396/31/955 3403/38/955 3404/39/955 3397/32/955
f 3397/32/956 3404/39/956 3405/40/956 3398/33/956
f 3398/33/957 3405/40/957 3406/41/957 3399/34/957
f 3399/34/958 3406/41/958 3407/42/958 3400/35/958
f 3401/37/959 3408/44/959 3409/43/959 3402/36/959
f 3402/36/960 3409/43/960 3410/45/960 3403/38/960
f 3403/38/961 3410/45/961 3411/46/961 3404/39/961
f 3404/39/962 3411/46/962 3412/47/962 3405/40/962
f 3405/40/963 3412/47/963 3413/48/963 3406/41/963
f 3406/41/964 3413/48/964 3414/49/964 3407/42/964
f 2403/50/965 2540/52/965 3366/1/965 2547/51/965
f 2547/51/966 3366/1/966 3367/2/966 2548/53/966
f 2548/53/967 3367/2/967 3368/5/967 2549/54/967
f 2549/54/968 3368/5/968 3369/7/968 2550/55/968
f 2550/55/969 3369/7/969 3370/9/969 2551/56/969
f 2551/56/970 3370/9/970 3371/11/970 2552/57/970
f 2552/57/971 3371/11/971 3372/13/971 2553/58/971
f 2553/58/972 3372/13/972 2560/60/972 2404/59/972
f 3372/13/973 3379/14/973 2559/61/973 2560/60/973
f 3379/14/974 3386/21/974 2558/62/974 2559/61/974
f 3386/21/975 3393/28/975 2557/63/975 2558/62/975
f 3393/28/976 3400/35/976 2556/64/976 2557/63/976
f 3400/35/977 3407/42/977 2555/65/977 2556/64/977
f 3407/42/978 3414/49/978 2554/66/978 2555/65/978
f 3414/49/979 2561/68/979 2406/67/979 2554/66/979
f 3413/48/980 2562/69/980 2561/68/980 3414/49/980
f 3412/47/981 2563/70/981 2562/69/981 3413/48/981
f 3411/46/982 2564/71/982 2563/70/982 3412/47/982
f 3410/45/983 2565/72/983 2564/71/983 3411/46/983
f 3409/43/984 2566/73/984 2565/72/984 3410/45/984
f 3408/44/985 2567/74/985 2566/73/985 3409/43/985
f 2546/75/986 2405/76/986 2567/74/986 3408/44/986
f 2545/77/987 2546/75/987 3408/44/987 3401/37/987
f 2544/78/988 2545/77/988 3401/37/988 3394/30/988
f 2543/79/989 2544/78/989 3394/30/989 3387/23/989
f 2542/80/990 2543/79/990 3387/23/990 3380/16/990
f 2541/81/991 2542/80/991 3380/16/991 3373/4/991
f 2540/52/992 2541/81/992 3373/4/992 3366/1/992
f 3415/82/993 3422/85/993 3423/84/993 3416/83/993
f 3416/83/994 3423/84/994 3424/87/994 3417/86/994
f 3417/86/995 3424/87/995 3425/89/995 3418/88/995
f 3418/88/996 3425/89/996 3426/91/996 3419/90/996
f 3419/90/997 3426/91/997 3427/93/997 3420/92/997
f 3420/92/998 3427/93/998 3428/95/998 3421/94/998
f 3422/85/999 3429/97/999 3430/96/999 3423/84/999
f 3423/84/1000 3430/96/1000 3431/98/1000 3424/87/1000
f 3424/87/1001 3431/98/1001 3432/99/1001 3425/89/1001
f 3425/89/1002 3432/99/1002 3433/100/1002 3426/91/1002
f 3426/91/1003 3433/100/1003 3434/101/1003 3427/93/1003
f 3427/93/1004 3434/101/1004 3435/102/1004 3428/95/1004
f 3429/97/1005 3436/104/1005 3437/103/1005 3430/96/1005
f 3430/96/1006 3437/103/1006 3438/105/1006 3431/98/1006
f 3431/98/1007 3438/105/1007 3439/106/1007 3432/99/1007
f 3432/99/1008 3439/106/1008 3440/107/1008 3433/100/1008
f 3433/100/1009 3440/107/1009 3441/108/1009 3434/101/1009
f 3434/101/1010 3441/108/1010 3442/109/1010 3435/102/1010
f 3436/104/1011 3443/111/1011 3444/110/1011 3437/103/1011
f 3437/103/1012 3444/110/1012 3445/112/1012 3438/105/1012
f 3438/105/1013 3445/112/1013 3446/113/1013 3439/106/1013
f 3439/106/1014 3446/113/1014 3447/114/1014 3440/107/1014
f 3440/107/1015 3447/114/1015 3448/115/1015 3441/108/1015
f 3441/108/1016 3448/115/1016 3449/116/1016 3442/109/1016
f 3443/111/1017 3450/118/1017 3451/117/1017 3444/110/1017
f 3444/110/1018 3451/117/1018 3452/119/1018 3445/112/1018
f 3445/112/1019 3452/119/1019 3453/120/1019 3446/113/1019
f 3446/113/1020 3453/120/1020 3454/121/1020 3447/114/1020
f 3447/114/1021 3454/121/1021 3455/122/1021 3448/115/1021
f 3448/115/1022 3455/122/1022 3456/123/1022 3449/116/1022
f 3450/118/1023 3457/125/1023 3458/124/1023 3451/117/1023
f 3451/117/1024 3458/124/1024 3459/126/1024 3452/119/1024
f 3452/119/1025 3459/126/1025 3460/127/1025 3453/120/1025
f 3453/120/1026 3460/127/1026 3461/128/1026 3454/121/1026
f 3454/121/1027 3461/128/1027 3462/129/1027 3455/122/1027
f 3455/122/1028 3462/129/1028 3463/130/1028 3456/123/1028
f 2405/76/1029 2568/131/1029 3415/82/1029 2567/74/1029
f 2567/74/1030 3415/82/1030 3416/83/1030 2566/73/1030
f 2566/73/1031 3416/83/1031 3417/86/1031 2565/72/1031
f 2565/72/1032 3417/86/1032 3418/88/1032 2564/71/1032
f 2564/71/1033 3418/88/1033 3419/90/1033 2563/70/1033
f 2563/70/1034 3419/90/1034 3420/92/1034 2562/69/1034
f 2562/69/1035 3420/92/1035 3421/94/1035 2561/68/1035
f 2561/68/1036 3421/94/1036 2581/132/1036 2406/67/1036
f 3421/94/1037 3428/95/1037 2580/133/1037 2581/132/1037
f 3428/95/1038 3435/102/1038 2579/134/1038 2580/133/1038
f 3435/102/1039 3442/109/1039 2578/135/1039 2579/134/1039
f 3442/109/1040 3449/116/1040 2577/136/1040 2578/135/1040
f 3449/116/1041 3456/123/1041 2576/137/1041 2577/136/1041
f 3456/123/1042 3463/130/1042 2575/138/1042 2576/137/1042
f 3463/130/1043 2588/140/1043 2408/139/1043 2575/138/1043
f 3462/129/1044 2587/141/1044 2588/140/1044 3463/130/1044
f 3461/128/1045 2586/142/1045 2587/141/1045 3462/129/1045
f 3460/127/1046 2585/143/1046 2586/142/1046 3461/128/1046
f 3459/126/1047 2584/144/1047 2585/143/1047 3460/127/1047
f 3458/124/1048 2583/145/1048 2584/144/1048 3459/126/1048
f 3457/125/1049 2582/146/1049 2583/145/1049 3458/124/1049
f 2574/147/1050 2407/148/1050 2582/146/1050 3457/125/1050
f 2573/149/1051 2574/147/1051 3457/125/1051 3450/118/1051
f 2572/150/1052 2573/149/1052 3450/118/1052 3443/111/1052
f 2571/151/1053 2572/150/1053 3443/111/1053 3436/104/1053
f 2570/152/1054 2571/151/1054 3436/104/1054 3429/97/1054
f 2569/153/1055 2570/152/1055 3429/97/1055 3422/85/1055
f 2568/131/1056 2569/153/1056 3422/85/1056 3415/82/1056
f 3464/154/1057 3471/157/1057 3472/156/1057 3465/155/1057
f 3465/155/1057 3472/156/1057 3473/159/1057 3466/158/1057
f 3466/158/1057 3473/159/1057 3474/161/1057 3467/160/1057
f 3467/160/1057 3474/161/1057 3475/163/1057 3468/162/1057
f 3468/162/1057 3475/163/1057 3476/165/1057 3469/164/1057
f 3469/164/1057 3476/165/1057 3477/167/1057 3470/166/1057
f 3471/157/1058 3478/169/1058 3479/168/1058 3472/156/1058
f 3472/156/1058 3479/168/1058 3480/170/1058 3473/159/1058
f 3473/159/1058 3480/170/1058 3481/171/1058 3474/161/1058
f 3474/161/1058 3481/171/1058 3482/172/1058 3475/163/1058
f 3475/163/1058 3482/172/1058 3483/173/1058 3476/165/1058
f 3476/165/1058 3483/173/1058 3484/174/1058 3477/167/1058
f 3478/169/1059 3485/176/1059 3486/175/1059 3479/168/1059
f 3479/168/1059 3486/175/1059 3487/177/1059 3480/170/1059
f 3480/170/1059 3487/177/1059 3488/178/1059 3481/171/1059
f 3481/171/1059 3488/178/1059 3489/179/1059 3482/172/1059
f 3482/172/1059 3489/179/1059 3490/180/1059 3483/173/1059
f 3483/173/1059 3490/180/1059 3491/181/1059 3484/174/1059
f 3485/176/1060 3492/183/1060 3493/182/1060 3486/175/1060
f 3486/175/1060 3493/182/1060 3494/184/1060 3487/177/1060
f 3487/177/1060 3494/184/1060 3495/185/1060 3488/178/1060
f 3488/178/1060 3495/185/1060 3496/186/1060 3489/179/1060
f 3489/179/1060 3496/186/1060 3497/187/1060 3490/180/1060
f 3490/180/1060 3497/187/1060 3498/188/1060 3491/181/1060
f 3492/183/1061 3499/190/1061 3500/189/1061 3493/182/1061
f 3493/182/1061 3500/189/1061 3501/191/1061 3494/184/1061
f 3494/184/1061 3501/191/1061 3502/192/1061 3495/185/1061
f 3495/185/1061 3502/192/1061 3503/193/1061 3496/186/1061
f 3496/186/1061 3503/193/1061 3504/194/1061 3497/187/1061
f 3497/187/1061 3504/194/1061 3505/195/1061 3498/188/1061
f 3499/190/1062 3506/197/1062 3507/196/1062 3500/189/1062
f 3500/189/1062 3507/196/1062 3508/198/1062 3501/191/1062
f 3501/191/1062 3508/198/1062 3509/199/1062 3502/192/1062
f 3502/192/1062 3509/199/1062 3510/200/1062 3503/193/1062
f 3503/193/1062 3510/200/1062 3511/201/1062 3504/194/1062
f 3504/194/1062 3511/201/1062 3512/202/1062 3505/195/1062
f 2400/203/1063 2631/205/1063 3464/154/1063 2617/204/1063
f 2617/204/1063 3464/154/1063 3465/155/1063 2618/206/1063
f 2618/206/1063 3465/155/1063 3466/158/1063 2619/207/1063
f 2619/207/1063 3466/158/1063 3467/160/1063 2620/208/1063
f 2620/208/1063 3467/160/1063 3468/162/1063 2621/209/1063
f 2621/209/1063 3468/162/1063 3469/164/1063 2622/210/1063
f 2622/210/1063 3469/164/1063 3470/166/1063 2623/211/1063
f 2623/211/1063 3470/166/1063 2595/213/1063 2409/212/1063
f 3470/166/1057 3477/167/1057 2594/214/1057 2595/213/1057
f 3477/167/1058 3484/174/1058 2593/215/1058 2594/214/1058
f 3484/174/1059 3491/181/1059 2592/216/1059 2593/215/1059
f 3491/181/1060 3498/188/1060 2591/217/1060 2592/216/1060
f 3498/188/1061 3505/195/1061 2590/218/1061 2591/217/1061
f 3505/195/1062 3512/202/1062 2589/219/1062 2590/218/1062
f 3512/202/1064 2596/221/1064 2411/220/1064 2589/219/1064
f 3511/201/1064 2597/222/1064 2596/221/1064 3512/202/1064
f 3510/200/1064 2598/223/1064 2597/222/1064 3511/201/1064
f 3509/199/1064 2599/224/1064 2598/223/1064 3510/200/1064
f 3508/198/1064 2600/225/1064 2599/224/1064 3509/199/1064
f 3507/196/1064 2601/226/1064 2600/225/1064 3508/198/1064
f 3506/197/1064 2602/227/1064 2601/226/1064 3507/196/1064
f 2637/228/1064 2410/229/1064 2602/227/1064 3506/197/1064
f 2636/230/1062 2637/228/1062 3506/197/1062 3499/190/1062
f 2635/231/1061 2636/230/1061 3499/190/1061 3492/183/1061
f 2634/232/1060 2635/231/1060 3492/183/1060 3485/176/1060
f 2633/233/1059 2634/232/1059 3485/176/1059 3478/169/1059
f 2632/234/1058 2633/233/1058 3478/169/1058 3471/157/1058
f 2631/205/1057 2632/234/1057 3471/157/1057 3464/154/1057
f 3513/235/1065 3520/238/1065 3521/237/1065 3514/236/1065
f 3514/236/1066 3521/237/1066 3522/240/1066 3515/239/1066
f 3515/239/1067 3522/240/1067 3523/242/1067 3516/241/1067
f 3516/241/1068 3523/242/1068 3524/244/1068 3517/243/1068
f 3517/243/1069 3524/244/1069 3525/246/1069 3518/245/1069
f 3518/245/1070 3525/246/1070 3526/248/1070 3519/247/1070
f 3520/238/1071 3527/250/1071 3528/249/1071 3521/237/1071
f 3521/237/1072 3528/249/1072 3529/251/1072 3522/240/1072
f 3522/240/1073 3529/251/1073 3530/252/1073 3523/242/1073
f 3523/242/1074 3530/252/1074 3531/253/1074 3524/244/1074
f 3524/244/1075 3531/253/1075 3532/254/1075 3525/246/1075
f 3525/246/1076 3532/254/1076 3533/255/1076 3526/248/1076
f 3527/250/1077 3534/257/1077 3535/256/1077 3528/249/1077
f 3528/249/1078 3535/256/1078 3536/258/1078 3529/251/1078
f 3529/251/1079 3536/258/1079 3537/259/1079 3530/252/1079
f 3530/252/1080 3537/259/1080 3538/260/1080 3531/253/1080
f 3531/253/1081 3538/260/1081 3539/261/1081 3532/254/1081
f 3532/254/1082 3539/261/1082 3540/262/1082 3533/255/1082
f 3534/257/1083 3541/264/1083 3542/263/1083 3535/256/1083
f 3535/256/1084 3542/263/1084 3543/265/1084 3536/258/1084
f 3536/258/1085 3543/265/1085 3544/266/1085 3537/259/1085
f 3537/259/1086 3544/266/1086 3545/267/1086 3538/260/1086
f 3538/260/1087 3545/267/1087 3546/268/1087 3539/261/1087
f 3539/261/1088 3546/268/1088 3547/269/1088 3540/262/1088
f 3541/264/1089 3548/271/1089 3549/270/1089 3542/263/1089
f 3542/263/1090 3549/270/1090 3550/272/1090 3543/265/1090
f 3543/265/1091 3550/272/1091 3551/273/1091 3544/266/1091
f 3544/266/1092 3551/273/1092 3552/274/1092 3545/267/1092
f 3545/267/1093 3552/274/1093 3553/275/1093 3546/268/1093
f 3546/268/1094 3553/275/1094 3554/276/1094 3547/269/1094
f 3548/271/1095 3555/278/1095 3556/277/1095 3549/270/1095
f 3549/270/1096 3556/277/1096 3557/279/1096 3550/272/1096
f 3550/272/1097 3557/279/1097 3558/280/1097 3551/273/1097
f 3551/273/1098 3558/280/1098 3559/281/1098 3552/274/1098
f 3552/274/1099 3559/281/1099 3560/282/1099 3553/275/1099
f 3553/275/1100 3560/282/1100 3561/283/1100 3554/276/1100
f 2410/229/1101 2603/284/1101 3513/235/1101 2602/227/1101
f 2602/227/1101 3513/235/1101 3514/236/1101 2601/226/1101
f 2601/226/1101 3514/236/1101 3515/239/1101 2600/225/1101
f 2600/225/1101 3515/239/1101 3516/241/1101 2599/224/1101
f 2599/224/1101 3516/241/1101 3517/243/1101 2598/223/1101
f 2598/223/1102 3517/243/1102 3518/245/1102 2597/222/1102
f 2597/222/1102 3518/245/1102 3519/247/1102 2596/221/1102
f 2596/221/1102 3519/247/1102 2616/285/1102 2411/220/1102
f 3519/247/1103 3526/248/1103 2615/286/1103 2616/285/1103
f 3526/248/1104 3533/255/1104 2614/287/1104 2615/286/1104
f 3533/255/1105 3540/262/1105 2613/288/1105 2614/287/1105
f 3540/262/1106 3547/269/1106 2612/289/1106 2613/288/1106
f 3547/269/1107 3554/276/1107 2611/290/1107 2612/289/1107
f 3554/276/1108 3561/283/1108 2610/291/1108 2611/290/1108
f 3561/283/1109 2553/293/1109 2404/292/1109 2610/291/1109
f 3560/282/1110 2552/294/1110 2553/293/1110 3561/283/1110
f 3559/281/1111 2551/295/1111 2552/294/1111 3560/282/1111
f 3558/280/1112 2550/296/1112 2551/295/1112 3559/281/1112
f 3557/279/1113 2549/297/1113 2550/296/1113 3558/280/1113
f 3556/277/1114 2548/298/1114 2549/297/1114 3557/279/1114
f 3555/278/1115 2547/299/1115 2548/298/1115 3556/277/1115
f 2609/300/1116 2403/301/1116 2547/299/1116 3555/278/1116
f 2608/302/1117 2609/300/1117 3555/278/1117 3548/271/1117
f 2607/303/1118 2608/302/1118 3548/271/1118 3541/264/1118
f 2606/304/1119 2607/303/1119 3541/264/1119 3534/257/1119
f 2605/305/1120 2606/304/1120 3534/257/1120 3527/250/1120
f 2604/306/1121 2605/305/1121 3527/250/1121 3520/238/1121
f 2603/284/1122 2604/306/1122 3520/238/1122 3513/235/1122
f 3562/307/1123 3569/310/1123 3570/309/1123 3563/308/1123
f 3563/308/1124 3570/309/1124 3571/312/1124 3564/311/1124
f 3564/311/1125 3571/312/1125 3572/314/1125 3565/313/1125
f 3565/313/1126 3572/314/1126 3573/316/1126 3566/315/1126
f 3566/315/1127 3573/316/1127 3574/318/1127 3567/317/1127
f 3567/317/1128 3574/318/1128 3575/320/1128 3568/319/1128
f 3569/310/1129 3576/322/1129 3577/321/1129 3570/309/1129
f 3570/309/1129 3577/321/1129 3578/323/1129 3571/312/1129
f 3571/312/1130 3578/323/1130 3579/324/1130 3572/314/1130
f 3572/314/1131 3579/324/1131 3580/325/1131 3573/316/1131
f 3573/316/1132 3580/325/1132 3581/326/1132 3574/318/1132
f 3574/318/1133 3581/326/1133 3582/327/1133 3575/320/1133
f 3576/322/1134 3583/329/1134 3584/328/1134 3577/321/1134
f 3577/321/1135 3584/328/1135 3585/330/1135 3578/323/1135
f 3578/323/1135 3585/330/1135 3586/331/1135 3579/324/1135
f 3579/324/1136 3586/331/1136 3587/332/1136 3580/325/1136
f 3580/325/1137 3587/332/1137 3588/333/1137 3581/326/1137
f 3581/326/1137 3588/333/1137 3589/334/1137 3582/327/1137
f 3583/329/1138 3590/336/1138 3591/335/1138 3584/328/1138
f 3584/328/1138 3591/335/1138 3592/337/1138 3585/330/1138
f 3585/330/1138 3592/337/1138 3593/338/1138 3586/331/1138
f 3586/331/1139 3593/338/1139 3594/339/1139 3587/332/1139
f 3587/332/1139 3594/339/1139 3595/340/1139 3588/333/1139
f 3588/333/1140 3595/340/1140 3596/341/1140 3589/334/1140
f 3590/336/1141 3597/343/1141 3598/342/1141 3591/335/1141
f 3591/335/1141 3598/342/1141 3599/344/1141 3592/337/1141
f 3592/337/1142 3599/344/1142 3600/345/1142 3593/338/1142
f 3593/338/1142 3600/345/1142 3601/346/1142 3594/339/1142
f 3594/339/1142 3601/346/1142 3602/347/1142 3595/340/1142
f 3595/340/1142 3602/347/1142 3603/348/1142 3596/341/1142
f 3597/343/1143 3604/350/1143 3605/349/1143 3598/342/1143
f 3598/342/1143 3605/349/1143 3606/351/1143 3599/344/1143
f 3599/344/1143 3606/351/1143 3607/352/1143 3600/345/1143
f 3600/345/1143 3607/352/1143 3608/353/1143 3601/346/1143
f 3601/346/1143 3608/353/1143 3609/354/1143 3602/347/1143
f 3602/347/1143 3609/354/1143 3610/355/1143 3603/348/1143
f 2407/148/1144 2651/356/1144 3562/307/1144 2582/146/1144
f 2582/146/1145 3562/307/1145 3563/308/1145 2583/145/1145
f 2583/145/1146 3563/308/1146 3564/311/1146 2584/144/1146
f 2584/144/1147 3564/311/1147 3565/313/1147 2585/143/1147
f 2585/143/1148 3565/313/1148 3566/315/1148 2586/142/1148
f 2586/142/1149 3566/315/1149 3567/317/1149 2587/141/1149
f 2587/141/1150 3567/317/1150 3568/319/1150 2588/140/1150
f 2588/140/1151 3568/319/1151 2652/357/1151 2408/139/1151
f 3568/319/1152 3575/320/1152 2653/357/1152 2652/357/1152
f 3575/320/1153 3582/327/1153 2654/357/1153 2653/357/1153
f 3582/327/1154 3589/334/1154 2655/357/1154 2654/357/1154
f 3589/334/1140 3596/341/1140 2656/357/1140 2655/357/1140
f 3596/341/1142 3603/348/1142 2657/357/1142 2656/357/1142
f 3603/348/1143 3610/355/1143 2658/357/1143 2657/357/1143
f 3610/355/1155 2644/359/1155 2413/358/1155 2658/357/1155
f 3609/354/1155 2643/360/1155 2644/359/1155 3610/355/1155
f 3608/353/1155 2642/361/1155 2643/360/1155 3609/354/1155
f 3607/352/1155 2641/362/1155 2642/361/1155 3608/353/1155
f 3606/351/1155 2640/363/1155 2641/362/1155 3607/352/1155
f 3605/349/1155 2639/364/1155 2640/363/1155 3606/351/1155
f 3604/350/1155 2638/365/1155 2639/364/1155 3605/349/1155
f 2645/356/1155 2412/366/1155 2638/365/1155 3604/350/1155
f 2646/356/1143 2645/356/1143 3604/350/1143 3597/343/1143
f 2647/356/1141 2646/356/1141 3597/343/1141 3590/336/1141
f 2648/356/1156 2647/356/1156 3590/336/1156 3583/329/1156
f 2649/356/1157 2648/356/1157 3583/329/1157 3576/322/1157
f 2650/356/1158 2649/356/1158 3576/322/1158 3569/310/1158
f 2651/356/1159 2650/356/1159 3569/310/1159 3562/307/1159
f 3611/307/1160 3618/310/1160 3619/309/1160 3612/308/1160
f 3612/308/1161 3619/309/1161 3620/312/1161 3613/311/1161
f 3613/311/1162 3620/312/1162 3621/314/1162 3614/313/1162
f 3614/313/1163 3621/314/1163 3622/316/1163 3615/315/1163
f 3615/315/1164 3622/316/1164 3623/318/1164 3616/317/1164
f 3616/317/1165 3623/318/1165 3624/320/1165 3617/319/1165
f 3618/310/1166 3625/322/1166 3626/321/1166 3619/309/1166
f 3619/309/1167 3626/321/1167 3627/323/1167 3620/312/1167
f 3620/312/1168 3627/323/1168 3628/324/1168 3621/314/1168
f 3621/314/1169 3628/324/1169 3629/325/1169 3622/316/1169
f 3622/316/1170 3629/325/1170 3630/326/1170 3623/318/1170
f 3623/318/1171 3630/326/1171 3631/327/1171 3624/320/1171
f 3625/322/1172 3632/329/1172 3633/328/1172 3626/321/1172
f 3626/321/1173 3633/328/1173 3634/330/1173 3627/323/1173
f 3627/323/1174 3634/330/1174 3635/331/1174 3628/324/1174
f 3628/324/1175 3635/331/1175 3636/332/1175 3629/325/1175
f 3629/325/1176 3636/332/1176 3637/333/1176 3630/326/1176
f 3630/326/1177 3637/333/1177 3638/334/1177 3631/327/1177
f 3632/329/1178 3639/336/1178 3640/335/1178 3633/328/1178
f 3633/328/1179 3640/335/1179 3641/337/1179 3634/330/1179
f 3634/330/1180 3641/337/1180 3642/338/1180 3635/331/1180
f 3635/331/1181 3642/338/1181 3643/339/1181 3636/332/1181
f 3636/332/1182 3643/339/1182 3644/340/1182 3637/333/1182
f 3637/333/1183 3644/340/1183 3645/341/1183 3638/334/1183
f 3639/336/1184 3646/343/1184 3647/342/1184 3640/335/1184
f 3640/335/1185 3647/342/1185 3648/344/1185 3641/337/1185
f 3641/337/1186 3648/344/1186 3649/345/1186 3642/338/1186
f 3642/338/1187 3649/345/1187 3650/346/1187 3643/339/1187
f 3643/339/1188 3650/346/1188 3651/347/1188 3644/340/1188
f 3644/340/1189 3651/347/1189 3652/348/1189 3645/341/1189
f 3646/343/1190 3653/350/1190 3654/349/1190 3647/342/1190
f 3647/342/1191 3654/349/1191 3655/351/1191 3648/344/1191
f 3648/344/1192 3655/351/1192 3656/352/1192 3649/345/1192
f 3649/345/1193 3656/352/1193 3657/353/1193 3650/346/1193
f 3650/346/1194 3657/353/1194 3658/354/1194 3651/347/1194
f 3651/347/1195 3658/354/1195 3659/355/1195 3652/348/1195
f 2398/148/1196 2672/356/1196 3611/307/1196 2511/146/1196
f 2511/146/1197 3611/307/1197 3612/308/1197 2510/145/1197
f 2510/145/1198 3612/308/1198 3613/311/1198 2509/144/1198
f 2509/144/1199 3613/311/1199 3614/313/1199 2508/143/1199
f 2508/143/1200 3614/313/1200 3615/315/1200 2507/142/1200
f 2507/142/1201 3615/315/1201 3616/317/1201 2506/141/1201
f 2506/141/1202 3616/317/1202 3617/319/1202 2505/140/1202
f 2505/140/1203 3617/319/1203 2673/357/1203 2399/139/1203
f 3617/319/1204 3624/320/1204 2674/357/1204 2673/357/1204
f 3624/320/1205 3631/327/1205 2675/357/1205 2674/357/1205
f 3631/327/1206 3638/334/1206 2676/357/1206 2675/357/1206
f 3638/334/1207 3645/341/1207 2677/357/1207 2676/357/1207
f 3645/341/1208 3652/348/1208 2678/357/1208 2677/357/1208
f 3652/348/1209 3659/355/1209 2679/357/1209 2678/357/1209
f 3659/355/1210 2659/359/1210 2415/358/1210 2679/357/1210
f 3658/354/1211 2660/360/1211 2659/359/1211 3659/355/1211
f 3657/353/1212 2661/361/1212 2660/360/1212 3658/354/1212
f 3656/352/1213 2662/362/1213 2661/361/1213 3657/353/1213
f 3655/351/1214 2663/363/1214 2662/362/1214 3656/352/1214
f 3654/349/1215 2664/364/1215 2663/363/1215 3655/351/1215
f 3653/350/1216 2665/365/1216 2664/364/1216 3654/349/1216
f 2666/356/1217 2414/366/1217 2665/365/1217 3653/350/1217
f 2667/356/1218 2666/356/1218 3653/350/1218 3646/343/1218
f 2668/356/1219 2667/356/1219 3646/343/1219 3639/336/1219
f 2669/356/1220 2668/356/1220 3639/336/1220 3632/329/1220
f 2670/356/1221 2669/356/1221 3632/329/1221 3625/322/1221
f 2671/356/1222 2670/356/1222 3625/322/1222 3618/310/1222
f 2672/356/1223 2671/356/1223 3618/310/1223 3611/307/1223
f 3660/356/1224 3667/366/1224 3668/356/1224 3661/367/1224
f 3661/367/1224 3668/356/1224 3669/366/1224 3662/356/1224
f 3662/356/1224 3669/366/1224 3670/367/1224 3663/148/1224
f 3663/148/1224 3670/367/1224 3671/356/1224 3664/148/1224
f 3664/148/1224 3671/356/1224 3672/368/1224 3665/366/1224
f 3665/366/1224 3672/368/1224 3673/366/1224 3666/368/1224
f 3667/366/1224 3674/356/1224 3675/366/1224 3668/356/1224
f 3668/356/1224 3675/366/1224 3676/356/1224 3669/366/1224
f 3669/366/1224 3676/356/1224 3677/356/1224 3670/367/1224
f 3670/367/1224 3677/356/1224 3678/148/1224 3671/356/1224
f 3671/356/1224 3678/148/1224 3679/366/1224 3672/368/1224
f 3672/368/1224 3679/366/1224 3680/356/1224 3673/366/1224
f 3674/356/1224 3681/148/1224 3682/366/1224 3675/366/1224
f 3675/366/1224 3682/366/1224 3683/356/1224 3676/356/1224
f 3676/356/1224 3683/356/1224 3684/356/1224 3677/356/1224
f 3677/356/1224 3684/356/1224 3685/356/1224 3678/148/1224
f 3678/148/1224 3685/356/1224 3686/366/1224 3679/366/1224
f 3679/366/1224 3686/366/1224 3687/148/1224 3680/356/1224
f 3681/148/1224 3688/148/1224 3689/356/1224 3682/366/1224
f 3682/366/1224 3689/356/1224 3690/148/1224 3683/356/1224
f 3683/356/1224 3690/148/1224 3691/356/1224 3684/356/1224
f 3684/356/1224 3691/356/1224 3692/148/1224 3685/356/1224
f 3685/356/1224 3692/148/1224 3693/356/1224 3686/366/1224
f 3686/366/1224 3693/356/1224 3694/148/1224 3687/148/1224
f 3688/148/1224 3695/366/1224 3696/356/1224 3689/356/1224
f 3689/356/1224 3696/356/1224 3697/366/1224 3690/148/1224
f 3690/148/1224 3697/366/1224 3698/366/1224 3691/356/1224
f 3691/356/1224 3698/366/1224 3699/366/1224 3692/148/1224
f 3692/148/1224 3699/366/1224 3700/366/1224 3693/356/1224
f 3693/356/1224 3700/366/1224 3701/356/1224 3694/148/1224
f 3695/366/1224 3702/356/1224 3703/356/1224 3696/356/1224
f 3696/356/1224 3703/356/1224 3704/356/1224 3697/366/1224
f 3697/366/1224 3704/356/1224 3705/366/1224 3698/366/1224
f 3698/366/1224 3705/366/1224 3706/148/1224 3699/366/1224
f 3699/366/1224 3706/148/1224 3707/356/1224 3700/366/1224
f 3700/366/1224 3707/356/1224 3708/148/1224 3701/356/1224
f 2414/366/1224 2707/356/1224 3660/356/1224 2686/356/1224
f 2686/356/1224 3660/356/1224 3661/367/1224 2685/356/1224
f 2685/356/1224 3661/367/1224 3662/356/1224 2684/356/1224
f 2684/356/1224 3662/356/1224 3663/148/1224 2683/356/1224
f 2683/356/1224 3663/148/1224 3664/148/1224 2682/148/1224
f 2682/148/1224 3664/148/1224 3665/366/1224 2681/356/1224
f 2681/356/1224 3665/366/1224 3666/368/1224 2680/148/1224
f 2680/148/1224 3666/368/1224 2708/356/1224 2416/366/1224
f 3666/368/1224 3673/366/1224 2709/356/1224 2708/356/1224
f 3673/366/1224 3680/356/1224 2710/366/1224 2709/356/1224
f 3680/356/1224 3687/148/1224 2711/356/1224 2710/366/1224
f 3687/148/1224 3694/148/1224 2712/148/1224 2711/356/1224
f 3694/148/1224 3701/356/1224 2713/356/1224 2712/148/1224
f 3701/356/1224 3708/148/1224 2714/148/1224 2713/356/1224
f 3708/148/1224 2694/356/1224 2419/366/1224 2714/148/1224
f 3707/356/1224 2695/356/1224 2694/356/1224 3708/148/1224
f 3706/148/1224 2696/366/1224 2695/356/1224 3707/356/1224
f 3705/366/1224 2697/356/1224 2696/366/1224 3706/148/1224
f 3704/356/1224 2698/148/1224 2697/356/1224 3705/366/1224
f 3703/356/1224 2699/356/1224 2698/148/1224 3704/356/1224
f 3702/356/1224 2700/148/1224 2699/356/1224 3703/356/1224
f 2701/356/1224 2418/366/1224 2700/148/1224 3702/356/1224
f 2702/356/1224 2701/356/1224 3702/356/1224 3695/366/1224
f 2703/366/1224 2702/356/1224 3695/366/1224 3688/148/1224
f 2704/356/1224 2703/366/1224 3688/148/1224 3681/148/1224
f 2705/356/1224 2704/356/1224 3681/148/1224 3674/356/1224
f 2706/356/1224 2705/356/1224 3674/356/1224 3667/366/1224
f 2707/356/1224 2706/356/1224 3667/366/1224 3660/356/1224
f 3709/369/1224 3716/369/1224 3717/369/1224 3710/369/1224
f 3710/369/1224 3717/369/1224 3718/358/1224 3711/369/1224
f 3711/369/1224 3718/358/1224 3719/369/1224 3712/369/1224
f 3712/369/1224 3719/369/1224 3720/358/1224 3713/369/1224
f 3713/369/1224 3720/358/1224 3721/369/1224 3714/369/1224
f 3714/369/1224 3721/369/1224 3722/369/1224 3715/369/1224
f 3716/369/1224 3723/369/1224 3724/358/1224 3717/369/1224
f 3717/369/1224 3724/358/1224 3725/357/1224 3718/358/1224
f 3718/358/1224 3725/357/1224 3726/358/1224 3719/369/1224
f 3719/369/1224 3726/358/1224 3727/357/1224 3720/358/1224
f 3720/358/1224 3727/357/1224 3728/369/1224 3721/369/1224
f 3721/369/1224 3728/369/1224 3729/369/1224 3722/369/1224
f 3723/369/1224 3730/369/1224 3731/369/1224 3724/358/1224
f 3724/358/1224 3731/369/1224 3732/358/1224 3725/357/1224
f 3725/357/1224 3732/358/1224 3733/369/1224 3726/358/1224
f 3726/358/1224 3733/369/1224 3734/358/1224 3727/357/1224
f 3727/357/1224 3734/358/1224 3735/369/1224 3728/369/1224
f 3728/369/1224 3735/369/1224 3736/369/1224 3729/369/1224
f 3730/369/1224 3737/369/1224 3738/358/1224 3731/369/1224
f 3731/369/1224 3738/358/1224 3739/357/1224 3732/358/1224
f 3732/358/1224 3739/357/1224 3740/358/1224 3733/369/1224
f 3733/369/1224 3740/358/1224 3741/357/1224 3734/358/1224
f 3734/358/1224 3741/357/1224 3742/369/1224 3735/369/1224
f 3735/369/1224 3742/369/1224 3743/369/1224 3736/369/1224
f 3737/369/1224 3744/369/1224 3745/369/1224 3738/358/1224
f 3738/358/1224 3745/369/1224 3746/358/1224 3739/357/1224
f 3739/357/1224 3746/358/1224 3747/369/1224 3740/358/1224
f 3740/358/1224 3747/369/1224 3748/358/1224 3741/357/1224
f 3741/357/1224 3748/358/1224 3749/369/1224 3742/369/1224
f 3742/369/1224 3749/369/1224 3750/369/1224 3743/369/1224
f 3744/369/1224 3751/369/1224 3752/358/1224 3745/369/1224
f 3745/369/1224 3752/358/1224 3753/369/1224 3746/358/1224
f 3746/358/1224 3753/369/1224 3754/358/1224 3747/369/1224
f 3747/369/1224 3754/358/1224 3755/369/1224 3748/358/1224
f 3748/358/1224 3755/369/1224 3756/369/1224 3749/369/1224
f 3749/369/1224 3756/369/1224 3757/370/1224 3750/369/1224
f 2417/139/1224 2728/369/1224 3709/369/1224 2693/369/1224
f 2693/369/1224 3709/369/1224 3710/369/1224 2692/369/1224
f 2692/369/1224 3710/369/1224 3711/369/1224 2691/369/1224
f 2691/369/1224 3711/369/1224 3712/369/1224 2690/369/1224
f 2690/369/1224 3712/369/1224 3713/369/1224 2689/369/1224
f 2689/369/1224 3713/369/1224 3714/369/1224 2688/369/1224
f 2688/369/1224 3714/369/1224 3715/369/1224 2687/357/1224
f 2687/357/1224 3715/369/1224 2729/369/1224 2415/139/1224
f 3715/369/1224 3722/369/1224 2730/369/1224 2729/369/1224
f 3722/369/1224 3729/369/1224 2731/369/1224 2730/369/1224
f 3729/369/1224 3736/369/1224 2732/369/1224 2731/369/1224
f 3736/369/1224 3743/369/1224 2733/369/1224 2732/369/1224
f 3743/369/1224 3750/369/1224 2734/369/1224 2733/369/1224
f 3750/369/1224 3757/370/1224 2735/357/1224 2734/369/1224
f 3757/370/1224 2715/369/1224 2420/139/1224 2735/357/1224
f 3756/369/1224 2716/357/1224 2715/369/1224 3757/370/1224
f 3755/369/1224 2717/357/1224 2716/357/1224 3756/369/1224
f 3754/358/1224 2718/357/1224 2717/357/1224 3755/369/1224
f 3753/369/1224 2719/357/1224 2718/357/1224 3754/358/1224
f 3752/358/1224 2720/357/1224 2719/357/1224 3753/369/1224
f 3751/369/1224 2721/357/1224 2720/357/1224 3752/358/1224
f 2722/357/1224 2421/139/1224 2721/357/1224 3751/369/1224
f 2723/369/1224 2722/357/1224 3751/369/1224 3744/369/1224
f 2724/369/1224 2723/369/1224 3744/369/1224 3737/369/1224
f 2725/369/1224 2724/369/1224 3737/369/1224 3730/369/1224
f 2726/369/1224 2725/369/1224 3730/369/1224 3723/369/1224
f 2727/369/1224 2726/369/1224 3723/369/1224 3716/369/1224
f 2728/369/1224 2727/369/1224 3716/369/1224 3709/369/1224
f 3758/369/1224 3765/358/1224 3766/369/1224 3759/369/1224
f 3759/369/1224 3766/369/1224 3767/358/1224 3760/369/1224
f 3760/369/1224 3767/358/1224 3768/369/1224 3761/369/1224
f 3761/369/1224 3768/369/1224 3769/358/1224 3762/369/1224
f 3762/369/1224 3769/358/1224 3770/369/1224 3763/369/1224
f 3763/369/1224 3770/369/1224 3771/358/1224 3764/369/1224
f 3765/358/1224 3772/357/1224 3773/358/1224 3766/369/1224
f 3766/369/1224 3773/358/1224 3774/357/1224 3767/358/1224
f 3767/358/1224 3774/357/1224 3775/358/1224 3768/369/1224
f 3768/369/1224 3775/358/1224 3776/357/1224 3769/358/1224
f 3769/358/1224 3776/357/1224 3777/358/1224 3770/369/1224
f 3770/369/1224 3777/358/1224 3778/371/1224 3771/358/1224
f 3772/357/1224 3779/358/1224 3780/369/1224 3773/358/1224
f 3773/358/1224 3780/369/1224 3781/358/1224 3774/357/1224
f 3774/357/1224 3781/358/1224 3782/369/1224 3775/358/1224
f 3775/358/1224 3782/369/1224 3783/358/1224 3776/357/1224
f 3776/357/1224 3783/358/1224 3784/369/1224 3777/358/1224
f 3777/358/1224 3784/369/1224 3785/358/1224 3778/371/1224
f 3779/358/1224 3786/357/1224 3787/358/1224 3780/369/1224
f 3780/369/1224 3787/358/1224 3788/357/1224 3781/358/1224
f 3781/358/1224 3788/357/1224 3789/358/1224 3782/369/1224
f 3782/369/1224 3789/358/1224 3790/357/1224 3783/358/1224
f 3783/358/1224 3790/357/1224 3791/358/1224 3784/369/1224
f 3784/369/1224 3791/358/1224 3792/371/1224 3785/358/1224
f 3786/357/1224 3793/369/1224 3794/369/1224 3787/358/1224
f 3787/358/1224 3794/369/1224 3795/358/1224 3788/357/1224
f 3788/357/1224 3795/358/1224 3796/369/1224 3789/358/1224
f 3789/358/1224 3796/369/1224 3797/358/1224 3790/357/1224
f 3790/357/1224 3797/358/1224 3798/369/1224 3791/358/1224
f 3791/358/1224 3798/369/1224 3799/369/1224 3792/371/1224
f 3793/369/1224 3800/369/1224 3801/358/1224 3794/369/1224
f 3794/369/1224 3801/358/1224 3802/369/1224 3795/358/1224
f 3795/358/1224 3802/369/1224 3803/358/1224 3796/369/1224
f 3796/369/1224 3803/358/1224 3804/369/1224 3797/358/1224
f 3797/358/1224 3804/369/1224 3805/369/1224 3798/369/1224
f 3798/369/1224 3805/369/1224 3806/369/1224 3799/369/1224
f 2420/139/1224 2749/357/1224 3758/369/1224 2735/369/1224
f 2735/369/1224 3758/369/1224 3759/369/1224 2734/369/1224
f 2734/369/1224 3759/369/1224 3760/369/1224 2733/369/1224
f 2733/369/1224 3760/369/1224 3761/369/1224 2732/369/1224
f 2732/369/1224 3761/369/1224 3762/369/1224 2731/369/1224
f 2731/369/1224 3762/369/1224 3763/369/1224 2730/369/1224
f 2730/369/1224 3763/369/1224 3764/369/1224 2729/357/1224
f 2729/357/1224 3764/369/1224 2750/357/1224 2415/139/1224
f 3764/369/1224 3771/358/1224 2751/357/1224 2750/357/1224
f 3771/358/1224 3778/371/1224 2752/357/1224 2751/357/1224
f 3778/371/1224 3785/358/1224 2753/357/1224 2752/357/1224
f 3785/358/1224 3792/371/1224 2754/357/1224 2753/357/1224
f 3792/371/1224 3799/369/1224 2755/357/1224 2754/357/1224
f 3799/369/1224 3806/369/1224 2756/357/1224 2755/357/1224
f 3806/369/1224 2736/357/1224 2422/358/1224 2756/357/1224
f 3805/369/1224 2737/357/1224 2736/357/1224 3806/369/1224
f 3804/369/1224 2738/357/1224 2737/357/1224 3805/369/1224
f 3803/358/1224 2739/357/1224 2738/357/1224 3804/369/1224
f 3802/369/1224 2740/357/1224 2739/357/1224 3803/358/1224
f 3801/358/1224 2741/357/1224 2740/357/1224 3802/369/1224
f 3800/369/1224 2742/357/1224 2741/357/1224 3801/358/1224
f 2743/357/1224 2423/358/1224 2742/357/1224 3800/369/1224
f 2744/357/1224 2743/357/1224 3800/369/1224 3793/369/1224
f 2745/357/1224 2744/357/1224 3793/369/1224 3786/357/1224
f 2746/357/1224 2745/357/1224 3786/357/1224 3779/358/1224
f 2747/357/1224 2746/357/1224 3779/358/1224 3772/357/1224
f 2748/357/1224 2747/357/1224 3772/357/1224 3765/358/1224
f 2749/357/1224 2748/357/1224 3765/358/1224 3758/369/1224
f 3807/369/1224 3814/369/1224 3815/369/1224 3808/369/1224
f 3808/369/1224 3815/369/1224 3816/358/1224 3809/369/1224
f 3809/369/1224 3816/358/1224 3817/369/1224 3810/369/1224
f 3810/369/1224 3817/369/1224 3818/358/1224 3811/369/1224
f 3811/369/1224 3818/358/1224 3819/369/1224 3812/369/1224
f 3812/369/1224 3819/369/1224 3820/358/1224 3813/369/1224
f 3814/369/1224 3821/369/1224 3822/358/1224 3815/369/1224
f 3815/369/1224 3822/358/1224 3823/357/1224 3816/358/1224
f 3816/358/1224 3823/357/1224 3824/358/1224 3817/369/1224
f 3817/369/1224 3824/358/1224 3825/357/1224 3818/358/1224
f 3818/358/1224 3825/357/1224 3826/358/1224 3819/369/1224
f 3819/369/1224 3826/358/1224 3827/371/1224 3820/358/1224
f 3821/369/1224 3828/369/1224 3829/369/1224 3822/358/1224
f 3822/358/1224 3829/369/1224 3830/358/1224 3823/357/1224
f 3823/357/1224 3830/358/1224 3831/369/1224 3824/358/1224
f 3824/358/1224 3831/369/1224 3832/358/1224 3825/357/1224
f 3825/357/1224 3832/358/1224 3833/369/1224 3826/358/1224
f 3826/358/1224 3833/369/1224 3834/358/1224 3827/371/1224
f 3828/369/1224 3835/369/1224 3836/358/1224 3829/369/1224
f 3829/369/1224 3836/358/1224 3837/357/1224 3830/358/1224
f 3830/358/1224 3837/357/1224 3838/358/1224 3831/369/1224
f 3831/369/1224 3838/358/1224 3839/357/1224 3832/358/1224
f 3832/358/1224 3839/357/1224 3840/358/1224 3833/369/1224
f 3833/369/1224 3840/358/1224 3841/371/1224 3834/358/1224
f 3835/369/1224 3842/369/1224 3843/369/1224 3836/358/1224
f 3836/358/1224 3843/369/1224 3844/369/1224 3837/357/1224
f 3837/357/1224 3844/369/1224 3845/369/1224 3838/358/1224
f 3838/358/1224 3845/369/1224 3846/369/1224 3839/357/1224
f 3839/357/1224 3846/369/1224 3847/369/1224 3840/358/1224
f 3840/358/1224 3847/369/1224 3848/369/1224 3841/371/1224
f 3842/369/1224 3849/369/1224 3850/369/1224 3843/369/1224
f 3843/369/1224 3850/369/1224 3851/369/1224 3844/369/1224
f 3844/369/1224 3851/369/1224 3852/369/1224 3845/369/1224
f 3845/369/1224 3852/369/1224 3853/369/1224 3846/369/1224
f 3846/369/1224 3853/369/1224 3854/369/1224 3847/369/1224
f 3847/369/1224 3854/369/1224 3855/370/1224 3848/369/1224
f 2417/139/1224 2770/369/1224 3807/369/1224 2728/369/1224
f 2728/369/1224 3807/369/1224 3808/369/1224 2727/369/1224
f 2727/369/1224 3808/369/1224 3809/369/1224 2726/369/1224
f 2726/369/1224 3809/369/1224 3810/369/1224 2725/369/1224
f 2725/369/1224 3810/369/1224 3811/369/1224 2724/369/1224
f 2724/369/1224 3811/369/1224 3812/369/1224 2723/369/1224
f 2723/369/1224 3812/369/1224 3813/369/1224 2722/357/1224
f 2722/357/1224 3813/369/1224 2771/357/1224 2421/139/1224
f 3813/369/1224 3820/358/1224 2772/357/1224 2771/357/1224
f 3820/358/1224 3827/371/1224 2773/357/1224 2772/357/1224
f 3827/371/1224 3834/358/1224 2774/357/1224 2773/357/1224
f 3834/358/1224 3841/371/1224 2775/357/1224 2774/357/1224
f 3841/371/1224 3848/369/1224 2776/357/1224 2775/357/1224
f 3848/369/1224 3855/370/1224 2777/369/1224 2776/357/1224
f 3855/370/1225 2757/372/1225 2425/139/1225 2777/369/1225
f 3854/369/1226 2758/369/1226 2757/372/1226 3855/370/1226
f 3853/369/1226 2759/369/1226 2758/369/1226 3854/369/1226
f 3852/369/1226 2760/369/1226 2759/369/1226 3853/369/1226
f 3851/369/1226 2761/369/1226 2760/369/1226 3852/369/1226
f 3850/369/1226 2762/369/1226 2761/369/1226 3851/369/1226
f 3849/369/1226 2763/369/1226 2762/369/1226 3850/369/1226
f 2764/369/1226 2424/369/1226 2763/369/1226 3849/369/1226
f 2765/369/1224 2764/369/1224 3849/369/1224 3842/369/1224
f 2766/369/1224 2765/369/1224 3842/369/1224 3835/369/1224
f 2767/369/1224 2766/369/1224 3835/369/1224 3828/369/1224
f 2768/369/1224 2767/369/1224 3828/369/1224 3821/369/1224
f 2769/369/1224 2768/369/1224 3821/369/1224 3814/369/1224
f 2770/369/1224 2769/369/1224 3814/369/1224 3807/369/1224
f 3856/369/1224 3863/358/1224 3864/369/1224 3857/369/1224
f 3857/369/1224 3864/369/1224 3865/358/1224 3858/369/1224
f 3858/369/1224 3865/358/1224 3866/369/1224 3859/369/1224
f 3859/369/1224 3866/369/1224 3867/358/1224 3860/369/1224
f 3860/369/1224 3867/358/1224 3868/369/1224 3861/369/1224
f 3861/369/1224 3868/369/1224 3869/369/1224 3862/369/1224
f 3863/358/1224 3870/357/1224 3871/358/1224 3864/369/1224
f 3864/369/1224 3871/358/1224 3872/357/1224 3865/358/1224
f 3865/358/1224 3872/357/1224 3873/358/1224 3866/369/1224
f 3866/369/1224 3873/358/1224 3874/357/1224 3867/358/1224
f 3867/358/1224 3874/357/1224 3875/369/1224 3868/369/1224
f 3868/369/1224 3875/369/1224 3876/369/1224 3869/369/1224
f 3870/357/1224 3877/358/1224 3878/369/1224 3871/358/1224
f 3871/358/1224 3878/369/1224 3879/358/1224 3872/357/1224
f 3872/357/1224 3879/358/1224 3880/369/1224 3873/358/1224
f 3873/358/1224 3880/369/1224 3881/358/1224 3874/357/1224
f 3874/357/1224 3881/358/1224 3882/369/1224 3875/369/1224
f 3875/369/1224 3882/369/1224 3883/369/1224 3876/369/1224
f 3877/358/1224 3884/357/1224 3885/358/1224 3878/369/1224
f 3878/369/1224 3885/358/1224 3886/357/1224 3879/358/1224
f 3879/358/1224 3886/357/1224 3887/358/1224 3880/369/1224
f 3880/369/1224 3887/358/1224 3888/357/1224 3881/358/1224
f 3881/358/1224 3888/357/1224 3889/369/1224 3882/369/1224
f 3882/369/1224 3889/369/1224 3890/369/1224 3883/369/1224
f 3884/357/1224 3891/369/1224 3892/369/1224 3885/358/1224
f 3885/358/1224 3892/369/1224 3893/358/1224 3886/357/1224
f 3886/357/1224 3893/358/1224 3894/369/1224 3887/358/1224
f 3887/358/1224 3894/369/1224 3895/358/1224 3888/357/1224
f 3888/357/1224 3895/358/1224 3896/369/1224 3889/369/1224
f 3889/369/1224 3896/369/1224 3897/369/1224 3890/369/1224
f 3891/369/1224 3898/369/1224 3899/358/1224 3892/369/1224
f 3892/369/1224 3899/358/1224 3900/369/1224 3893/358/1224
f 3893/358/1224 3900/369/1224 3901/358/1224 3894/369/1224
f 3894/369/1224 3901/358/1224 3902/369/1224 3895/358/1224
f 3895/358/1224 3902/369/1224 3903/369/1224 3896/369/1224
f 3896/369/1224 3903/369/1224 3904/370/1224 3897/369/1224
f 2417/139/1224 2791/357/1224 3856/369/1224 2770/369/1224
f 2770/369/1224 3856/369/1224 3857/369/1224 2769/369/1224
f 2769/369/1224 3857/369/1224 3858/369/1224 2768/369/1224
f 2768/369/1224 3858/369/1224 3859/369/1224 2767/369/1224
f 2767/369/1224 3859/369/1224 3860/369/1224 2766/369/1224
f 2766/369/1224 3860/369/1224 3861/369/1224 2765/369/1224
f 2765/369/1224 3861/369/1224 3862/369/1224 2764/369/1224
f 2764/369/1226 3862/369/1226 2792/369/1226 2424/369/1226
f 3862/369/1226 3869/369/1226 2793/369/1226 2792/369/1226
f 3869/369/1226 3876/369/1226 2794/369/1226 2793/369/1226
f 3876/369/1226 3883/369/1226 2795/369/1226 2794/369/1226
f 3883/369/1226 3890/369/1226 2796/369/1226 2795/369/1226
f 3890/369/1226 3897/369/1226 2797/369/1226 2796/369/1226
f 3897/369/1226 3904/370/1226 2798/372/1226 2797/369/1226
f 3904/370/1227 2778/369/1227 2427/139/1227 2798/372/1227
f 3903/369/1224 2779/357/1224 2778/369/1224 3904/370/1224
f 3902/369/1224 2780/357/1224 2779/357/1224 3903/369/1224
f 3901/358/1224 2781/357/1224 2780/357/1224 3902/369/1224
f 3900/369/1224 2782/357/1224 2781/357/1224 3901/358/1224
f 3899/358/1224 2783/357/1224 2782/357/1224 3900/369/1224
f 3898/369/1224 2784/357/1224 2783/357/1224 3899/358/1224
f 2785/357/1224 2426/358/1224 2784/357/1224 3898/369/1224
f 2786/357/1224 2785/357/1224 3898/369/1224 3891/369/1224
f 2787/357/1224 2786/357/1224 3891/369/1224 3884/357/1224
f 2788/357/1224 2787/357/1224 3884/357/1224 3877/358/1224
f 2789/357/1224 2788/357/1224 3877/358/1224 3870/357/1224
f 2790/357/1224 2789/357/1224 3870/357/1224 3863/358/1224
f 2791/357/1224 2790/357/1224 3863/358/1224 3856/369/1224
f 3905/369/649 3912/358/649 3913/369/649 3906/369/649
f 3906/369/649 3913/369/649 3914/358/649 3907/369/649
f 3907/369/649 3914/358/649 3915/369/649 3908/369/649
f 3908/369/649 3915/369/649 3916/358/649 3909/369/649
f 3909/369/649 3916/358/649 3917/369/649 3910/369/649
f 3910/369/649 3917/369/649 3918/358/649 3911/369/649
f 3912/358/649 3919/357/649 3920/358/649 3913/369/649
f 3913/369/649 3920/358/649 3921/357/649 3914/358/649
f 3914/358/649 3921/357/649 3922/358/649 3915/369/649
f 3915/369/649 3922/358/649 3923/357/649 3916/358/649
f 3916/358/649 3923/357/649 3924/358/649 3917/369/649
f 3917/369/649 3924/358/649 3925/357/649 3918/358/649
f 3919/357/649 3926/371/649 3927/358/649 3920/358/649
f 3920/358/649 3927/358/649 3928/369/649 3921/357/649
f 3921/357/649 3928/369/649 3929/369/649 3922/358/649
f 3922/358/649 3929/369/649 3930/358/649 3923/357/649
f 3923/357/649 3930/358/649 3931/369/649 3924/358/649
f 3924/358/649 3931/369/649 3932/358/649 3925/357/649
f 3926/371/649 3933/139/649 3934/357/649 3927/358/649
f 3927/358/649 3934/357/649 3935/139/649 3928/369/649
f 3928/369/649 3935/139/649 3936/358/649 3929/369/649
f 3929/369/649 3936/358/649 3937/357/649 3930/358/649
f 3930/358/649 3937/357/649 3938/358/649 3931/369/649
f 3931/369/649 3938/358/649 3939/357/649 3932/358/649
f 3933/139/649 3940/358/649 3941/369/649 3934/357/649
f 3934/357/649 3941/369/649 3942/358/649 3935/139/649
f 3935/139/1228 3942/358/1228 3943/369/1228 3936/358/1228
f 3936/358/649 3943/369/649 3944/358/649 3937/357/649
f 3937/357/649 3944/358/649 3945/369/649 3938/358/649
f 3938/358/649 3945/369/649 3946/369/649 3939/357/649
f 3940/358/649 3947/357/649 3948/357/649 3941/369/649
f 3941/369/649 3948/357/649 3949/369/649 3942/358/649
f 3942/358/649 3949/369/649 3950/358/649 3943/369/649
f 3943/369/649 3950/358/649 3951/369/649 3944/358/649
f 3944/358/649 3951/369/649 3952/369/649 3945/369/649
f 3945/369/649 3952/369/649 3953/139/649 3946/369/649
f 2427/139/1229 2819/357/1229 3905/369/1229 2798/369/1229
f 2798/369/1230 3905/369/1230 3906/369/1230 2797/369/1230
f 2797/369/1231 3906/369/1231 3907/369/1231 2796/369/1231
f 2796/369/1231 3907/369/1231 3908/369/1231 2795/369/1231
f 2795/369/1231 3908/369/1231 3909/369/1231 2794/369/1231
f 2794/369/1231 3909/369/1231 3910/369/1231 2793/369/1231
f 2793/369/1231 3910/369/1231 3911/369/1231 2792/369/1231
f 2792/369/1231 3911/369/1231 2820/369/1231 2424/369/1231
f 3911/369/649 3918/358/649 2821/369/649 2820/369/649
f 3918/358/649 3925/357/649 2822/358/649 2821/369/649
f 3925/357/649 3932/358/649 2823/369/649 2822/358/649
f 3932/358/649 3939/357/649 2824/358/649 2823/369/649
f 3939/357/649 3946/369/649 2825/369/649 2824/358/649
f 3946/369/649 3953/139/649 2826/139/649 2825/369/649
f 3953/139/649 2806/369/649 2430/139/649 2826/139/649
f 3952/369/649 2807/357/649 2806/369/649 3953/139/649
f 3951/369/649 2808/357/649 2807/357/649 3952/369/649
f 3950/358/649 2809/357/649 2808/357/649 3951/369/649
f 3949/369/649 2810/139/649 2809/357/649 3950/358/649
f 3948/357/649 2811/357/649 2810/139/649 3949/369/649
f 3947/357/649 2812/139/649 2811/357/649 3948/357/649
f 2813/357/649 2432/358/649 2812/139/649 3947/357/649
f 2814/357/649 2813/357/649 3947/357/649 3940/358/649
f 2815/358/649 2814/357/649 3940/358/649 3933/139/649
f 2816/357/649 2815/358/649 3933/139/649 3926/371/649
f 2817/357/649 2816/357/649 3926/371/649 3919/357/649
f 2818/357/649 2817/357/649 3919/357/649 3912/358/649
f 2819/357/649 2818/357/649 3912/358/649 3905/369/649
f 3954/369/649 3961/358/649 3962/369/649 3955/369/649
f 3955/369/649 3962/369/649 3963/358/649 3956/369/649
f 3956/369/649 3963/358/649 3964/369/649 3957/369/649
f 3957/369/649 3964/369/649 3965/358/649 3958/369/649
f 3958/369/649 3965/358/649 3966/369/649 3959/369/649
f 3959/369/649 3966/369/649 3967/358/649 3960/369/649
f 3961/358/649 3968/357/649 3969/358/649 3962/369/649
f 3962/369/649 3969/358/649 3970/357/649 3963/358/649
f 3963/358/649 3970/357/649 3971/358/649 3964/369/649
f 3964/369/649 3971/358/649 3972/357/649 3965/358/649
f 3965/358/649 3972/357/649 3973/358/649 3966/369/649
f 3966/369/649 3973/358/649 3974/371/649 3967/358/649
f 3968/357/649 3975/358/649 3976/369/649 3969/358/649
f 3969/358/649 3976/369/649 3977/358/649 3970/357/649
f 3970/357/649 3977/358/649 3978/369/649 3971/358/649
f 3971/358/649 3978/369/649 3979/357/649 3972/357/649
f 3972/357/649 3979/357/649 3980/358/649 3973/358/649
f 3973/358/649 3980/358/649 3981/371/649 3974/371/649
f 3975/358/649 3982/357/649 3983/358/649 3976/369/649
f 3976/369/649 3983/358/649 3984/357/649 3977/358/649
f 3977/358/649 3984/357/649 3985/369/649 3978/369/649
f 3978/369/649 3985/369/649 3986/139/649 3979/357/649
f 3979/357/649 3986/139/649 3987/357/649 3980/358/649
f 3980/358/649 3987/357/649 3988/139/649 3981/371/649
f 3982/357/649 3989/369/649 3990/369/649 3983/358/649
f 3983/358/649 3990/369/649 3991/358/649 3984/357/649
f 3984/357/649 3991/358/649 3992/358/649 3985/369/649
f 3985/369/649 3992/358/649 3993/358/649 3986/139/649
f 3986/139/649 3993/358/649 3994/358/649 3987/357/649
f 3987/357/649 3994/358/649 3995/369/649 3988/139/649
f 3989/369/649 3996/369/649 3997/358/649 3990/369/649
f 3990/369/649 3997/358/649 3998/369/649 3991/358/649
f 3991/358/649 3998/369/649 3999/358/649 3992/358/649
f 3992/358/649 3999/358/649 4000/139/649 3993/358/649
f 3993/358/649 4000/139/649 4001/357/649 3994/358/649
f 3994/358/649 4001/357/649 4002/139/649 3995/369/649
f 2424/369/1231 2820/369/1231 3954/369/1231 2763/369/1231
f 2763/369/1230 3954/369/1230 3955/369/1230 2762/369/1230
f 2762/369/1230 3955/369/1230 3956/369/1230 2761/369/1230
f 2761/369/1231 3956/369/1231 3957/369/1231 2760/369/1231
f 2760/369/1231 3957/369/1231 3958/369/1231 2759/369/1231
f 2759/369/1231 3958/369/1231 3959/369/1231 2758/369/1231
f 2758/369/1230 3959/369/1230 3960/369/1230 2757/372/1230
f 2757/372/1232 3960/369/1232 2827/357/1232 2425/139/1232
f 3960/369/649 3967/358/649 2828/357/649 2827/357/649
f 3967/358/649 3974/371/649 2829/357/649 2828/357/649
f 3974/371/649 3981/371/649 2830/357/649 2829/357/649
f 3981/371/649 3988/139/649 2831/139/649 2830/357/649
f 3988/139/649 3995/369/649 2832/357/649 2831/139/649
f 3995/369/649 4002/139/649 2833/139/649 2832/357/649
f 4002/139/649 2799/357/649 2431/358/649 2833/139/649
f 4001/357/649 2800/357/649 2799/357/649 4002/139/649
f 4000/139/649 2801/358/649 2800/357/649 4001/357/649
f 3999/358/649 2802/357/649 2801/358/649 4000/139/649
f 3998/369/1228 2803/357/1228 2802/357/1228 3999/358/1228
f 3997/358/649 2804/357/649 2803/357/649 3998/369/649
f 3996/369/649 2805/357/649 2804/357/649 3997/358/649
f 2826/139/649 2430/139/649 2805/357/649 3996/369/649
f 2825/369/649 2826/139/649 3996/369/649 3989/369/649
f 2824/358/649 2825/369/649 3989/369/649 3982/357/649
f 2823/369/649 2824/358/649 3982/357/649 3975/358/649
f 2822/358/649 2823/369/649 3975/358/649 3968/357/649
f 2821/369/649 2822/358/649 3968/357/649 3961/358/649
f 2820/369/649 2821/369/649 3961/358/649 3954/369/649
f 4003/371/554 4010/373/554 4011/139/554 4004/373/554
f 4004/373/554 4011/139/554 4012/374/554 4005/139/554
f 4005/139/554 4012/374/554 4013/369/554 4006/373/554
f 4006/373/554 4013/369/554 4014/358/554 4007/357/554
f 4007/357/554 4014/358/554 4015/369/554 4008/369/554
f 4008/369/554 4015/369/554 4016/358/554 4009/369/554
f 4010/373/554 4017/139/554 4018/358/554 4011/139/554
f 4011/139/554 4018/358/554 4019/369/554 4012/374/554
f 4012/374/554 4019/369/554 4020/358/554 4013/369/554
f 4013/369/554 4020/358/554 4021/357/554 4014/358/554
f 4014/358/554 4021/357/554 4022/358/554 4015/369/554
f 4015/369/554 4022/358/554 4023/371/554 4016/358/554
f 4017/139/554 4024/371/554 4025/358/554 4018/358/554
f 4018/358/554 4025/358/554 4026/369/554 4019/369/554
f 4019/369/554 4026/369/554 4027/369/554 4020/358/554
f 4020/358/554 4027/369/554 4028/357/554 4021/357/554
f 4021/357/554 4028/357/554 4029/358/554 4022/358/554
f 4022/358/554 4029/358/554 4030/371/554 4023/371/554
f 4024/371/554 4031/139/554 4032/357/554 4025/358/554
f 4025/358/554 4032/357/554 4033/139/554 4026/369/554
f 4026/369/554 4033/139/554 4034/369/554 4027/369/554
f 4027/369/554 4034/369/554 4035/139/554 4028/357/554
f 4028/357/554 4035/139/554 4036/357/554 4029/358/554
f 4029/358/554 4036/357/554 4037/139/554 4030/371/554
f 4031/139/554 4038/358/554 4039/369/554 4032/357/554
f 4032/357/554 4039/369/554 4040/358/554 4033/139/554
f 4033/139/554 4040/358/554 4041/358/554 4034/369/554
f 4034/369/554 4041/358/554 4042/358/554 4035/139/554
f 4035/139/554 4042/358/554 4043/358/554 4036/357/554
f 4036/357/554 4043/358/554 4044/369/554 4037/139/554
f 4038/358/554 4045/357/554 4046/357/554 4039/369/554
f 4039/369/554 4046/357/554 4047/369/554 4040/358/554
f 4040/358/554 4047/369/554 4048/358/554 4041/358/554
f 4041/358/554 4048/358/554 4049/139/554 4042/358/554
f 4042/358/554 4049/139/554 4050/357/554 4043/358/554
f 4043/358/554 4050/357/554 4051/139/554 4044/369/554
f 2431/358/554 2861/357/554 4003/371/554 2833/139/554
f 2833/139/554 4003/371/554 4004/373/554 2832/357/554
f 2832/357/554 4004/373/554 4005/139/554 2831/139/554
f 2831/139/554 4005/139/554 4006/373/554 2830/357/554
f 2830/357/554 4006/373/554 4007/357/554 2829/357/554
f 2829/357/554 4007/357/554 4008/369/554 2828/357/554
f 2828/357/554 4008/369/554 4009/369/554 2827/357/554
f 2827/357/554 4009/369/554 2862/357/554 2425/358/554
f 4009/369/554 4016/358/554 2863/357/554 2862/357/554
f 4016/358/554 4023/371/554 2864/357/554 2863/357/554
f 4023/371/554 4030/371/554 2865/357/554 2864/357/554
f 4030/371/554 4037/139/554 2866/139/554 2865/357/554
f 4037/139/554 4044/369/554 2867/357/554 2866/139/554
f 4044/369/554 4051/139/554 2868/139/554 2867/357/554
f 4051/139/554 2848/357/554 2433/358/554 2868/139/554
f 4050/357/554 2849/357/554 2848/357/554 4051/139/554
f 4049/139/554 2850/358/554 2849/357/554 4050/357/554
f 4048/358/554 2851/357/554 2850/358/554 4049/139/554
f 4047/369/554 2852/139/554 2851/357/554 4048/358/554
f 4046/357/554 2853/357/554 2852/139/554 4047/369/554
f 4045/357/554 2854/139/554 2853/357/554 4046/357/554
f 2855/357/554 2434/358/554 2854/139/554 4045/357/554
f 2856/357/554 2855/357/554 4045/357/554 4038/358/554
f 2857/358/554 2856/357/554 4038/358/554 4031/139/554
f 2858/357/554 2857/358/554 4031/139/554 4024/371/554
f 2859/358/554 2858/357/554 4024/371/554 4017/139/554
f 2860/357/554 2859/358/554 4017/139/554 4010/373/554
f 2861/357/554 2860/357/554 4010/373/554 4003/371/554
f 4052/369/550 4059/358/550 4060/369/550 4053/373/550
f 4053/373/550 4060/369/550 4061/358/550 4054/357/550
f 4054/357/550 4061/358/550 4062/373/550 4055/371/550
f 4055/371/550 4062/373/550 4063/357/550 4056/371/550
f 4056/371/550 4063/357/550 4064/375/550 4057/374/550
f 4057/374/550 4064/375/550 4065/358/550 4058/372/550
f 4059/358/550 4066/357/550 4067/358/550 4060/369/550
f 4060/369/550 4067/358/550 4068/357/550 4061/358/550
f 4061/358/550 4068/357/550 4069/357/550 4062/373/550
f 4062/373/550 4069/357/550 4070/139/550 4063/357/550
f 4063/357/550 4070/139/550 4071/358/550 4064/375/550
f 4064/375/550 4071/358/550 4072/369/550 4065/358/550
f 4066/357/550 4073/371/550 4074/358/550 4067/358/550
f 4067/358/550 4074/358/550 4075/369/550 4068/357/550
f 4068/357/550 4075/369/550 4076/369/550 4069/357/550
f 4069/357/550 4076/369/550 4077/357/550 4070/139/550
f 4070/139/550 4077/357/550 4078/358/550 4071/358/550
f 4071/358/550 4078/358/550 4079/371/550 4072/369/550
f 4073/371/550 4080/139/550 4081/357/550 4074/358/550
f 4074/358/550 4081/357/550 4082/139/550 4075/369/550
f 4075/369/550 4082/139/550 4083/369/550 4076/369/550
f 4076/369/550 4083/369/550 4084/139/550 4077/357/550
f 4077/357/550 4084/139/550 4085/357/550 4078/358/550
f 4078/358/550 4085/357/550 4086/139/550 4079/371/550
f 4080/139/550 4087/358/550 4088/369/550 4081/357/550
f 4081/357/550 4088/369/550 4089/358/550 4082/139/550
f 4082/139/550 4089/358/550 4090/358/550 4083/369/550
f 4083/369/550 4090/358/550 4091/358/550 4084/139/550
f 4084/139/550 4091/358/550 4092/358/550 4085/357/550
f 4085/357/550 4092/358/550 4093/369/550 4086/139/550
f 4087/358/550 4094/357/550 4095/357/550 4088/369/550
f 4088/369/550 4095/357/550 4096/369/550 4089/358/550
f 4089/358/550 4096/369/550 4097/358/550 4090/358/550
f 4090/358/550 4097/358/550 4098/139/550 4091/358/550
f 4091/358/550 4098/139/550 4099/357/550 4092/358/550
f 4092/358/550 4099/357/550 4100/139/550 4093/369/550
f 2427/358/550 2882/357/550 4052/369/550 2819/357/550
f 2819/357/550 4052/369/550 4053/373/550 2818/357/550
f 2818/357/550 4053/373/550 4054/357/550 2817/357/550
f 2817/357/550 4054/357/550 4055/371/550 2816/357/550
f 2816/357/550 4055/371/550 4056/371/550 2815/139/550
f 2815/139/550 4056/371/550 4057/374/550 2814/357/550
f 2814/357/550 4057/374/550 4058/372/550 2813/139/550
f 2813/139/550 4058/372/550 2883/357/550 2432/358/550
f 4058/372/550 4065/358/550 2884/357/550 2883/357/550
f 4065/358/550 4072/369/550 2885/358/550 2884/357/550
f 4072/369/550 4079/371/550 2886/357/550 2885/358/550
f 4079/371/550 4086/139/550 2887/139/550 2886/357/550
f 4086/139/550 4093/369/550 2888/357/550 2887/139/550
f 4093/369/550 4100/139/550 2889/139/550 2888/357/550
f 4100/139/550 2869/357/550 2436/358/550 2889/139/550
f 4099/357/550 2870/357/550 2869/357/550 4100/139/550
f 4098/139/550 2871/358/550 2870/357/550 4099/357/550
f 4097/358/550 2872/357/550 2871/358/550 4098/139/550
f 4096/369/550 2873/139/550 2872/357/550 4097/358/550
f 4095/357/550 2874/357/550 2873/139/550 4096/369/550
f 4094/357/550 2875/139/550 2874/357/550 4095/357/550
f 2876/357/550 2435/358/550 2875/139/550 4094/357/550
f 2877/357/550 2876/357/550 4094/357/550 4087/358/550
f 2878/358/550 2877/357/550 4087/358/550 4080/139/550
f 2879/357/550 2878/358/550 4080/139/550 4073/371/550
f 2880/357/550 2879/357/550 4073/371/550 4066/357/550
f 2881/357/550 2880/357/550 4066/357/550 4059/358/550
f 2882/357/550 2881/357/550 4059/358/550 4052/369/550
f 4101/369/1224 4108/358/1224 4109/369/1224 4102/369/1224
f 4102/369/1224 4109/369/1224 4110/358/1224 4103/369/1224
f 4103/369/1224 4110/358/1224 4111/369/1224 4104/369/1224
f 4104/369/1224 4111/369/1224 4112/358/1224 4105/369/1224
f 4105/369/1224 4112/358/1224 4113/369/1224 4106/369/1224
f 4106/369/1224 4113/369/1224 4114/358/1224 4107/369/1224
f 4108/358/1224 4115/357/1224 4116/358/1224 4109/369/1224
f 4109/369/1224 4116/358/1224 4117/357/1224 4110/358/1224
f 4110/358/1224 4117/357/1224 4118/358/1224 4111/369/1224
f 4111/369/1224 4118/358/1224 4119/357/1224 4112/358/1224
f 4112/358/1224 4119/357/1224 4120/358/1224 4113/369/1224
f 4113/369/1224 4120/358/1224 4121/371/1224 4114/358/1224
f 4115/357/1224 4122/358/1224 4123/369/1224 4116/358/1224
f 4116/358/1224 4123/369/1224 4124/358/1224 4117/357/1224
f 4117/357/1224 4124/358/1224 4125/369/1224 4118/358/1224
f 4118/358/1224 4125/369/1224 4126/358/1224 4119/357/1224
f 4119/357/1224 4126/358/1224 4127/369/1224 4120/358/1224
f 4120/358/1224 4127/369/1224 4128/358/1224 4121/371/1224
f 4122/358/1224 4129/357/1224 4130/358/1224 4123/369/1224
f 4123/369/1224 4130/358/1224 4131/357/1224 4124/358/1224
f 4124/358/1224 4131/357/1224 4132/358/1224 4125/369/1224
f 4125/369/1224 4132/358/1224 4133/357/1224 4126/358/1224
f 4126/358/1224 4133/357/1224 4134/358/1224 4127/369/1224
f 4127/369/1224 4134/358/1224 4135/371/1224 4128/358/1224
f 4129/357/1224 4136/369/1224 4137/369/1224 4130/358/1224
f 4130/358/1224 4137/369/1224 4138/358/1224 4131/357/1224
f 4131/357/1224 4138/358/1224 4139/369/1224 4132/358/1224
f 4132/358/1224 4139/369/1224 4140/358/1224 4133/357/1224
f 4133/357/1224 4140/358/1224 4141/369/1224 4134/358/1224
f 4134/358/1224 4141/369/1224 4142/369/1224 4135/371/1224
f 4136/369/1224 4143/369/1224 4144/358/1224 4137/369/1224
f 4137/369/1224 4144/358/1224 4145/369/1224 4138/358/1224
f 4138/358/1224 4145/369/1224 4146/358/1224 4139/369/1224
f 4139/369/1224 4146/358/1224 4147/369/1224 4140/358/1224
f 4140/358/1224 4147/369/1224 4148/369/1224 4141/369/1224
f 4141/369/1224 4148/369/1224 4149/369/1224 4142/369/1224
f 2415/139/1224 2903/357/1224 4101/369/1224 2687/369/1224
f 2687/369/1224 4101/369/1224 4102/369/1224 2688/369/1224
f 2688/369/1224 4102/369/1224 4103/369/1224 2689/369/1224
f 2689/369/1224 4103/369/1224 4104/369/1224 2690/369/1224
f 2690/369/1224 4104/369/1224 4105/369/1224 2691/369/1224
f 2691/369/1224 4105/369/1224 4106/369/1224 2692/369/1224
f 2692/369/1224 4106/369/1224 4107/369/1224 2693/357/1224
f 2693/357/1224 4107/369/1224 2904/357/1224 2417/139/1224
f 4107/369/1224 4114/358/1224 2905/357/1224 2904/357/1224
f 4114/358/1224 4121/371/1224 2906/357/1224 2905/357/1224
f 4121/371/1224 4128/358/1224 2907/357/1224 2906/357/1224
f 4128/358/1224 4135/371/1224 2908/357/1224 2907/357/1224
f 4135/371/1224 4142/369/1224 2909/357/1224 2908/357/1224
f 4142/369/1224 4149/369/1224 2910/357/1224 2909/357/1224
f 4149/369/1224 2896/357/1224 2438/358/1224 2910/357/1224
f 4148/369/1224 2895/357/1224 2896/357/1224 4149/369/1224
f 4147/369/1224 2894/357/1224 2895/357/1224 4148/369/1224
f 4146/358/1224 2893/357/1224 2894/357/1224 4147/369/1224
f 4145/369/1224 2892/357/1224 2893/357/1224 4146/358/1224
f 4144/358/1224 2891/357/1224 2892/357/1224 4145/369/1224
f 4143/369/1224 2890/357/1224 2891/357/1224 4144/358/1224
f 2897/357/1224 2437/358/1224 2890/357/1224 4143/369/1224
f 2898/357/1224 2897/357/1224 4143/369/1224 4136/369/1224
f 2899/357/1224 2898/357/1224 4136/369/1224 4129/357/1224
f 2900/357/1224 2899/357/1224 4129/357/1224 4122/358/1224
f 2901/357/1224 2900/357/1224 4122/358/1224 4115/357/1224
f 2902/357/1224 2901/357/1224 4115/357/1224 4108/358/1224
f 2903/357/1224 2902/357/1224 4108/358/1224 4101/369/1224
f 4150/376/1233 4157/379/1233 4158/378/1233 4151/377/1233
f 4151/377/1233 4158/378/1233 4159/380/1233 4152/363/1233
f 4152/363/1233 4159/380/1233 4160/362/1233 4153/381/1233
f 4153/381/1233 4160/362/1233 4161/383/1233 4154/382/1233
f 4154/382/1233 4161/383/1233 4162/360/1233 4155/360/1233
f 4155/360/1233 4162/360/1233 4163/385/1233 4156/384/1233
f 4157/379/1233 4164/365/1233 4165/386/1233 4158/378/1233
f 4158/378/1233 4165/386/1233 4166/363/1233 4159/380/1233
f 4159/380/1233 4166/363/1233 4167/381/1233 4160/362/1233
f 4160/362/1233 4167/381/1233 4168/361/1233 4161/383/1233
f 4161/383/1233 4168/361/1233 4169/387/1233 4162/360/1233
f 4162/360/1233 4169/387/1233 4170/388/1233 4163/385/1233
f 4164/365/1233 4171/379/1233 4172/364/1233 4165/386/1233
f 4165/386/1233 4172/364/1233 4173/389/1233 4166/363/1233
f 4166/363/1233 4173/389/1233 4174/362/1233 4167/381/1233
f 4167/381/1233 4174/362/1233 4175/383/1233 4168/361/1233
f 4168/361/1233 4175/383/1233 4176/360/1233 4169/387/1233
f 4169/387/1233 4176/360/1233 4177/390/1233 4170/388/1233
f 4171/379/1233 4178/391/1233 4179/377/1233 4172/364/1233
f 4172/364/1233 4179/377/1233 4180/363/1233 4173/389/1233
f 4173/389/1233 4180/363/1233 4181/381/1233 4174/362/1233
f 4174/362/1233 4181/381/1233 4182/392/1233 4175/383/1233
f 4175/383/1233 4182/392/1233 4183/387/1233 4176/360/1233
f 4176/360/1233 4183/387/1233 4184/393/1233 4177/390/1233
f 4178/391/1233 4185/391/1233 4186/394/1233 4179/377/1233
f 4179/377/1233 4186/394/1233 4187/389/1233 4180/363/1233
f 4180/363/1233 4187/389/1233 4188/362/1233 4181/381/1233
f 4181/381/1233 4188/362/1233 4189/395/1233 4182/392/1233
f 4182/392/1233 4189/395/1233 4190/396/1233 4183/387/1233
f 4183/387/1233 4190/396/1233 4191/385/1233 4184/393/1233
f 4185/391/1233 4192/391/1233 4193/397/1233 4186/394/1233
f 4186/394/1233 4193/397/1233 4194/398/1233 4187/389/1233
f 4187/389/1233 4194/398/1233 4195/399/1233 4188/362/1233
f 4188/362/1233 4195/399/1233 4196/392/1233 4189/395/1233
f 4189/395/1233 4196/392/1233 4197/400/1233 4190/396/1233
f 4190/396/1233 4197/400/1233 4198/401/1233 4191/385/1233
f 2412/366/1233 2924/356/1233 4150/376/1233 2638/365/1233
f 2638/365/1233 4150/376/1233 4151/377/1233 2639/364/1233
f 2639/364/1233 4151/377/1233 4152/363/1233 2640/363/1233
f 2640/363/1233 4152/363/1233 4153/381/1233 2641/362/1233
f 2641/362/1233 4153/381/1233 4154/382/1233 2642/361/1233
f 2642/361/1233 4154/382/1233 4155/360/1233 2643/360/1233
f 2643/360/1233 4155/360/1233 4156/384/1233 2644/359/1233
f 2644/359/1233 4156/384/1233 2925/357/1233 2413/358/1233
f 4156/384/1233 4163/385/1233 2926/358/1233 2925/357/1233
f 4163/385/1233 4170/388/1233 2927/358/1233 2926/358/1233
f 4170/388/1233 4177/390/1233 2928/358/1233 2927/358/1233
f 4177/390/1233 4184/393/1233 2929/402/1233 2928/358/1233
f 4184/393/1233 4191/385/1233 2930/402/1233 2929/402/1233
f 4191/385/1233 4198/401/1233 2931/402/1233 2930/402/1233
f 4198/401/1233 2917/404/1233 2440/403/1233 2931/402/1233
f 4197/400/1233 2916/400/1233 2917/404/1233 4198/401/1233
f 4196/392/1233 2915/405/1233 2916/400/1233 4197/400/1233
f 4195/399/1233 2914/406/1233 2915/405/1233 4196/392/1233
f 4194/398/1233 2913/407/1233 2914/406/1233 4195/399/1233
f 4193/397/1233 2912/397/1233 2913/407/1233 4194/398/1233
f 4192/391/1233 2911/391/1233 2912/397/1233 4193/397/1233
f 2918/356/1233 2439/366/1233 2911/391/1233 4192/391/1233
f 2919/356/1233 2918/356/1233 4192/391/1233 4185/391/1233
f 2920/356/1233 2919/356/1233 4185/391/1233 4178/391/1233
f 2921/356/1233 2920/356/1233 4178/391/1233 4171/379/1233
f 2922/356/1233 2921/356/1233 4171/379/1233 4164/365/1233
f 2923/356/1233 2922/356/1233 4164/365/1233 4157/379/1233
f 2924/356/1233 2923/356/1233 4157/379/1233 4150/376/1233
f 4199/391/1233 4206/379/1233 4207/394/1233 4200/408/1233
f 4200/408/1233 4207/394/1233 4208/389/1233 4201/409/1233
f 4201/409/1233 4208/389/1233 4209/362/1233 4202/410/1233
f 4202/410/1233 4209/362/1233 4210/411/1233 4203/405/1233
f 4203/405/1233 4210/411/1233 4211/400/1233 4204/400/1233
f 4204/400/1233 4211/400/1233 4212/412/1233 4205/401/1233
f 4206/379/1233 4213/391/1233 4214/408/1233 4207/394/1233
f 4207/394/1233 4214/408/1233 4215/409/1233 4208/389/1233
f 4208/389/1233 4215/409/1233 4216/399/1233 4209/362/1233
f 4209/362/1233 4216/399/1233 4217/405/1233 4210/411/1233
f 4210/411/1233 4217/405/1233 4218/413/1233 4211/400/1233
f 4211/400/1233 4218/413/1233 4219/414/1233 4212/412/1233
f 4213/391/1233 4220/415/1233 4221/386/1233 4214/408/1233
f 4214/408/1233 4221/386/1233 4222/416/1233 4215/409/1233
f 4215/409/1233 4222/416/1233 4223/417/1233 4216/399/1233
f 4216/399/1233 4223/417/1233 4224/418/1233 4217/405/1233
f 4217/405/1233 4224/418/1233 4225/419/1233 4218/413/1233
f 4218/413/1233 4225/419/1233 4226/401/1233 4219/414/1233
f 4220/415/1233 4227/415/1233 4228/397/1233 4221/386/1233
f 4221/386/1233 4228/397/1233 4229/416/1233 4222/416/1233
f 4222/416/1233 4229/416/1233 4230/406/1233 4223/417/1233
f 4223/417/1233 4230/406/1233 4231/405/1233 4224/418/1233
f 4224/418/1233 4231/405/1233 4232/400/1233 4225/419/1233
f 4225/419/1233 4232/400/1233 4233/420/1233 4226/401/1233
f 4227/415/1233 4234/421/1233 4235/364/1233 4228/397/1233
f 4228/397/1233 4235/364/1233 4236/416/1233 4229/416/1233
f 4229/416/1233 4236/416/1233 4237/399/1233 4230/406/1233
f 4230/406/1233 4237/399/1233 4238/383/1233 4231/405/1233
f 4231/405/1233 4238/383/1233 4239/396/1233 4232/400/1233
f 4232/400/1233 4239/396/1233 4240/385/1233 4233/420/1233
f 4234/421/1233 4241/391/1233 4242/397/1233 4235/364/1233
f 4235/364/1233 4242/397/1233 4243/416/1233 4236/416/1233
f 4236/416/1233 4243/416/1233 4244/406/1233 4237/399/1233
f 4237/399/1233 4244/406/1233 4245/405/1233 4238/383/1233
f 4238/383/1233 4245/405/1233 4246/419/1233 4239/396/1233
f 4239/396/1233 4246/419/1233 4247/385/1233 4240/385/1233
f 2439/366/1233 2945/356/1233 4199/391/1233 2911/391/1233
f 2911/391/1233 4199/391/1233 4200/408/1233 2912/397/1233
f 2912/397/1233 4200/408/1233 4201/409/1233 2913/407/1233
f 2913/407/1233 4201/409/1233 4202/410/1233 2914/406/1233
f 2914/406/1233 4202/410/1233 4203/405/1233 2915/405/1233
f 2915/405/1233 4203/405/1233 4204/400/1233 2916/400/1233
f 2916/400/1233 4204/400/1233 4205/401/1233 2917/404/1233
f 2917/404/1233 4205/401/1233 2946/402/1233 2440/403/1233
f 4205/401/1233 4212/412/1233 2947/402/1233 2946/402/1233
f 4212/412/1233 4219/414/1233 2948/422/1233 2947/402/1233
f 4219/414/1233 4226/401/1233 2949/402/1233 2948/422/1233
f 4226/401/1233 4233/420/1233 2950/358/1233 2949/402/1233
f 4233/420/1233 4240/385/1233 2951/422/1233 2950/358/1233
f 4240/385/1233 4247/385/1233 2952/422/1233 2951/422/1233
f 4247/385/1233 2938/412/1233 2442/403/1233 2952/422/1233
f 4246/419/1233 2937/396/1233 2938/412/1233 4247/385/1233
f 4245/405/1233 2936/383/1233 2937/396/1233 4246/419/1233
f 4244/406/1233 2935/406/1233 2936/383/1233 4245/405/1233
f 4243/416/1233 2934/363/1233 2935/406/1233 4244/406/1233
f 4242/397/1233 2933/397/1233 2934/363/1233 4243/416/1233
f 4241/391/1233 2932/415/1233 2933/397/1233 4242/397/1233
f 2939/356/1233 2441/366/1233 2932/415/1233 4241/391/1233
f 2940/356/1233 2939/356/1233 4241/391/1233 4234/421/1233
f 2941/366/1233 2940/356/1233 4234/421/1233 4227/415/1233
f 2942/356/1233 2941/366/1233 4227/415/1233 4220/415/1233
f 2943/356/1233 2942/356/1233 4220/415/1233 4213/391/1233
f 2944/356/1233 2943/356/1233 4213/391/1233 4206/379/1233
f 2945/356/1233 2944/356/1233 4206/379/1233 4199/391/1233
f 4248/379/1234 4255/415/1234 4256/424/1234 4249/423/1234
f 4249/423/1234 4256/424/1234 4257/409/1234 4250/416/1234
f 4250/416/1234 4257/409/1234 4258/406/1234 4251/406/1234
f 4251/406/1234 4258/406/1234 4259/405/1234 4252/405/1234
f 4252/405/1234 4259/405/1234 4260/396/1234 4253/396/1234
f 4253/396/1234 4260/396/1234 4261/390/1234 4254/404/1234
f 4255/415/1234 4262/415/1234 4263/397/1234 4256/424/1234
f 4256/424/1234 4263/397/1234 4264/416/1234 4257/409/1234
f 4257/409/1234 4264/416/1234 4265/406/1234 4258/406/1234
f 4258/406/1234 4265/406/1234 4266/405/1234 4259/405/1234
f 4259/405/1234 4266/405/1234 4267/425/1234 4260/396/1234
f 4260/396/1234 4267/425/1234 4268/426/1234 4261/390/1234
f 4262/415/1234 4269/421/1234 4270/397/1234 4263/397/1234
f 4263/397/1234 4270/397/1234 4271/427/1234 4264/416/1234
f 4264/416/1234 4271/427/1234 4272/399/1234 4265/406/1234
f 4265/406/1234 4272/399/1234 4273/383/1234 4266/405/1234
f 4266/405/1234 4273/383/1234 4274/400/1234 4267/425/1234
f 4267/425/1234 4274/400/1234 4275/420/1234 4268/426/1234
f 4269/421/1234 4276/421/1234 4277/394/1234 4270/397/1234
f 4270/397/1234 4277/394/1234 4278/428/1234 4271/427/1234
f 4271/427/1234 4278/428/1234 4279/399/1234 4272/399/1234
f 4272/399/1234 4279/399/1234 4280/405/1234 4273/383/1234
f 4273/383/1234 4280/405/1234 4281/396/1234 4274/400/1234
f 4274/400/1234 4281/396/1234 4282/426/1234 4275/420/1234
f 4276/421/1234 4283/415/1234 4284/429/1234 4277/394/1234
f 4277/394/1234 4284/429/1234 4285/416/1234 4278/428/1234
f 4278/428/1234 4285/416/1234 4286/406/1234 4279/399/1234
f 4279/399/1234 4286/406/1234 4287/405/1234 4280/405/1234
f 4280/405/1234 4287/405/1234 4288/396/1234 4281/396/1234
f 4281/396/1234 4288/396/1234 4289/385/1234 4282/426/1234
f 4283/415/1234 4290/379/1234 4291/423/1234 4284/429/1234
f 4284/429/1234 4291/423/1234 4292/407/1234 4285/416/1234
f 4285/416/1234 4292/407/1234 4293/406/1234 4286/406/1234
f 4286/406/1234 4293/406/1234 4294/383/1234 4287/405/1234
f 4287/405/1234 4294/383/1234 4295/396/1234 4288/396/1234
f 4288/396/1234 4295/396/1234 4296/385/1234 4289/385/1234
f 2441/366/1234 2966/356/1234 4248/379/1234 2932/379/1234
f 2932/379/1234 4248/379/1234 4249/423/1234 2933/394/1234
f 2933/394/1234 4249/423/1234 4250/416/1234 2934/407/1234
f 2934/407/1234 4250/416/1234 4251/406/1234 2935/399/1234
f 2935/399/1234 4251/406/1234 4252/405/1234 2936/405/1234
f 2936/405/1234 4252/405/1234 4253/396/1234 2937/396/1234
f 2937/396/1234 4253/396/1234 4254/404/1234 2938/420/1234
f 2938/420/1234 4254/404/1234 2967/422/1234 2442/403/1234
f 4254/404/1234 4261/390/1234 2968/422/1234 2967/422/1234
f 4261/390/1234 4268/426/1234 2969/402/1234 2968/422/1234
f 4268/426/1234 4275/420/1234 2970/403/1234 2969/402/1234
f 4275/420/1234 4282/426/1234 2971/422/1234 2970/403/1234
f 4282/426/1234 4289/385/1234 2972/422/1234 2971/422/1234
f 4289/385/1234 4296/385/1234 2973/422/1234 2972/422/1234
f 4296/385/1234 2959/426/1234 2444/403/1234 2973/422/1234
f 4295/396/1234 2958/400/1234 2959/426/1234 4296/385/1234
f 4294/383/1234 2957/392/1234 2958/400/1234 4295/396/1234
f 4293/406/1234 2956/399/1234 2957/392/1234 4294/383/1234
f 4292/407/1234 2955/407/1234 2956/399/1234 4293/406/1234
f 4291/423/1234 2954/397/1234 2955/407/1234 4292/407/1234
f 4290/379/1234 2953/365/1234 2954/397/1234 4291/423/1234
f 2960/356/1234 2443/366/1234 2953/365/1234 4290/379/1234
f 2961/148/1234 2960/356/1234 4290/379/1234 4283/415/1234
f 2962/356/1234 2961/148/1234 4283/415/1234 4276/421/1234
f 2963/366/1234 2962/356/1234 4276/421/1234 4269/421/1234
f 2964/356/1234 2963/366/1234 4269/421/1234 4262/415/1234
f 2965/366/1234 2964/356/1234 4262/415/1234 4255/415/1234
f 2966/356/1234 2965/366/1234 4255/415/1234 4248/379/1234
f 4297/356/1224 4304/366/1224 4305/356/1224 4298/367/1224
f 4298/367/1224 4305/356/1224 4306/366/1224 4299/356/1224
f 4299/356/1224 4306/366/1224 4307/356/1224 4300/367/1224
f 4300/367/1224 4307/356/1224 4308/366/1224 4301/356/1224
f 4301/356/1224 4308/366/1224 4309/356/1224 4302/356/1224
f 4302/356/1224 4309/356/1224 4310/366/1224 4303/356/1224
f 4304/366/1224 4311/356/1224 4312/366/1224 4305/356/1224
f 4305/356/1224 4312/366/1224 4313/356/1224 4306/366/1224
f 4306/366/1224 4313/356/1224 4314/366/1224 4307/356/1224
f 4307/356/1224 4314/366/1224 4315/356/1224 4308/366/1224
f 4308/366/1224 4315/356/1224 4316/366/1224 4309/356/1224
f 4309/356/1224 4316/366/1224 4317/148/1224 4310/366/1224
f 4311/356/1224 4318/148/1224 4319/366/1224 4312/366/1224
f 4312/366/1224 4319/366/1224 4320/356/1224 4313/356/1224
f 4313/356/1224 4320/356/1224 4321/356/1224 4314/366/1224
f 4314/366/1224 4321/356/1224 4322/356/1224 4315/356/1224
f 4315/356/1224 4322/356/1224 4323/366/1224 4316/366/1224
f 4316/366/1224 4323/366/1224 4324/148/1224 4317/148/1224
f 4318/148/1224 4325/148/1224 4326/356/1224 4319/366/1224
f 4319/366/1224 4326/356/1224 4327/148/1224 4320/356/1224
f 4320/356/1224 4327/148/1224 4328/356/1224 4321/356/1224
f 4321/356/1224 4328/356/1224 4329/148/1224 4322/356/1224
f 4322/356/1224 4329/148/1224 4330/356/1224 4323/366/1224
f 4323/366/1224 4330/356/1224 4331/148/1224 4324/148/1224
f 4325/148/1224 4332/366/1224 4333/356/1224 4326/356/1224
f 4326/356/1224 4333/356/1224 4334/366/1224 4327/148/1224
f 4327/148/1224 4334/366/1224 4335/366/1224 4328/356/1224
f 4328/356/1224 4335/366/1224 4336/366/1224 4329/148/1224
f 4329/148/1224 4336/366/1224 4337/366/1224 4330/356/1224
f 4330/356/1224 4337/366/1224 4338/356/1224 4331/148/1224
f 4332/366/1224 4339/356/1224 4340/356/1224 4333/356/1224
f 4333/356/1224 4340/356/1224 4341/356/1224 4334/366/1224
f 4334/366/1224 4341/356/1224 4342/366/1224 4335/366/1224
f 4335/366/1224 4342/366/1224 4343/148/1224 4336/366/1224
f 4336/366/1224 4343/148/1224 4344/356/1224 4337/366/1224
f 4337/366/1224 4344/356/1224 4345/148/1224 4338/356/1224
f 2412/366/1224 2987/356/1224 4297/356/1224 2924/356/1224
f 2924/356/1224 4297/356/1224 4298/367/1224 2923/356/1224
f 2923/356/1224 4298/367/1224 4299/356/1224 2922/356/1224
f 2922/356/1224 4299/356/1224 4300/367/1224 2921/356/1224
f 2921/356/1224 4300/367/1224 4301/356/1224 2920/356/1224
f 2920/356/1224 4301/356/1224 4302/356/1224 2919/356/1224
f 2919/356/1224 4302/356/1224 4303/356/1224 2918/356/1224
f 2918/356/1224 4303/356/1224 2988/356/1224 2439/366/1224
f 4303/356/1224 4310/366/1224 2989/356/1224 2988/356/1224
f 4310/366/1224 4317/148/1224 2990/356/1224 2989/356/1224
f 4317/148/1224 4324/148/1224 2991/356/1224 2990/356/1224
f 4324/148/1224 4331/148/1224 2992/148/1224 2991/356/1224
f 4331/148/1224 4338/356/1224 2993/356/1224 2992/148/1224
f 4338/356/1224 4345/148/1224 2994/148/1224 2993/356/1224
f 4345/148/1224 2974/356/1224 2446/366/1224 2994/148/1224
f 4344/356/1224 2975/356/1224 2974/356/1224 4345/148/1224
f 4343/148/1224 2976/366/1224 2975/356/1224 4344/356/1224
f 4342/366/1224 2977/356/1224 2976/366/1224 4343/148/1224
f 4341/356/1224 2978/148/1224 2977/356/1224 4342/366/1224
f 4340/356/1224 2979/356/1224 2978/148/1224 4341/356/1224
f 4339/356/1224 2980/148/1224 2979/356/1224 4340/356/1224
f 2981/356/1224 2445/366/1224 2980/148/1224 4339/356/1224
f 2982/356/1224 2981/356/1224 4339/356/1224 4332/366/1224
f 2983/366/1224 2982/356/1224 4332/366/1224 4325/148/1224
f 2984/356/1224 2983/366/1224 4325/148/1224 4318/148/1224
f 2985/356/1224 2984/356/1224 4318/148/1224 4311/356/1224
f 2986/356/1224 2985/356/1224 4311/356/1224 4304/366/1224
f 2987/356/1224 2986/356/1224 4304/366/1224 4297/356/1224
f 4346/402/1224 4353/403/1224 4354/402/1224 4347/430/1224
f 4347/430/1224 4354/402/1224 4355/403/1224 4348/358/1224
f 4348/358/1224 4355/403/1224 4356/357/1224 4349/373/1224
f 4349/373/1224 4356/357/1224 4357/358/1224 4350/358/1224
f 4350/358/1224 4357/358/1224 4358/369/1224 4351/369/1224
f 4351/369/1224 4358/369/1224 4359/358/1224 4352/369/1224
f 4353/403/1224 4360/357/1224 4361/430/1224 4354/402/1224
f 4354/402/1224 4361/430/1224 4362/422/1224 4355/403/1224
f 4355/403/1224 4362/422/1224 4363/358/1224 4356/357/1224
f 4356/357/1224 4363/358/1224 4364/357/1224 4357/358/1224
f 4357/358/1224 4364/357/1224 4365/358/1224 4358/369/1224
f 4358/369/1224 4365/358/1224 4366/371/1224 4359/358/1224
f 4360/357/1224 4367/403/1224 4368/402/1224 4361/430/1224
f 4361/430/1224 4368/402/1224 4369/431/1224 4362/422/1224
f 4362/422/1224 4369/431/1224 4370/369/1224 4363/358/1224
f 4363/358/1224 4370/369/1224 4371/357/1224 4364/357/1224
f 4364/357/1224 4371/357/1224 4372/358/1224 4365/358/1224
f 4365/358/1224 4372/358/1224 4373/371/1224 4366/371/1224
f 4367/403/1224 4374/357/1224 4375/431/1224 4368/402/1224
f 4368/402/1224 4375/431/1224 4376/358/1224 4369/431/1224
f 4369/431/1224 4376/358/1224 4377/358/1224 4370/369/1224
f 4370/369/1224 4377/358/1224 4378/139/1224 4371/357/1224
f 4371/357/1224 4378/139/1224 4379/357/1224 4372/358/1224
f 4372/358/1224 4379/357/1224 4380/139/1224 4373/371/1224
f 4374/357/1224 4381/402/1224 4382/402/1224 4375/431/1224
f 4375/431/1224 4382/402/1224 4383/431/1224 4376/358/1224
f 4376/358/1224 4383/431/1224 4384/373/1224 4377/358/1224
f 4377/358/1224 4384/373/1224 4385/358/1224 4378/139/1224
f 4378/139/1224 4385/358/1224 4386/358/1224 4379/357/1224
f 4379/357/1224 4386/358/1224 4387/369/1224 4380/139/1224
f 4381/402/1224 4388/402/1224 4389/422/1224 4382/402/1224
f 4382/402/1224 4389/422/1224 4390/358/1224 4383/431/1224
f 4383/431/1224 4390/358/1224 4391/358/1224 4384/373/1224
f 4384/373/1224 4391/358/1224 4392/369/1224 4385/358/1224
f 4385/358/1224 4392/369/1224 4393/358/1224 4386/358/1224
f 4386/358/1224 4393/358/1224 4394/139/1224 4387/369/1224
f 2440/403/1224 3008/402/1224 4346/402/1224 2931/402/1224
f 2931/402/1224 4346/402/1224 4347/430/1224 2930/402/1224
f 2930/402/1224 4347/430/1224 4348/358/1224 2929/402/1224
f 2929/402/1224 4348/358/1224 4349/373/1224 2928/358/1224
f 2928/358/1224 4349/373/1224 4350/358/1224 2927/358/1224
f 2927/358/1224 4350/358/1224 4351/369/1224 2926/358/1224
f 2926/358/1224 4351/369/1224 4352/369/1224 2925/357/1224
f 2925/357/1224 4352/369/1224 3009/357/1224 2413/358/1224
f 4352/369/1224 4359/358/1224 3010/357/1224 3009/357/1224
f 4359/358/1224 4366/371/1224 3011/357/1224 3010/357/1224
f 4366/371/1224 4373/371/1224 3012/357/1224 3011/357/1224
f 4373/371/1224 4380/139/1224 3013/139/1224 3012/357/1224
f 4380/139/1224 4387/369/1224 3014/357/1224 3013/139/1224
f 4387/369/1224 4394/139/1224 3015/139/1224 3014/357/1224
f 4394/139/1224 2995/358/1224 2447/358/1224 3015/139/1224
f 4393/358/1224 2996/358/1224 2995/358/1224 4394/139/1224
f 4392/369/1224 2997/358/1224 2996/358/1224 4393/358/1224
f 4391/358/1224 2998/358/1224 2997/358/1224 4392/369/1224
f 4390/358/1224 2999/402/1224 2998/358/1224 4391/358/1224
f 4389/422/1224 3000/402/1224 2999/402/1224 4390/358/1224
f 4388/402/1224 3001/402/1224 3000/402/1224 4389/422/1224
f 3002/402/1224 2448/403/1224 3001/402/1224 4388/402/1224
f 3003/402/1224 3002/402/1224 4388/402/1224 4381/402/1224
f 3004/422/1224 3003/402/1224 4381/402/1224 4374/357/1224
f 3005/402/1224 3004/422/1224 4374/357/1224 4367/403/1224
f 3006/422/1224 3005/402/1224 4367/403/1224 4360/357/1224
f 3007/402/1224 3006/422/1224 4360/357/1224 4353/403/1224
f 3008/402/1224 3007/402/1224 4353/403/1224 4346/402/1224
f 4395/402/1235 4402/403/1235 4403/402/1235 4396/430/1235
f 4396/430/1236 4403/402/1236 4404/432/1236 4397/358/1236
f 4397/358/1237 4404/432/1237 4405/402/1237 4398/430/1237
f 4398/430/1238 4405/402/1238 4406/432/1238 4399/358/1238
f 4399/358/1239 4406/432/1239 4407/402/1239 4400/402/1239
f 4400/402/1240 4407/402/1240 4408/432/1240 4401/433/1240
f 4402/403/1241 4409/357/1241 4410/431/1241 4403/402/1241
f 4403/402/1242 4410/431/1242 4411/422/1242 4404/432/1242
f 4404/432/1243 4411/422/1243 4412/431/1243 4405/402/1243
f 4405/402/1244 4412/431/1244 4413/422/1244 4406/432/1244
f 4406/432/1245 4413/422/1245 4414/431/1245 4407/402/1245
f 4407/402/1246 4414/431/1246 4415/422/1246 4408/432/1246
f 4409/357/1247 4416/373/1247 4417/403/1247 4410/431/1247
f 4410/431/1248 4417/403/1248 4418/402/1248 4411/422/1248
f 4411/422/1249 4418/402/1249 4419/402/1249 4412/431/1249
f 4412/431/1250 4419/402/1250 4420/432/1250 4413/422/1250
f 4413/422/1251 4420/432/1251 4421/402/1251 4414/431/1251
f 4414/431/1252 4421/402/1252 4422/432/1252 4415/422/1252
f 4416/373/1253 4423/422/1253 4424/403/1253 4417/403/1253
f 4417/403/1254 4424/403/1254 4425/402/1254 4418/402/1254
f 4418/402/1255 4425/402/1255 4426/431/1255 4419/402/1255
f 4419/402/1256 4426/431/1256 4427/422/1256 4420/432/1256
f 4420/432/1257 4427/422/1257 4428/431/1257 4421/402/1257
f 4421/402/1258 4428/431/1258 4429/422/1258 4422/432/1258
f 4423/422/1259 4430/403/1259 4431/373/1259 4424/403/1259
f 4424/403/1260 4431/373/1260 4432/422/1260 4425/402/1260
f 4425/402/1261 4432/422/1261 4433/402/1261 4426/431/1261
f 4426/431/1262 4433/402/1262 4434/432/1262 4427/422/1262
f 4427/422/1263 4434/432/1263 4435/402/1263 4428/431/1263
f 4428/431/1264 4435/402/1264 4436/433/1264 4429/422/1264
f 4430/403/1265 4437/358/1265 4438/422/1265 4431/373/1265
f 4431/373/1266 4438/422/1266 4439/422/1266 4432/422/1266
f 4432/422/1267 4439/422/1267 4440/422/1267 4433/402/1267
f 4433/402/1268 4440/422/1268 4441/402/1268 4434/432/1268
f 4434/432/1269 4441/402/1269 4442/402/1269 4435/402/1269
f 4435/402/1270 4442/402/1270 4443/357/1270 4436/433/1270
f 2440/403/1271 3036/402/1271 4395/402/1271 3008/402/1271
f 3008/402/1272 4395/402/1272 4396/430/1272 3007/402/1272
f 3007/402/1273 4396/430/1273 4397/358/1273 3006/422/1273
f 3006/422/1274 4397/358/1274 4398/430/1274 3005/402/1274
f 3005/402/1275 4398/430/1275 4399/358/1275 3004/422/1275
f 3004/422/1276 4399/358/1276 4400/402/1276 3003/402/1276
f 3003/402/1277 4400/402/1277 4401/433/1277 3002/422/1277
f 3002/422/1278 4401/433/1278 3037/433/1278 2448/358/1278
f 4401/433/1279 4408/432/1279 3038/433/1279 3037/433/1279
f 4408/432/1280 4415/422/1280 3039/430/1280 3038/433/1280
f 4415/422/1281 4422/432/1281 3040/433/1281 3039/430/1281
f 4422/432/1282 4429/422/1282 3041/373/1282 3040/433/1282
f 4429/422/1283 4436/433/1283 3042/402/1283 3041/373/1283
f 4436/433/1284 4443/357/1284 3043/422/1284 3042/402/1284
f 4443/357/1285 3023/422/1285 2452/358/1285 3043/422/1285
f 4442/402/1286 3024/402/1286 3023/422/1286 4443/357/1286
f 4441/402/1287 3025/422/1287 3024/402/1287 4442/402/1287
f 4440/422/1288 3026/402/1288 3025/422/1288 4441/402/1288
f 4439/422/1289 3027/358/1289 3026/402/1289 4440/422/1289
f 4438/422/1290 3028/422/1290 3027/358/1290 4439/422/1290
f 4437/358/1291 3029/373/1291 3028/422/1291 4438/422/1291
f 3030/403/1292 2450/403/1292 3029/373/1292 4437/358/1292
f 3031/422/1293 3030/403/1293 4437/358/1293 4430/403/1293
f 3032/422/1294 3031/422/1294 4430/403/1294 4423/422/1294
f 3033/402/1295 3032/422/1295 4423/422/1295 4416/373/1295
f 3034/422/1296 3033/402/1296 4416/373/1296 4409/357/1296
f 3035/402/1297 3034/422/1297 4409/357/1297 4402/403/1297
f 3036/402/1298 3035/402/1298 4402/403/1298 4395/402/1298
f 4444/148/1224 4451/367/1224 4452/148/1224 4445/367/1224
f 4445/367/1224 4452/148/1224 4453/366/1224 4446/148/1224
f 4446/148/1224 4453/366/1224 4454/356/1224 4447/367/1224
f 4447/367/1224 4454/356/1224 4455/366/1224 4448/356/1224
f 4448/356/1224 4455/366/1224 4456/356/1224 4449/356/1224
f 4449/356/1224 4456/356/1224 4457/366/1224 4450/356/1224
f 4451/367/1224 4458/148/1224 4459/366/1224 4452/148/1224
f 4452/148/1224 4459/366/1224 4460/356/1224 4453/366/1224
f 4453/366/1224 4460/356/1224 4461/366/1224 4454/356/1224
f 4454/356/1224 4461/366/1224 4462/356/1224 4455/366/1224
f 4455/366/1224 4462/356/1224 4463/366/1224 4456/356/1224
f 4456/356/1224 4463/366/1224 4464/148/1224 4457/366/1224
f 4458/148/1224 4465/366/1224 4466/356/1224 4459/366/1224
f 4459/366/1224 4466/356/1224 4467/366/1224 4460/356/1224
f 4460/356/1224 4467/366/1224 4468/356/1224 4461/366/1224
f 4461/366/1224 4468/356/1224 4469/356/1224 4462/356/1224
f 4462/356/1224 4469/356/1224 4470/366/1224 4463/366/1224
f 4463/366/1224 4470/366/1224 4471/148/1224 4464/148/1224
f 4465/366/1224 4472/356/1224 4473/366/1224 4466/356/1224
f 4466/356/1224 4473/366/1224 4474/356/1224 4467/366/1224
f 4467/366/1224 4474/356/1224 4475/356/1224 4468/356/1224
f 4468/356/1224 4475/356/1224 4476/148/1224 4469/356/1224
f 4469/356/1224 4476/148/1224 4477/356/1224 4470/366/1224
f 4470/366/1224 4477/356/1224 4478/148/1224 4471/148/1224
f 4472/356/1224 4479/356/1224 4480/356/1224 4473/366/1224
f 4473/366/1224 4480/356/1224 4481/366/1224 4474/356/1224
f 4474/356/1224 4481/366/1224 4482/366/1224 4475/356/1224
f 4475/356/1224 4482/366/1224 4483/366/1224 4476/148/1224
f 4476/148/1224 4483/366/1224 4484/366/1224 4477/356/1224
f 4477/356/1224 4484/366/1224 4485/356/1224 4478/148/1224
f 4479/356/1224 4486/356/1224 4487/366/1224 4480/356/1224
f 4480/356/1224 4487/366/1224 4488/356/1224 4481/366/1224
f 4481/366/1224 4488/356/1224 4489/366/1224 4482/366/1224
f 4482/366/1224 4489/366/1224 4490/148/1224 4483/366/1224
f 4483/366/1224 4490/148/1224 4491/356/1224 4484/366/1224
f 4484/366/1224 4491/356/1224 4492/148/1224 4485/356/1224
f 2446/366/1224 3050/356/1224 4444/148/1224 2994/148/1224
f 2994/148/1224 4444/148/1224 4445/367/1224 2993/356/1224
f 2993/356/1224 4445/367/1224 4446/148/1224 2992/148/1224
f 2992/148/1224 4446/148/1224 4447/367/1224 2991/356/1224
f 2991/356/1224 4447/367/1224 4448/356/1224 2990/356/1224
f 2990/356/1224 4448/356/1224 4449/356/1224 2989/356/1224
f 2989/356/1224 4449/356/1224 4450/356/1224 2988/356/1224
f 2988/356/1224 4450/356/1224 3051/356/1224 2439/366/1224
f 4450/356/1224 4457/366/1224 3052/356/1224 3051/356/1224
f 4457/366/1224 4464/148/1224 3053/356/1224 3052/356/1224
f 4464/148/1224 4471/148/1224 3054/356/1224 3053/356/1224
f 4471/148/1224 4478/148/1224 3055/148/1224 3054/356/1224
f 4478/148/1224 4485/356/1224 3056/356/1224 3055/148/1224
f 4485/356/1224 4492/148/1224 3057/148/1224 3056/356/1224
f 4492/148/1224 3016/356/1224 2449/366/1224 3057/148/1224
f 4491/356/1224 3017/356/1224 3016/356/1224 4492/148/1224
f 4490/148/1224 3018/366/1224 3017/356/1224 4491/356/1224
f 4489/366/1224 3019/356/1224 3018/366/1224 4490/148/1224
f 4488/356/1224 3020/356/1224 3019/356/1224 4489/366/1224
f 4487/366/1224 3021/356/1224 3020/356/1224 4488/356/1224
f 4486/356/1224 3022/356/1224 3021/356/1224 4487/366/1224
f 3044/356/1224 2451/366/1224 3022/356/1224 4486/356/1224
f 3045/356/1224 3044/356/1224 4486/356/1224 4479/356/1224
f 3046/356/1224 3045/356/1224 4479/356/1224 4472/356/1224
f 3047/356/1224 3046/356/1224 4472/356/1224 4465/366/1224
f 3048/366/1224 3047/356/1224 4465/366/1224 4458/148/1224
f 3049/356/1224 3048/366/1224 4458/148/1224 4451/367/1224
f 3050/356/1224 3049/356/1224 4451/367/1224 4444/148/1224
f 4493/433/535 4500/432/535 4501/374/535 4494/432/535
f 4494/432/535 4501/374/535 4502/422/535 4495/422/535
f 4495/422/535 4502/422/535 4503/402/535 4496/430/535
f 4496/430/535 4503/402/535 4504/432/535 4497/358/535
f 4497/358/535 4504/432/535 4505/402/535 4498/402/535
f 4498/402/535 4505/402/535 4506/430/535 4499/402/535
f 4500/432/1299 4507/422/1299 4508/403/1299 4501/374/1299
f 4501/374/535 4508/403/535 4509/358/535 4502/422/535
f 4502/422/1300 4509/358/1300 4510/431/1300 4503/402/1300
f 4503/402/535 4510/431/535 4511/422/535 4504/432/535
f 4504/432/535 4511/422/535 4512/431/535 4505/402/535
f 4505/402/535 4512/431/535 4513/433/535 4506/430/535
f 4507/422/1299 4514/373/1299 4515/403/1299 4508/403/1299
f 4508/403/535 4515/403/535 4516/402/535 4509/358/535
f 4509/358/535 4516/402/535 4517/402/535 4510/431/535
f 4510/431/535 4517/402/535 4518/358/535 4511/422/535
f 4511/422/535 4518/358/535 4519/430/535 4512/431/535
f 4512/431/535 4519/430/535 4520/402/535 4513/433/535
f 4514/373/535 4521/422/535 4522/403/535 4515/403/535
f 4515/403/1299 4522/403/1299 4523/402/1299 4516/402/1299
f 4516/402/535 4523/402/535 4524/373/535 4517/402/535
f 4517/402/1300 4524/373/1300 4525/422/1300 4518/358/1300
f 4518/358/535 4525/422/535 4526/358/535 4519/430/535
f 4519/430/535 4526/358/535 4527/422/535 4520/402/535
f 4521/422/535 4528/403/535 4529/373/535 4522/403/535
f 4522/403/535 4529/373/535 4530/422/535 4523/402/535
f 4523/402/535 4530/422/535 4531/422/535 4524/373/535
f 4524/373/535 4531/422/535 4532/422/535 4525/422/535
f 4525/422/535 4532/422/535 4533/402/535 4526/358/535
f 4526/358/535 4533/402/535 4534/422/535 4527/422/535
f 4528/403/535 4535/358/535 4536/422/535 4529/373/535
f 4529/373/535 4536/422/535 4537/422/535 4530/422/535
f 4530/422/535 4537/422/535 4538/403/535 4531/422/535
f 4531/422/535 4538/403/535 4539/422/535 4532/422/535
f 4532/422/535 4539/422/535 4540/403/535 4533/402/535
f 4533/402/535 4540/403/535 4541/402/535 4534/422/535
f 2450/403/535 3078/403/535 4493/433/535 3029/373/535
f 3029/373/535 4493/433/535 4494/432/535 3028/422/535
f 3028/422/535 4494/432/535 4495/422/535 3027/358/535
f 3027/358/535 4495/422/535 4496/430/535 3026/402/535
f 3026/402/535 4496/430/535 4497/358/535 3025/422/535
f 3025/422/535 4497/358/535 4498/402/535 3024/402/535
f 3024/402/535 4498/402/535 4499/402/535 3023/402/535
f 3023/402/535 4499/402/535 3079/402/535 2452/403/535
f 4499/402/535 4506/430/535 3080/402/535 3079/402/535
f 4506/430/535 4513/433/535 3081/422/535 3080/402/535
f 4513/433/535 4520/402/535 3082/402/535 3081/422/535
f 4520/402/535 4527/422/535 3083/358/535 3082/402/535
f 4527/422/535 4534/422/535 3084/422/535 3083/358/535
f 4534/422/535 4541/402/535 3085/422/535 3084/422/535
f 4541/402/535 3065/403/535 2456/403/535 3085/422/535
f 4540/403/535 3066/422/535 3065/403/535 4541/402/535
f 4539/422/535 3067/422/535 3066/422/535 4540/403/535
f 4538/403/535 3068/402/535 3067/422/535 4539/422/535
f 4537/422/535 3069/358/535 3068/402/535 4538/403/535
f 4536/422/535 3070/422/535 3069/358/535 4537/422/535
f 4535/358/535 3071/373/535 3070/422/535 4536/422/535
f 3072/403/535 2454/403/535 3071/373/535 4535/358/535
f 3073/422/535 3072/403/535 4535/358/535 4528/403/535
f 3074/422/535 3073/422/535 4528/403/535 4521/422/535
f 3075/402/535 3074/422/535 4521/422/535 4514/373/535
f 3076/422/535 3075/402/535 4514/373/535 4507/422/535
f 3077/422/535 3076/422/535 4507/422/535 4500/432/535
f 3078/403/535 3077/422/535 4500/432/535 4493/433/535
f 4542/356/535 4549/366/535 4550/356/535 4543/367/535
f 4543/367/1300 4550/356/1300 4551/366/1300 4544/356/1300
f 4544/356/535 4551/366/535 4552/367/535 4545/148/535
f 4545/148/535 4552/367/535 4553/356/535 4546/148/535
f 4546/148/535 4553/356/535 4554/368/535 4547/366/535
f 4547/366/535 4554/368/535 4555/366/535 4548/368/535
f 4549/366/535 4556/356/535 4557/366/535 4550/356/535
f 4550/356/535 4557/366/535 4558/356/535 4551/366/535
f 4551/366/1299 4558/356/1299 4559/356/1299 4552/367/1299
f 4552/367/535 4559/356/535 4560/148/535 4553/356/535
f 4553/356/535 4560/148/535 4561/366/535 4554/368/535
f 4554/368/1299 4561/366/1299 4562/356/1299 4555/366/1299
f 4556/356/535 4563/148/535 4564/366/535 4557/366/535
f 4557/366/1299 4564/366/1299 4565/356/1299 4558/356/1299
f 4558/356/535 4565/356/535 4566/356/535 4559/356/535
f 4559/356/535 4566/356/535 4567/356/535 4560/148/535
f 4560/148/535 4567/356/535 4568/366/535 4561/366/535
f 4561/366/535 4568/366/535 4569/148/535 4562/356/535
f 4563/148/535 4570/148/535 4571/356/535 4564/366/535
f 4564/366/1299 4571/356/1299 4572/148/1299 4565/356/1299
f 4565/356/535 4572/148/535 4573/356/535 4566/356/535
f 4566/356/535 4573/356/535 4574/148/535 4567/356/535
f 4567/356/535 4574/148/535 4575/356/535 4568/366/535
f 4568/366/535 4575/356/535 4576/148/535 4569/148/535
f 4570/148/535 4577/366/535 4578/356/535 4571/356/535
f 4571/356/535 4578/356/535 4579/366/535 4572/148/535
f 4572/148/535 4579/366/535 4580/366/535 4573/356/535
f 4573/356/535 4580/366/535 4581/366/535 4574/148/535
f 4574/148/535 4581/366/535 4582/366/535 4575/356/535
f 4575/356/535 4582/366/535 4583/356/535 4576/148/535
f 4577/366/535 4584/356/535 4585/356/535 4578/356/535
f 4578/356/535 4585/356/535 4586/356/535 4579/366/535
f 4579/366/535 4586/356/535 4587/366/535 4580/366/535
f 4580/366/535 4587/366/535 4588/148/535 4581/366/535
f 4581/366/535 4588/148/535 4589/356/535 4582/366/535
f 4582/366/535 4589/356/535 4590/148/535 4583/356/535
f 2451/366/535 3092/356/535 4542/356/535 3022/356/535
f 3022/356/535 4542/356/535 4543/367/535 3021/356/535
f 3021/356/535 4543/367/535 4544/356/535 3020/356/535
f 3020/356/1300 4544/356/1300 4545/148/1300 3019/356/1300
f 3019/356/1299 4545/148/1299 4546/148/1299 3018/148/1299
f 3018/148/535 4546/148/535 4547/366/535 3017/356/535
f 3017/356/535 4547/366/535 4548/368/535 3016/148/535
f 3016/148/535 4548/368/535 3093/356/535 2449/366/535
f 4548/368/535 4555/366/535 3094/356/535 3093/356/535
f 4555/366/535 4562/356/535 3095/366/535 3094/356/535
f 4562/356/535 4569/148/535 3096/356/535 3095/366/535
f 4569/148/535 4576/148/535 3097/148/535 3096/356/535
f 4576/148/535 4583/356/535 3098/356/535 3097/148/535
f 4583/356/535 4590/148/535 3099/148/535 3098/356/535
f 4590/148/535 3058/356/535 2453/366/535 3099/148/535
f 4589/356/535 3059/356/535 3058/356/535 4590/148/535
f 4588/148/535 3060/366/535 3059/356/535 4589/356/535
f 4587/366/1299 3061/356/1299 3060/366/1299 4588/148/1299
f 4586/356/1300 3062/148/1300 3061/356/1300 4587/366/1300
f 4585/356/535 3063/356/535 3062/148/535 4586/356/535
f 4584/356/535 3064/148/535 3063/356/535 4585/356/535
f 3086/356/535 2455/366/535 3064/148/535 4584/356/535
f 3087/356/535 3086/356/535 4584/356/535 4577/366/535
f 3088/366/535 3087/356/535 4577/366/535 4570/148/535
f 3089/356/535 3088/366/535 4570/148/535 4563/148/535
f 3090/356/535 3089/356/535 4563/148/535 4556/356/535
f 3091/356/535 3090/356/535 4556/356/535 4549/366/535
f 3092/356/1299 3091/356/1299 4549/366/1299 4542/356/1299
f 4591/366/554 4598/148/554 4599/148/554 4592/148/554
f 4592/148/554 4599/148/554 4600/148/554 4593/366/554
f 4593/366/554 4600/148/554 4601/148/554 4594/366/554
f 4594/366/554 4601/148/554 4602/148/554 4595/366/554
f 4595/366/554 4602/148/554 4603/148/554 4596/356/554
f 4596/356/554 4603/148/554 4604/148/554 4597/356/554
f 4598/148/554 4605/148/554 4606/366/554 4599/148/554
f 4599/148/554 4606/366/554 4607/366/554 4600/148/554
f 4600/148/554 4607/366/554 4608/148/554 4601/148/554
f 4601/148/554 4608/148/554 4609/366/554 4602/148/554
f 4602/148/554 4609/366/554 4610/366/554 4603/148/554
f 4603/148/554 4610/366/554 4611/366/554 4604/148/554
f 4605/148/554 4612/366/554 4613/366/554 4606/366/554
f 4606/366/554 4613/366/554 4614/366/554 4607/366/554
f 4607/366/554 4614/366/554 4615/366/554 4608/148/554
f 4608/148/554 4615/366/554 4616/366/554 4609/366/554
f 4609/366/554 4616/366/554 4617/366/554 4610/366/554
f 4610/366/554 4617/366/554 4618/366/554 4611/366/554
f 4612/366/554 4619/366/554 4620/148/554 4613/366/554
f 4613/366/554 4620/148/554 4621/366/554 4614/366/554
f 4614/366/554 4621/366/554 4622/366/554 4615/366/554
f 4615/366/554 4622/366/554 4623/366/554 4616/366/554
f 4616/366/554 4623/366/554 4624/148/554 4617/366/554
f 4617/366/554 4624/148/554 4625/366/554 4618/366/554
f 4619/366/554 4626/148/554 4627/148/554 4620/148/554
f 4620/148/554 4627/148/554 4628/356/554 4621/366/554
f 4621/366/554 4628/356/554 4629/366/554 4622/366/554
f 4622/366/554 4629/366/554 4630/366/554 4623/366/554
f 4623/366/554 4630/366/554 4631/356/554 4624/148/554
f 4624/148/554 4631/356/554 4632/356/554 4625/366/554
f 4626/148/554 4633/366/554 4634/148/554 4627/148/554
f 4627/148/554 4634/148/554 4635/366/554 4628/356/554
f 4628/356/554 4635/366/554 4636/366/554 4629/366/554
f 4629/366/554 4636/366/554 4637/366/554 4630/366/554
f 4630/366/554 4637/366/554 4638/366/554 4631/356/554
f 4631/356/554 4638/366/554 4639/148/554 4632/356/554
f 2445/366/554 3134/356/554 4591/366/554 2980/366/554
f 2980/366/554 4591/366/554 4592/148/554 2979/148/554
f 2979/148/554 4592/148/554 4593/366/554 2978/366/554
f 2978/366/554 4593/366/554 4594/366/554 2977/366/554
f 2977/366/554 4594/366/554 4595/366/554 2976/366/554
f 2976/366/554 4595/366/554 4596/356/554 2975/148/554
f 2975/148/554 4596/356/554 4597/356/554 2974/366/554
f 2974/366/554 4597/356/554 3135/356/554 2446/366/554
f 4597/356/554 4604/148/554 3136/366/554 3135/356/554
f 4604/148/554 4611/366/554 3137/356/554 3136/366/554
f 4611/366/554 4618/366/554 3138/366/554 3137/356/554
f 4618/366/554 4625/366/554 3139/366/554 3138/366/554
f 4625/366/554 4632/356/554 3140/366/554 3139/366/554
f 4632/356/554 4639/148/554 3141/356/554 3140/366/554
f 4639/148/554 3100/356/554 2458/366/554 3141/356/554
f 4638/366/554 3101/366/554 3100/356/554 4639/148/554
f 4637/366/554 3102/356/554 3101/366/554 4638/366/554
f 4636/366/554 3103/366/554 3102/356/554 4637/366/554
f 4635/366/554 3104/366/554 3103/366/554 4636/366/554
f 4634/148/554 3105/366/554 3104/366/554 4635/366/554
f 4633/366/554 3106/356/554 3105/366/554 4634/148/554
f 3128/356/554 2457/366/554 3106/356/554 4633/366/554
f 3129/148/554 3128/356/554 4633/366/554 4626/148/554
f 3130/356/554 3129/148/554 4626/148/554 4619/366/554
f 3131/366/554 3130/356/554 4619/366/554 4612/366/554
f 3132/356/554 3131/366/554 4612/366/554 4605/148/554
f 3133/366/554 3132/356/554 4605/148/554 4598/148/554
f 3134/356/554 3133/366/554 4598/148/554 4591/366/554
f 4640/402/1301 4647/403/1301 4648/402/1301 4641/431/1301
f 4641/431/1302 4648/402/1302 4649/432/1302 4642/402/1302
f 4642/402/1303 4649/432/1303 4650/402/1303 4643/430/1303
f 4643/430/1304 4650/402/1304 4651/432/1304 4644/402/1304
f 4644/402/1305 4651/432/1305 4652/402/1305 4645/402/1305
f 4645/402/1306 4652/402/1306 4653/430/1306 4646/402/1306
f 4647/403/1307 4654/357/1307 4655/431/1307 4648/402/1307
f 4648/402/1308 4655/431/1308 4656/422/1308 4649/432/1308
f 4649/432/1309 4656/422/1309 4657/431/1309 4650/402/1309
f 4650/402/1310 4657/431/1310 4658/422/1310 4651/432/1310
f 4651/432/1311 4658/422/1311 4659/431/1311 4652/402/1311
f 4652/402/1312 4659/431/1312 4660/433/1312 4653/430/1312
f 4654/357/1313 4661/373/1313 4662/403/1313 4655/431/1313
f 4655/431/1314 4662/403/1314 4663/402/1314 4656/422/1314
f 4656/422/1315 4663/402/1315 4664/402/1315 4657/431/1315
f 4657/431/1316 4664/402/1316 4665/358/1316 4658/422/1316
f 4658/422/1317 4665/358/1317 4666/430/1317 4659/431/1317
f 4659/431/1318 4666/430/1318 4667/402/1318 4660/433/1318
f 4661/373/1319 4668/422/1319 4669/403/1319 4662/403/1319
f 4662/403/1320 4669/403/1320 4670/402/1320 4663/402/1320
f 4663/402/1321 4670/402/1321 4671/373/1321 4664/402/1321
f 4664/402/1322 4671/373/1322 4672/422/1322 4665/358/1322
f 4665/358/1323 4672/422/1323 4673/358/1323 4666/430/1323
f 4666/430/1324 4673/358/1324 4674/422/1324 4667/402/1324
f 4668/422/1325 4675/403/1325 4676/373/1325 4669/403/1325
f 4669/403/1326 4676/373/1326 4677/422/1326 4670/402/1326
f 4670/402/1327 4677/422/1327 4678/422/1327 4671/373/1327
f 4671/373/1328 4678/422/1328 4679/422/1328 4672/422/1328
f 4672/422/1329 4679/422/1329 4680/402/1329 4673/358/1329
f 4673/358/1330 4680/402/1330 4681/422/1330 4674/422/1330
f 4675/403/1331 4682/358/1331 4683/422/1331 4676/373/1331
f 4676/373/1332 4683/422/1332 4684/422/1332 4677/422/1332
f 4677/422/1333 4684/422/1333 4685/403/1333 4678/422/1333
f 4678/422/1334 4685/403/1334 4686/422/1334 4679/422/1334
f 4679/422/1335 4686/422/1335 4687/403/1335 4680/402/1335
f 4680/402/1336 4687/403/1336 4688/402/1336 4681/422/1336
f 2452/358/1337 3148/402/1337 4640/402/1337 3043/433/1337
f 3043/433/1338 4640/402/1338 4641/431/1338 3042/402/1338
f 3042/402/1339 4641/431/1339 4642/402/1339 3041/403/1339
f 3041/403/1340 4642/402/1340 4643/430/1340 3040/402/1340
f 3040/402/1341 4643/430/1341 4644/402/1341 3039/403/1341
f 3039/403/1342 4644/402/1342 4645/402/1342 3038/433/1342
f 3038/433/1343 4645/402/1343 4646/402/1343 3037/403/1343
f 3037/403/1344 4646/402/1344 3149/402/1344 2448/358/1344
f 4646/402/1345 4653/430/1345 3150/402/1345 3149/402/1345
f 4653/430/1346 4660/433/1346 3151/422/1346 3150/402/1346
f 4660/433/1347 4667/402/1347 3152/402/1347 3151/422/1347
f 4667/402/1348 4674/422/1348 3153/358/1348 3152/402/1348
f 4674/422/1349 4681/422/1349 3154/422/1349 3153/358/1349
f 4681/422/1350 4688/402/1350 3155/422/1350 3154/422/1350
f 4688/402/1351 3114/403/1351 2460/403/1351 3155/422/1351
f 4687/403/1352 3115/422/1352 3114/403/1352 4688/402/1352
f 4686/422/1353 3116/422/1353 3115/422/1353 4687/403/1353
f 4685/403/1354 3117/402/1354 3116/422/1354 4686/422/1354
f 4684/422/1354 3118/358/1354 3117/402/1354 4685/403/1354
f 4683/422/1355 3119/422/1355 3118/358/1355 4684/422/1355
f 4682/358/1356 3120/373/1356 3119/422/1356 4683/422/1356
f 3142/403/1357 2462/403/1357 3120/373/1357 4682/358/1357
f 3143/422/1358 3142/403/1358 4682/358/1358 4675/403/1358
f 3144/422/1359 3143/422/1359 4675/403/1359 4668/422/1359
f 3145/402/1360 3144/422/1360 4668/422/1360 4661/373/1360
f 3146/422/1361 3145/402/1361 4661/373/1361 4654/357/1361
f 3147/402/1362 3146/422/1362 4654/357/1362 4647/403/1362
f 3148/402/1363 3147/402/1363 4647/403/1363 4640/402/1363
f 4689/402/550 4696/403/550 4697/402/550 4690/430/550
f 4690/430/550 4697/402/550 4698/403/550 4691/358/550
f 4691/358/550 4698/403/550 4699/373/550 4692/371/550
f 4692/371/550 4699/373/550 4700/358/550 4693/357/550
f 4693/357/550 4700/358/550 4701/357/550 4694/358/550
f 4694/358/550 4701/357/550 4702/358/550 4695/372/550
f 4696/403/550 4703/357/550 4704/430/550 4697/402/550
f 4697/402/550 4704/430/550 4705/422/550 4698/403/550
f 4698/403/550 4705/422/550 4706/358/550 4699/373/550
f 4699/373/550 4706/358/550 4707/374/550 4700/358/550
f 4700/358/550 4707/374/550 4708/358/550 4701/357/550
f 4701/357/550 4708/358/550 4709/369/550 4702/358/550
f 4703/357/550 4710/373/550 4711/403/550 4704/430/550
f 4704/430/550 4711/403/550 4712/358/550 4705/422/550
f 4705/422/550 4712/358/550 4713/369/550 4706/358/550
f 4706/358/550 4713/369/550 4714/357/550 4707/374/550
f 4707/374/550 4714/357/550 4715/358/550 4708/358/550
f 4708/358/550 4715/358/550 4716/371/550 4709/369/550
f 4710/373/550 4717/402/550 4718/403/550 4711/403/550
f 4711/403/550 4718/403/550 4719/358/550 4712/358/550
f 4712/358/550 4719/358/550 4720/358/550 4713/369/550
f 4713/369/550 4720/358/550 4721/139/550 4714/357/550
f 4714/357/550 4721/139/550 4722/357/550 4715/358/550
f 4715/358/550 4722/357/550 4723/139/550 4716/371/550
f 4717/402/550 4724/403/550 4725/358/550 4718/403/550
f 4718/403/550 4725/358/550 4726/358/550 4719/358/550
f 4719/358/550 4726/358/550 4727/373/550 4720/358/550
f 4720/358/550 4727/373/550 4728/358/550 4721/139/550
f 4721/139/550 4728/358/550 4729/358/550 4722/357/550
f 4722/357/550 4729/358/550 4730/369/550 4723/139/550
f 4724/403/550 4731/358/550 4732/422/550 4725/358/550
f 4725/358/550 4732/422/550 4733/358/550 4726/358/550
f 4726/358/550 4733/358/550 4734/358/550 4727/373/550
f 4727/373/550 4734/358/550 4735/369/550 4728/358/550
f 4728/358/550 4735/369/550 4736/358/550 4729/358/550
f 4729/358/550 4736/358/550 4737/139/550 4730/369/550
f 2448/403/550 3149/402/550 4689/402/550 3001/402/550
f 3001/402/550 4689/402/550 4690/430/550 3000/402/550
f 3000/402/550 4690/430/550 4691/358/550 2999/402/550
f 2999/402/550 4691/358/550 4692/371/550 2998/358/550
f 2998/358/550 4692/371/550 4693/357/550 2997/374/550
f 2997/374/550 4693/357/550 4694/358/550 2996/358/550
f 2996/358/550 4694/358/550 4695/372/550 2995/139/550
f 2995/139/550 4695/372/550 3156/357/550 2447/358/550
f 4695/372/550 4702/358/550 3157/357/550 3156/357/550
f 4702/358/550 4709/369/550 3158/358/550 3157/357/550
f 4709/369/550 4716/371/550 3159/357/550 3158/358/550
f 4716/371/550 4723/139/550 3160/139/550 3159/357/550
f 4723/139/550 4730/369/550 3161/357/550 3160/139/550
f 4730/369/550 4737/139/550 3162/139/550 3161/357/550
f 4737/139/550 3107/358/550 2459/358/550 3162/139/550
f 4736/358/550 3108/358/550 3107/358/550 4737/139/550
f 4735/369/550 3109/358/550 3108/358/550 4736/358/550
f 4734/358/550 3110/358/550 3109/358/550 4735/369/550
f 4733/358/550 3111/374/550 3110/358/550 4734/358/550
f 4732/422/550 3112/358/550 3111/374/550 4733/358/550
f 4731/358/550 3113/358/550 3112/358/550 4732/422/550
f 3155/403/550 2460/403/550 3113/358/550 4731/358/550
f 3154/422/550 3155/403/550 4731/358/550 4724/403/550
f 3153/422/550 3154/422/550 4724/403/550 4717/402/550
f 3152/402/550 3153/422/550 4717/402/550 4710/373/550
f 3151/422/550 3152/402/550 4710/373/550 4703/357/550
f 3150/402/550 3151/422/550 4703/357/550 4696/403/550
f 3149/402/550 3150/402/550 4696/403/550 4689/402/550
f 4738/148/554 4745/367/554 4746/148/554 4739/367/554
f 4739/367/554 4746/148/554 4747/366/554 4740/148/554
f 4740/148/554 4747/366/554 4748/356/554 4741/367/554
f 4741/367/554 4748/356/554 4749/366/554 4742/356/554
f 4742/356/554 4749/366/554 4750/356/554 4743/356/554
f 4743/356/554 4750/356/554 4751/366/554 4744/356/554
f 4745/367/554 4752/148/554 4753/366/554 4746/148/554
f 4746/148/554 4753/366/554 4754/356/554 4747/366/554
f 4747/366/554 4754/356/554 4755/366/554 4748/356/554
f 4748/356/554 4755/366/554 4756/356/554 4749/366/554
f 4749/366/554 4756/356/554 4757/366/554 4750/356/554
f 4750/356/554 4757/366/554 4758/148/554 4751/366/554
f 4752/148/554 4759/148/554 4760/366/554 4753/366/554
f 4753/366/554 4760/366/554 4761/356/554 4754/356/554
f 4754/356/554 4761/356/554 4762/356/554 4755/366/554
f 4755/366/554 4762/356/554 4763/356/554 4756/356/554
f 4756/356/554 4763/356/554 4764/366/554 4757/366/554
f 4757/366/554 4764/366/554 4765/148/554 4758/148/554
f 4759/148/554 4766/148/554 4767/356/554 4760/366/554
f 4760/366/554 4767/356/554 4768/148/554 4761/356/554
f 4761/356/554 4768/148/554 4769/356/554 4762/356/554
f 4762/356/554 4769/356/554 4770/148/554 4763/356/554
f 4763/356/554 4770/148/554 4771/356/554 4764/366/554
f 4764/366/554 4771/356/554 4772/148/554 4765/148/554
f 4766/148/554 4773/366/554 4774/356/554 4767/356/554
f 4767/356/554 4774/356/554 4775/366/554 4768/148/554
f 4768/148/554 4775/366/554 4776/366/554 4769/356/554
f 4769/356/554 4776/366/554 4777/366/554 4770/148/554
f 4770/148/554 4777/366/554 4778/366/554 4771/356/554
f 4771/356/554 4778/366/554 4779/356/554 4772/148/554
f 4773/366/554 4780/356/554 4781/356/554 4774/356/554
f 4774/356/554 4781/356/554 4782/356/554 4775/366/554
f 4775/366/554 4782/356/554 4783/366/554 4776/366/554
f 4776/366/554 4783/366/554 4784/148/554 4777/366/554
f 4777/366/554 4784/148/554 4785/356/554 4778/366/554
f 4778/366/554 4785/356/554 4786/148/554 4779/356/554
f 2446/366/554 3135/356/554 4738/148/554 3050/148/554
f 3050/148/554 4738/148/554 4739/367/554 3049/356/554
f 3049/356/554 4739/367/554 4740/148/554 3048/148/554
f 3048/148/554 4740/148/554 4741/367/554 3047/356/554
f 3047/356/554 4741/367/554 4742/356/554 3046/356/554
f 3046/356/554 4742/356/554 4743/356/554 3045/356/554
f 3045/356/554 4743/356/554 4744/356/554 3044/356/554
f 3044/356/554 4744/356/554 3163/356/554 2451/366/554
f 4744/356/554 4751/366/554 3164/356/554 3163/356/554
f 4751/366/554 4758/148/554 3165/356/554 3164/356/554
f 4758/148/554 4765/148/554 3166/356/554 3165/356/554
f 4765/148/554 4772/148/554 3167/148/554 3166/356/554
f 4772/148/554 4779/356/554 3168/356/554 3167/148/554
f 4779/356/554 4786/148/554 3169/148/554 3168/356/554
f 4786/148/554 3121/356/554 2461/366/554 3169/148/554
f 4785/356/554 3122/356/554 3121/356/554 4786/148/554
f 4784/148/554 3123/366/554 3122/356/554 4785/356/554
f 4783/366/554 3124/356/554 3123/366/554 4784/148/554
f 4782/356/554 3125/148/554 3124/356/554 4783/366/554
f 4781/356/554 3126/356/554 3125/148/554 4782/356/554
f 4780/356/554 3127/148/554 3126/356/554 4781/356/554
f 3141/356/554 2458/366/554 3127/148/554 4780/356/554
f 3140/356/554 3141/356/554 4780/356/554 4773/366/554
f 3139/366/554 3140/356/554 4773/366/554 4766/148/554
f 3138/356/554 3139/366/554 4766/148/554 4759/148/554
f 3137/366/554 3138/356/554 4759/148/554 4752/148/554
f 3136/356/554 3137/366/554 4752/148/554 4745/367/554
f 3135/356/554 3136/356/554 4745/367/554 4738/148/554
f 70/75/1364 3/76/1364 2396/76/1364 2463/75/1364
f 71/77/1365 70/75/1365 2463/75/1365 2464/77/1365
f 72/78/1366 71/77/1366 2464/77/1366 2465/78/1366
f 73/79/1367 72/78/1367 2465/78/1367 2466/79/1367
f 74/80/1368 73/79/1368 2466/79/1368 2467/80/1368
f 75/81/1369 74/80/1369 2467/80/1369 2468/81/1369
f 76/52/1370 75/81/1370 2468/81/1370 2469/52/1370
f 1/50/1371 76/52/1371 2469/52/1371 2394/50/1371
f 84/60/1372 2/59/1372 2395/59/1372 2477/60/1372
f 85/61/1373 84/60/1373 2477/60/1373 2478/61/1373
f 86/62/1374 85/61/1374 2478/61/1374 2479/62/1374
f 87/63/1375 86/62/1375 2479/62/1375 2480/63/1375
f 88/64/1376 87/63/1376 2480/63/1376 2481/64/1376
f 89/65/1377 88/64/1377 2481/64/1377 2482/65/1377
f 90/66/1378 89/65/1378 2482/65/1378 2483/66/1378
f 4/67/1379 90/66/1379 2483/66/1379 2397/67/1379
f 98/147/1380 5/148/1380 2398/148/1380 2491/147/1380
f 99/149/1381 98/147/1381 2491/147/1381 2492/149/1381
f 100/150/1382 99/149/1382 2492/149/1382 2493/150/1382
f 101/151/1383 100/150/1383 2493/150/1383 2494/151/1383
f 102/152/1384 101/151/1384 2494/151/1384 2495/152/1384
f 103/153/1385 102/152/1385 2495/152/1385 2496/153/1385
f 104/131/1386 103/153/1386 2496/153/1386 2497/131/1386
f 3/76/1387 104/131/1387 2497/131/1387 2396/76/1387
f 105/132/1388 4/67/1388 2397/67/1388 2498/132/1388
f 106/133/1389 105/132/1389 2498/132/1389 2499/133/1389
f 107/134/1390 106/133/1390 2499/133/1390 2500/134/1390
f 108/135/1391 107/134/1391 2500/134/1391 2501/135/1391
f 109/136/1392 108/135/1392 2501/135/1392 2502/136/1392
f 110/137/1393 109/136/1393 2502/136/1393 2503/137/1393
f 111/138/1394 110/137/1394 2503/137/1394 2504/138/1394
f 6/139/1395 111/138/1395 2504/138/1395 2399/139/1395
f 119/213/1396 7/212/1396 2400/212/1396 2512/213/1396
f 120/214/1397 119/213/1397 2512/213/1397 2513/214/1397
f 121/215/1398 120/214/1398 2513/214/1398 2514/215/1398
f 122/216/1399 121/215/1399 2514/215/1399 2515/216/1399
f 123/217/1400 122/216/1400 2515/216/1400 2516/217/1400
f 124/218/1401 123/217/1401 2516/217/1401 2517/218/1401
f 125/219/1402 124/218/1402 2517/218/1402 2518/219/1402
f 9/220/1403 125/219/1403 2518/219/1403 2402/220/1403
f 133/300/1404 1/301/1404 2394/301/1404 2526/300/1404
f 134/302/1405 133/300/1405 2526/300/1405 2527/302/1405
f 135/303/1406 134/302/1406 2527/302/1406 2528/303/1406
f 136/304/1407 135/303/1407 2528/303/1407 2529/304/1407
f 137/305/1408 136/304/1408 2529/304/1408 2530/305/1408
f 138/306/1409 137/305/1409 2530/305/1409 2531/306/1409
f 139/284/1410 138/306/1410 2531/306/1410 2532/284/1410
f 8/229/1411 139/284/1411 2532/284/1411 2401/229/1411
f 140/285/1412 9/220/1412 2402/220/1412 2533/285/1412
f 141/286/1413 140/285/1413 2533/285/1413 2534/286/1413
f 142/287/1414 141/286/1414 2534/286/1414 2535/287/1414
f 143/288/1415 142/287/1415 2535/287/1415 2536/288/1415
f 144/289/1416 143/288/1416 2536/288/1416 2537/289/1416
f 145/290/1417 144/289/1417 2537/289/1417 2538/290/1417
f 146/291/1418 145/290/1418 2538/290/1418 2539/291/1418
f 2/292/1419 146/291/1419 2539/291/1419 2395/292/1419
f 10/50/1420 147/52/1420 2540/52/1420 2403/50/1420
f 147/52/1421 148/81/1421 2541/81/1421 2540/52/1421
f 148/81/1422 149/80/1422 2542/80/1422 2541/81/1422
f 149/80/1423 150/79/1423 2543/79/1423 2542/80/1423
f 150/79/1424 151/78/1424 2544/78/1424 2543/79/1424
f 151/78/1425 152/77/1425 2545/77/1425 2544/78/1425
f 152/77/1426 153/75/1426 2546/75/1426 2545/77/1426
f 153/75/1427 12/76/1427 2405/76/1427 2546/75/1427
f 13/67/1428 161/66/1428 2554/66/1428 2406/67/1428
f 161/66/1429 162/65/1429 2555/65/1429 2554/66/1429
f 162/65/1430 163/64/1430 2556/64/1430 2555/65/1430
f 163/64/1431 164/63/1431 2557/63/1431 2556/64/1431
f 164/63/1432 165/62/1432 2558/62/1432 2557/63/1432
f 165/62/1433 166/61/1433 2559/61/1433 2558/62/1433
f 166/61/1434 167/60/1434 2560/60/1434 2559/61/1434
f 167/60/1435 11/59/1435 2404/59/1435 2560/60/1435
f 12/76/1436 175/131/1436 2568/131/1436 2405/76/1436
f 175/131/1437 176/153/1437 2569/153/1437 2568/131/1437
f 176/153/1438 177/152/1438 2570/152/1438 2569/153/1438
f 177/152/1439 178/151/1439 2571/151/1439 2570/152/1439
f 178/151/1440 179/150/1440 2572/150/1440 2571/151/1440
f 179/150/1441 180/149/1441 2573/149/1441 2572/150/1441
f 180/149/1442 181/147/1442 2574/147/1442 2573/149/1442
f 181/147/1443 14/148/1443 2407/148/1443 2574/147/1443
f 15/139/1444 182/138/1444 2575/138/1444 2408/139/1444
f 182/138/1445 183/137/1445 2576/137/1445 2575/138/1445
f 183/137/1446 184/136/1446 2577/136/1446 2576/137/1446
f 184/136/1447 185/135/1447 2578/135/1447 2577/136/1447
f 185/135/1448 186/134/1448 2579/134/1448 2578/135/1448
f 186/134/1449 187/133/1449 2580/133/1449 2579/134/1449
f 187/133/1450 188/132/1450 2581/132/1450 2580/133/1450
f 188/132/1451 13/67/1451 2406/67/1451 2581/132/1451
f 18/220/1452 196/219/1452 2589/219/1452 2411/220/1452
f 196/219/1453 197/218/1453 2590/218/1453 2589/219/1453
f 197/218/1454 198/217/1454 2591/217/1454 2590/218/1454
f 198/217/1455 199/216/1455 2592/216/1455 2591/217/1455
f 199/216/1456 200/215/1456 2593/215/1456 2592/216/1456
f 200/215/1457 201/214/1457 2594/214/1457 2593/215/1457
f 201/214/1458 202/213/1458 2595/213/1458 2594/214/1458
f 202/213/1459 16/212/1459 2409/212/1459 2595/213/1459
f 17/229/1460 210/284/1460 2603/284/1460 2410/229/1460
f 210/284/1461 211/306/1461 2604/306/1461 2603/284/1461
f 211/306/1462 212/305/1462 2605/305/1462 2604/306/1462
f 212/305/1463 213/304/1463 2606/304/1463 2605/305/1463
f 213/304/1464 214/303/1464 2607/303/1464 2606/304/1464
f 214/303/1465 215/302/1465 2608/302/1465 2607/303/1465
f 215/302/1466 216/300/1466 2609/300/1466 2608/302/1466
f 216/300/1467 10/301/1467 2403/301/1467 2609/300/1467
f 11/292/1468 217/291/1468 2610/291/1468 2404/292/1468
f 217/291/1469 218/290/1469 2611/290/1469 2610/291/1469
f 218/290/1470 219/289/1470 2612/289/1470 2611/290/1470
f 219/289/1471 220/288/1471 2613/288/1471 2612/289/1471
f 220/288/1472 221/287/1472 2614/287/1472 2613/288/1472
f 221/287/1473 222/286/1473 2615/286/1473 2614/287/1473
f 222/286/1474 223/285/1474 2616/285/1474 2615/286/1474
f 223/285/1475 18/220/1475 2411/220/1475 2616/285/1475
f 231/228/1476 8/229/1476 2401/229/1476 2624/228/1476
f 232/230/1477 231/228/1477 2624/228/1477 2625/230/1477
f 233/231/1478 232/230/1478 2625/230/1478 2626/231/1478
f 234/232/1479 233/231/1479 2626/231/1479 2627/232/1479
f 235/233/1480 234/232/1480 2627/232/1480 2628/233/1480
f 236/234/1481 235/233/1481 2628/233/1481 2629/234/1481
f 237/205/1482 236/234/1482 2629/234/1482 2630/205/1482
f 16/203/1483 237/205/1483 2630/205/1483 2409/203/1483
f 7/203/1484 238/205/1484 2631/205/1484 2400/203/1484
f 238/205/1485 239/234/1485 2632/234/1485 2631/205/1485
f 239/234/1486 240/233/1486 2633/233/1486 2632/234/1486
f 240/233/1487 241/232/1487 2634/232/1487 2633/233/1487
f 241/232/1488 242/231/1488 2635/231/1488 2634/232/1488
f 242/231/1489 243/230/1489 2636/230/1489 2635/231/1489
f 243/230/1490 244/228/1490 2637/228/1490 2636/230/1490
f 244/228/1491 17/229/1491 2410/229/1491 2637/228/1491
f 252/356/1492 19/366/1492 2412/366/1492 2645/356/1492
f 253/356/1493 252/356/1493 2645/356/1493 2646/356/1493
f 254/356/1494 253/356/1494 2646/356/1494 2647/356/1494
f 255/356/1495 254/356/1495 2647/356/1495 2648/356/1495
f 256/356/1496 255/356/1496 2648/356/1496 2649/356/1496
f 257/356/1497 256/356/1497 2649/356/1497 2650/356/1497
f 258/356/1498 257/356/1498 2650/356/1498 2651/356/1498
f 14/148/1499 258/356/1499 2651/356/1499 2407/148/1499
f 259/357/1500 15/139/1500 2408/139/1500 2652/357/1500
f 260/357/1501 259/357/1501 2652/357/1501 2653/357/1501
f 261/357/1502 260/357/1502 2653/357/1502 2654/357/1502
f 262/357/1503 261/357/1503 2654/357/1503 2655/357/1503
f 263/357/1504 262/357/1504 2655/357/1504 2656/357/1504
f 264/357/1505 263/357/1505 2656/357/1505 2657/357/1505
f 265/357/1506 264/357/1506 2657/357/1506 2658/357/1506
f 20/358/1507 265/357/1507 2658/357/1507 2413/358/1507
f 266/359/1508 22/358/1508 2415/358/1508 2659/359/1508
f 267/360/1509 266/359/1509 2659/359/1509 2660/360/1509
f 268/361/1510 267/360/1510 2660/360/1510 2661/361/1510
f 269/362/1511 268/361/1511 2661/361/1511 2662/362/1511
f 270/363/1512 269/362/1512 2662/362/1512 2663/363/1512
f 271/364/1513 270/363/1513 2663/363/1513 2664/364/1513
f 272/365/1514 271/364/1514 2664/364/1514 2665/365/1514
f 21/366/1515 272/365/1515 2665/365/1515 2414/366/1515
f 273/356/1516 21/366/1516 2414/366/1516 2666/356/1516
f 274/356/1517 273/356/1517 2666/356/1517 2667/356/1517
f 275/356/1518 274/356/1518 2667/356/1518 2668/356/1518
f 276/356/1519 275/356/1519 2668/356/1519 2669/356/1519
f 277/356/1520 276/356/1520 2669/356/1520 2670/356/1520
f 278/356/1521 277/356/1521 2670/356/1521 2671/356/1521
f 279/356/1522 278/356/1522 2671/356/1522 2672/356/1522
f 5/148/1523 279/356/1523 2672/356/1523 2398/148/1523
f 280/357/1524 6/139/1524 2399/139/1524 2673/357/1524
f 281/357/1525 280/357/1525 2673/357/1525 2674/357/1525
f 282/357/1526 281/357/1526 2674/357/1526 2675/357/1526
f 283/357/1527 282/357/1527 2675/357/1527 2676/357/1527
f 284/357/1528 283/357/1528 2676/357/1528 2677/357/1528
f 285/357/1529 284/357/1529 2677/357/1529 2678/357/1529
f 286/357/1530 285/357/1530 2678/357/1530 2679/357/1530
f 22/358/1531 286/357/1531 2679/357/1531 2415/358/1531
f 23/366/550 287/148/550 2680/148/550 2416/366/550
f 287/148/550 288/356/550 2681/356/550 2680/148/550
f 288/356/550 289/148/550 2682/148/550 2681/356/550
f 289/148/550 290/356/550 2683/356/550 2682/148/550
f 290/356/550 291/356/550 2684/356/550 2683/356/550
f 291/356/550 292/356/550 2685/356/550 2684/356/550
f 292/356/550 293/356/550 2686/356/550 2685/356/550
f 293/356/1532 21/366/1532 2414/366/1532 2686/356/1532
f 301/356/554 26/366/554 2419/366/554 2694/356/554
f 302/356/554 301/356/554 2694/356/554 2695/356/554
f 303/366/554 302/356/554 2695/356/554 2696/366/554
f 304/356/554 303/366/554 2696/366/554 2697/356/554
f 305/148/554 304/356/554 2697/356/554 2698/148/554
f 306/356/554 305/148/554 2698/148/554 2699/356/554
f 307/148/554 306/356/554 2699/356/554 2700/148/554
f 25/366/554 307/148/554 2700/148/554 2418/366/554
f 308/356/649 25/366/649 2418/366/649 2701/356/649
f 309/356/649 308/356/649 2701/356/649 2702/356/649
f 310/366/649 309/356/649 2702/356/649 2703/366/649
f 311/356/649 310/366/649 2703/366/649 2704/356/649
f 312/356/649 311/356/649 2704/356/649 2705/356/649
f 313/356/649 312/356/649 2705/356/649 2706/356/649
f 314/356/649 313/356/649 2706/356/649 2707/356/649
f 21/366/1533 314/356/1533 2707/356/1533 2414/366/1533
f 315/356/535 23/366/535 2416/366/535 2708/356/535
f 316/356/535 315/356/535 2708/356/535 2709/356/535
f 317/366/535 316/356/535 2709/356/535 2710/366/535
f 318/356/535 317/366/535 2710/366/535 2711/356/535
f 319/148/535 318/356/535 2711/356/535 2712/148/535
f 320/356/535 319/148/535 2712/148/535 2713/356/535
f 321/148/535 320/356/535 2713/356/535 2714/148/535
f 26/366/535 321/148/535 2714/148/535 2419/366/535
f 322/369/550 27/139/550 2420/139/550 2715/369/550
f 323/357/550 322/369/550 2715/369/550 2716/357/550
f 324/357/550 323/357/550 2716/357/550 2717/357/550
f 325/357/550 324/357/550 2717/357/550 2718/357/550
f 326/357/550 325/357/550 2718/357/550 2719/357/550
f 327/357/550 326/357/550 2719/357/550 2720/357/550
f 328/357/550 327/357/550 2720/357/550 2721/357/550
f 28/139/550 328/357/550 2721/357/550 2421/139/550
f 343/357/649 29/358/649 2422/358/649 2736/357/649
f 344/357/649 343/357/649 2736/357/649 2737/357/649
f 345/357/649 344/357/649 2737/357/649 2738/357/649
f 346/357/649 345/357/649 2738/357/649 2739/357/649
f 347/357/649 346/357/649 2739/357/649 2740/357/649
f 348/357/649 347/357/649 2740/357/649 2741/357/649
f 349/357/649 348/357/649 2741/357/649 2742/357/649
f 30/358/649 349/357/649 2742/357/649 2423/358/649
f 350/357/550 30/358/550 2423/358/550 2743/357/550
f 351/357/550 350/357/550 2743/357/550 2744/357/550
f 352/357/550 351/357/550 2744/357/550 2745/357/550
f 353/357/550 352/357/550 2745/357/550 2746/357/550
f 354/357/550 353/357/550 2746/357/550 2747/357/550
f 355/357/550 354/357/550 2747/357/550 2748/357/550
f 356/357/550 355/357/550 2748/357/550 2749/357/550
f 27/139/550 356/357/550 2749/357/550 2420/139/550
f 357/357/1534 22/139/1534 2415/139/1534 2750/357/1534
f 358/357/554 357/357/554 2750/357/554 2751/357/554
f 359/357/554 358/357/554 2751/357/554 2752/357/554
f 360/357/554 359/357/554 2752/357/554 2753/357/554
f 361/357/554 360/357/554 2753/357/554 2754/357/554
f 362/357/554 361/357/554 2754/357/554 2755/357/554
f 363/357/554 362/357/554 2755/357/554 2756/357/554
f 29/358/554 363/357/554 2756/357/554 2422/358/554
f 378/357/550 28/139/550 2421/139/550 2771/357/550
f 379/357/550 378/357/550 2771/357/550 2772/357/550
f 380/357/550 379/357/550 2772/357/550 2773/357/550
f 381/357/550 380/357/550 2773/357/550 2774/357/550
f 382/357/550 381/357/550 2774/357/550 2775/357/550
f 383/357/550 382/357/550 2775/357/550 2776/357/550
f 384/369/1535 383/357/1535 2776/357/1535 2777/369/1535
f 32/139/1536 384/369/1536 2777/369/1536 2425/139/1536
f 385/369/1537 34/139/1537 2427/139/1537 2778/369/1537
f 386/357/1538 385/369/1538 2778/369/1538 2779/357/1538
f 387/357/554 386/357/554 2779/357/554 2780/357/554
f 388/357/554 387/357/554 2780/357/554 2781/357/554
f 389/357/554 388/357/554 2781/357/554 2782/357/554
f 390/357/554 389/357/554 2782/357/554 2783/357/554
f 391/357/554 390/357/554 2783/357/554 2784/357/554
f 33/358/554 391/357/554 2784/357/554 2426/358/554
f 392/357/649 33/358/649 2426/358/649 2785/357/649
f 393/357/649 392/357/649 2785/357/649 2786/357/649
f 394/357/649 393/357/649 2786/357/649 2787/357/649
f 395/357/649 394/357/649 2787/357/649 2788/357/649
f 396/357/649 395/357/649 2788/357/649 2789/357/649
f 397/357/649 396/357/649 2789/357/649 2790/357/649
f 398/357/649 397/357/649 2790/357/649 2791/357/649
f 24/139/649 398/357/649 2791/357/649 2417/139/649
f 406/357/1224 38/358/1224 2431/358/1224 2799/357/1224
f 407/357/1224 406/357/1224 2799/357/1224 2800/357/1224
f 408/358/1224 407/357/1224 2800/357/1224 2801/358/1224
f 409/357/1224 408/358/1224 2801/358/1224 2802/357/1224
f 410/357/1224 409/357/1224 2802/357/1224 2803/357/1224
f 411/357/1224 410/357/1224 2803/357/1224 2804/357/1224
f 412/357/1224 411/357/1224 2804/357/1224 2805/357/1224
f 37/139/1224 412/357/1224 2805/357/1224 2430/139/1224
f 413/369/1224 37/139/1224 2430/139/1224 2806/369/1224
f 414/357/1224 413/369/1224 2806/369/1224 2807/357/1224
f 415/357/1224 414/357/1224 2807/357/1224 2808/357/1224
f 416/357/1224 415/357/1224 2808/357/1224 2809/357/1224
f 417/139/1224 416/357/1224 2809/357/1224 2810/139/1224
f 418/357/1224 417/139/1224 2810/139/1224 2811/357/1224
f 419/139/1224 418/357/1224 2811/357/1224 2812/139/1224
f 39/358/1224 419/139/1224 2812/139/1224 2432/358/1224
f 455/357/649 40/358/649 2433/358/649 2848/357/649
f 456/357/649 455/357/649 2848/357/649 2849/357/649
f 457/358/649 456/357/649 2849/357/649 2850/358/649
f 458/357/649 457/358/649 2850/358/649 2851/357/649
f 459/139/649 458/357/649 2851/357/649 2852/139/649
f 460/357/649 459/139/649 2852/139/649 2853/357/649
f 461/139/649 460/357/649 2853/357/649 2854/139/649
f 41/358/649 461/139/649 2854/139/649 2434/358/649
f 462/357/1224 41/358/1224 2434/358/1224 2855/357/1224
f 463/357/1224 462/357/1224 2855/357/1224 2856/357/1224
f 464/358/1224 463/357/1224 2856/357/1224 2857/358/1224
f 465/357/1224 464/358/1224 2857/358/1224 2858/357/1224
f 466/358/1224 465/357/1224 2858/357/1224 2859/358/1224
f 467/357/1224 466/358/1224 2859/358/1224 2860/357/1224
f 468/357/1224 467/357/1224 2860/357/1224 2861/357/1224
f 38/358/1224 468/357/1224 2861/357/1224 2431/358/1224
f 469/357/1539 32/358/1539 2425/358/1539 2862/357/1539
f 470/357/522 469/357/522 2862/357/522 2863/357/522
f 471/357/522 470/357/522 2863/357/522 2864/357/522
f 472/357/522 471/357/522 2864/357/522 2865/357/522
f 473/139/522 472/357/522 2865/357/522 2866/139/522
f 474/357/522 473/139/522 2866/139/522 2867/357/522
f 475/139/522 474/357/522 2867/357/522 2868/139/522
f 40/358/522 475/139/522 2868/139/522 2433/358/522
f 476/357/649 43/358/649 2436/358/649 2869/357/649
f 477/357/649 476/357/649 2869/357/649 2870/357/649
f 478/358/649 477/357/649 2870/357/649 2871/358/649
f 479/357/649 478/358/649 2871/358/649 2872/357/649
f 480/139/649 479/357/649 2872/357/649 2873/139/649
f 481/357/649 480/139/649 2873/139/649 2874/357/649
f 482/139/649 481/357/649 2874/357/649 2875/139/649
f 42/358/649 482/139/649 2875/139/649 2435/358/649
f 483/357/1540 42/358/1540 2435/358/1540 2876/357/1540
f 484/357/1540 483/357/1540 2876/357/1540 2877/357/1540
f 485/358/1540 484/357/1540 2877/357/1540 2878/358/1540
f 486/357/1540 485/358/1540 2878/358/1540 2879/357/1540
f 487/357/1540 486/357/1540 2879/357/1540 2880/357/1540
f 488/357/1540 487/357/1540 2880/357/1540 2881/357/1540
f 489/357/1540 488/357/1540 2881/357/1540 2882/357/1540
f 34/358/1541 489/357/1541 2882/357/1541 2427/358/1541
f 490/357/1224 39/358/1224 2432/358/1224 2883/357/1224
f 491/357/1224 490/357/1224 2883/357/1224 2884/357/1224
f 492/358/1224 491/357/1224 2884/357/1224 2885/358/1224
f 493/357/1224 492/358/1224 2885/358/1224 2886/357/1224
f 494/139/1224 493/357/1224 2886/357/1224 2887/139/1224
f 495/357/1224 494/139/1224 2887/139/1224 2888/357/1224
f 496/139/1224 495/357/1224 2888/357/1224 2889/139/1224
f 43/358/1224 496/139/1224 2889/139/1224 2436/358/1224
f 44/358/554 497/357/554 2890/357/554 2437/358/554
f 497/357/554 498/357/554 2891/357/554 2890/357/554
f 498/357/554 499/357/554 2892/357/554 2891/357/554
f 499/357/554 500/357/554 2893/357/554 2892/357/554
f 500/357/554 501/357/554 2894/357/554 2893/357/554
f 501/357/554 502/357/554 2895/357/554 2894/357/554
f 502/357/554 503/357/554 2896/357/554 2895/357/554
f 503/357/554 45/358/554 2438/358/554 2896/357/554
f 504/357/1542 44/358/1542 2437/358/1542 2897/357/1542
f 505/357/1542 504/357/1542 2897/357/1542 2898/357/1542
f 506/357/1542 505/357/1542 2898/357/1542 2899/357/1542
f 507/357/1542 506/357/1542 2899/357/1542 2900/357/1542
f 508/357/1542 507/357/1542 2900/357/1542 2901/357/1542
f 509/357/1542 508/357/1542 2901/357/1542 2902/357/1542
f 510/357/1542 509/357/1542 2902/357/1542 2903/357/1542
f 22/139/1543 510/357/1543 2903/357/1543 2415/139/1543
f 511/357/535 24/139/535 2417/139/535 2904/357/535
f 512/357/535 511/357/535 2904/357/535 2905/357/535
f 513/357/535 512/357/535 2905/357/535 2906/357/535
f 514/357/535 513/357/535 2906/357/535 2907/357/535
f 515/357/535 514/357/535 2907/357/535 2908/357/535
f 516/357/535 515/357/535 2908/357/535 2909/357/535
f 517/357/535 516/357/535 2909/357/535 2910/357/535
f 45/358/535 517/357/535 2910/357/535 2438/358/535
f 546/356/1544 48/366/1544 2441/366/1544 2939/356/1544
f 547/356/1545 546/356/1545 2939/356/1545 2940/356/1545
f 548/366/1545 547/356/1545 2940/356/1545 2941/366/1545
f 549/356/1545 548/366/1545 2941/366/1545 2942/356/1545
f 550/356/1545 549/356/1545 2942/356/1545 2943/356/1545
f 551/356/1545 550/356/1545 2943/356/1545 2944/356/1545
f 552/356/1545 551/356/1545 2944/356/1545 2945/356/1545
f 46/366/1546 552/356/1546 2945/356/1546 2439/366/1546
f 553/402/1547 47/403/1547 2440/403/1547 2946/402/1547
f 554/402/1548 553/402/1548 2946/402/1548 2947/402/1548
f 555/422/1548 554/402/1548 2947/402/1548 2948/422/1548
f 556/402/1548 555/422/1548 2948/422/1548 2949/402/1548
f 557/358/1548 556/402/1548 2949/402/1548 2950/358/1548
f 558/422/1548 557/358/1548 2950/358/1548 2951/422/1548
f 559/422/1548 558/422/1548 2951/422/1548 2952/422/1548
f 49/403/1549 559/422/1549 2952/422/1549 2442/403/1549
f 50/366/1233 560/365/1233 2953/365/1233 2443/366/1233
f 560/365/1233 561/397/1233 2954/397/1233 2953/365/1233
f 561/397/1233 562/407/1233 2955/407/1233 2954/397/1233
f 562/407/1233 563/399/1233 2956/399/1233 2955/407/1233
f 563/399/1233 564/392/1233 2957/392/1233 2956/399/1233
f 564/392/1233 565/400/1233 2958/400/1233 2957/392/1233
f 565/400/1233 566/426/1233 2959/426/1233 2958/400/1233
f 566/426/1233 51/403/1233 2444/403/1233 2959/426/1233
f 567/356/1550 50/366/1550 2443/366/1550 2960/356/1550
f 568/148/1550 567/356/1550 2960/356/1550 2961/148/1550
f 569/356/1550 568/148/1550 2961/148/1550 2962/356/1550
f 570/366/1550 569/356/1550 2962/356/1550 2963/366/1550
f 571/356/1550 570/366/1550 2963/366/1550 2964/356/1550
f 572/366/1550 571/356/1550 2964/356/1550 2965/366/1550
f 573/356/1550 572/366/1550 2965/366/1550 2966/356/1550
f 48/366/1551 573/356/1551 2966/356/1551 2441/366/1551
f 574/422/1552 49/403/1552 2442/403/1552 2967/422/1552
f 575/422/1553 574/422/1553 2967/422/1553 2968/422/1553
f 576/402/1553 575/422/1553 2968/422/1553 2969/402/1553
f 577/403/1553 576/402/1553 2969/402/1553 2970/403/1553
f 578/422/1553 577/403/1553 2970/403/1553 2971/422/1553
f 579/422/1553 578/422/1553 2971/422/1553 2972/422/1553
f 580/422/1553 579/422/1553 2972/422/1553 2973/422/1553
f 51/403/1553 580/422/1553 2973/422/1553 2444/403/1553
f 588/356/535 52/366/535 2445/366/535 2981/356/535
f 589/356/535 588/356/535 2981/356/535 2982/356/535
f 590/366/535 589/356/535 2982/356/535 2983/366/535
f 591/356/535 590/366/535 2983/366/535 2984/356/535
f 592/356/535 591/356/535 2984/356/535 2985/356/535
f 593/356/535 592/356/535 2985/356/535 2986/356/535
f 594/356/535 593/356/535 2986/356/535 2987/356/535
f 19/366/1554 594/356/1554 2987/356/1554 2412/366/1554
f 616/357/1555 20/358/1555 2413/358/1555 3009/357/1555
f 617/357/535 616/357/535 3009/357/535 3010/357/535
f 618/357/535 617/357/535 3010/357/535 3011/357/535
f 619/357/535 618/357/535 3011/357/535 3012/357/535
f 620/139/535 619/357/535 3012/357/535 3013/139/535
f 621/357/535 620/139/535 3013/139/535 3014/357/535
f 622/139/535 621/357/535 3014/357/535 3015/139/535
f 54/358/535 622/139/535 3015/139/535 2447/358/535
f 637/403/1556 57/403/1556 2450/403/1556 3030/403/1556
f 638/422/1557 637/403/1557 3030/403/1557 3031/422/1557
f 639/422/1558 638/422/1558 3031/422/1558 3032/422/1558
f 640/402/1559 639/422/1559 3032/422/1559 3033/402/1559
f 641/422/1560 640/402/1560 3033/402/1560 3034/422/1560
f 642/402/1561 641/422/1561 3034/422/1561 3035/402/1561
f 643/402/1562 642/402/1562 3035/402/1562 3036/402/1562
f 47/403/1563 643/402/1563 3036/402/1563 2440/403/1563
f 658/356/1564 46/366/1564 2439/366/1564 3051/356/1564
f 659/356/554 658/356/554 3051/356/554 3052/356/554
f 660/356/554 659/356/554 3052/356/554 3053/356/554
f 661/356/554 660/356/554 3053/356/554 3054/356/554
f 662/148/554 661/356/554 3054/356/554 3055/148/554
f 663/356/554 662/148/554 3055/148/554 3056/356/554
f 664/148/554 663/356/554 3056/356/554 3057/148/554
f 56/366/554 664/148/554 3057/148/554 2449/366/554
f 665/356/1565 60/366/1565 2453/366/1565 3058/356/1565
f 666/356/1565 665/356/1565 3058/356/1565 3059/356/1565
f 667/366/1224 666/356/1224 3059/356/1224 3060/366/1224
f 668/356/1224 667/366/1224 3060/366/1224 3061/356/1224
f 669/148/1224 668/356/1224 3061/356/1224 3062/148/1224
f 670/356/1565 669/148/1565 3062/148/1565 3063/356/1565
f 671/148/1224 670/356/1224 3063/356/1224 3064/148/1224
f 62/366/1224 671/148/1224 3064/148/1224 2455/366/1224
f 672/403/1224 63/403/1224 2456/403/1224 3065/403/1224
f 673/422/1224 672/403/1224 3065/403/1224 3066/422/1224
f 674/422/1224 673/422/1224 3066/422/1224 3067/422/1224
f 675/402/1224 674/422/1224 3067/422/1224 3068/402/1224
f 676/358/1224 675/402/1224 3068/402/1224 3069/358/1224
f 677/422/1224 676/358/1224 3069/358/1224 3070/422/1224
f 678/373/1224 677/422/1224 3070/422/1224 3071/373/1224
f 61/403/1224 678/373/1224 3071/373/1224 2454/403/1224
f 679/403/550 61/403/550 2454/403/550 3072/403/550
f 680/422/550 679/403/550 3072/403/550 3073/422/550
f 681/422/550 680/422/550 3073/422/550 3074/422/550
f 682/402/550 681/422/550 3074/422/550 3075/402/550
f 683/422/550 682/402/550 3075/402/550 3076/422/550
f 684/422/550 683/422/550 3076/422/550 3077/422/550
f 685/403/550 684/422/550 3077/422/550 3078/403/550
f 57/403/1566 685/403/1566 3078/403/1566 2450/403/1566
f 686/402/1567 59/403/1567 2452/403/1567 3079/402/1567
f 687/402/554 686/402/554 3079/402/554 3080/402/554
f 688/422/554 687/402/554 3080/402/554 3081/422/554
f 689/402/554 688/422/554 3081/422/554 3082/402/554
f 690/358/554 689/402/554 3082/402/554 3083/358/554
f 691/422/554 690/358/554 3083/358/554 3084/422/554
f 692/422/554 691/422/554 3084/422/554 3085/422/554
f 63/403/554 692/422/554 3085/422/554 2456/403/554
f 693/356/550 62/366/550 2455/366/550 3086/356/550
f 694/356/550 693/356/550 3086/356/550 3087/356/550
f 695/366/550 694/356/550 3087/356/550 3088/366/550
f 696/356/550 695/366/550 3088/366/550 3089/356/550
f 697/356/550 696/356/550 3089/356/550 3090/356/550
f 698/356/1568 697/356/1568 3090/356/1568 3091/356/1568
f 699/356/1569 698/356/1569 3091/356/1569 3092/356/1569
f 58/366/1570 699/356/1570 3092/356/1570 2451/366/1570
f 700/356/554 56/366/554 2449/366/554 3093/356/554
f 701/356/554 700/356/554 3093/356/554 3094/356/554
f 702/366/554 701/356/554 3094/356/554 3095/366/554
f 703/356/554 702/366/554 3095/366/554 3096/356/554
f 704/148/554 703/356/554 3096/356/554 3097/148/554
f 705/356/554 704/148/554 3097/148/554 3098/356/554
f 706/148/554 705/356/554 3098/356/554 3099/148/554
f 60/366/554 706/148/554 3099/148/554 2453/366/554
f 707/356/1224 65/366/1224 2458/366/1224 3100/356/1224
f 708/366/1224 707/356/1224 3100/356/1224 3101/366/1224
f 709/356/1224 708/366/1224 3101/366/1224 3102/356/1224
f 710/366/1224 709/356/1224 3102/356/1224 3103/366/1224
f 711/366/1224 710/366/1224 3103/366/1224 3104/366/1224
f 712/366/1224 711/366/1224 3104/366/1224 3105/366/1224
f 713/356/1224 712/366/1224 3105/366/1224 3106/356/1224
f 64/366/1224 713/356/1224 3106/356/1224 2457/366/1224
f 714/358/1224 66/358/1224 2459/358/1224 3107/358/1224
f 715/358/1224 714/358/1224 3107/358/1224 3108/358/1224
f 716/358/1224 715/358/1224 3108/358/1224 3109/358/1224
f 717/358/1224 716/358/1224 3109/358/1224 3110/358/1224
f 718/374/1224 717/358/1224 3110/358/1224 3111/374/1224
f 719/358/1224 718/374/1224 3111/374/1224 3112/358/1224
f 720/358/1224 719/358/1224 3112/358/1224 3113/358/1224
f 67/403/1224 720/358/1224 3113/358/1224 2460/403/1224
f 721/403/1571 67/403/1571 2460/403/1571 3114/403/1571
f 722/422/1572 721/403/1572 3114/403/1572 3115/422/1572
f 723/422/1573 722/422/1573 3115/422/1573 3116/422/1573
f 724/402/1574 723/422/1574 3116/422/1574 3117/402/1574
f 725/358/1575 724/402/1575 3117/402/1575 3118/358/1575
f 726/422/1576 725/358/1576 3118/358/1576 3119/422/1576
f 727/373/1577 726/422/1577 3119/422/1577 3120/373/1577
f 69/403/1578 727/373/1578 3120/373/1578 2462/403/1578
f 728/356/1224 68/366/1224 2461/366/1224 3121/356/1224
f 729/356/1224 728/356/1224 3121/356/1224 3122/356/1224
f 730/366/1224 729/356/1224 3122/356/1224 3123/366/1224
f 731/356/1224 730/366/1224 3123/366/1224 3124/356/1224
f 732/148/1224 731/356/1224 3124/356/1224 3125/148/1224
f 733/356/1224 732/148/1224 3125/148/1224 3126/356/1224
f 734/148/1224 733/356/1224 3126/356/1224 3127/148/1224
f 65/366/1224 734/148/1224 3127/148/1224 2458/366/1224
f 735/356/535 64/366/535 2457/366/535 3128/356/535
f 736/148/535 735/356/535 3128/356/535 3129/148/535
f 737/356/535 736/148/535 3129/148/535 3130/356/535
f 738/366/535 737/356/535 3130/356/535 3131/366/535
f 739/356/535 738/366/535 3131/366/535 3132/356/535
f 740/366/535 739/356/535 3132/356/535 3133/366/535
f 741/356/535 740/366/535 3133/366/535 3134/356/535
f 52/366/535 741/356/535 3134/356/535 2445/366/535
f 749/403/1579 69/403/1579 2462/403/1579 3142/403/1579
f 750/422/1580 749/403/1580 3142/403/1580 3143/422/1580
f 751/422/1581 750/422/1581 3143/422/1581 3144/422/1581
f 752/402/1582 751/422/1582 3144/422/1582 3145/402/1582
f 753/422/1583 752/402/1583 3145/402/1583 3146/422/1583
f 754/402/1584 753/422/1584 3146/422/1584 3147/402/1584
f 755/402/1585 754/402/1585 3147/402/1585 3148/402/1585
f 59/358/1586 755/402/1586 3148/402/1586 2452/358/1586
f 763/357/535 54/358/535 2447/358/535 3156/357/535
f 764/357/535 763/357/535 3156/357/535 3157/357/535
f 765/358/535 764/357/535 3157/357/535 3158/358/535
f 766/357/535 765/358/535 3158/358/535 3159/357/535
f 767/139/535 766/357/535 3159/357/535 3160/139/535
f 768/357/535 767/139/535 3160/139/535 3161/357/535
f 769/139/535 768/357/535 3161/357/535 3162/139/535
f 66/358/535 769/139/535 3162/139/535 2459/358/535
f 770/356/1587 58/366/1587 2451/366/1587 3163/356/1587
f 771/356/1588 770/356/1588 3163/356/1588 3164/356/1588
f 772/356/1588 771/356/1588 3164/356/1588 3165/356/1588
f 773/356/1588 772/356/1588 3165/356/1588 3166/356/1588
f 774/148/1589 773/356/1589 3166/356/1589 3167/148/1589
f 775/356/1588 774/148/1588 3167/148/1588 3168/356/1588
f 776/148/1588 775/356/1588 3168/356/1588 3169/148/1588
f 68/366/1588 776/148/1588 3169/148/1588 2461/366/1588
l 36 441
l 441 442
l 442 443
l 443 444
l 444 445
l 445 446
l 446 447
l 447 26
l 23 448
l 448 449
l 449 450
l 450 451
l 451 452
l 452 453
l 453 454
l 454 35
l 2429 2834
l 2834 2835
l 2835 2836
l 2836 2837
l 2837 2838
l 2838 2839
l 2839 2840
l 2840 2419
l 2416 2841
l 2841 2842
l 2842 2843
l 2843 2844
l 2844 2845
l 2845 2846
l 2846 2847
l 2847 2428
