# Blender 5.1.1
# www.blender.org
mtllib PistaSpiral.mtl
o PistaSpiral
v 1.142678 3.857858 2.072738
v 1.395386 3.767535 1.837409
v 1.382414 3.658413 1.323843
v 3.103933 3.658413 1.668929
v 2.893304 3.784051 2.170778
v 2.649787 3.846870 2.385146
v 2.377769 3.909689 2.570978
v 2.082023 3.972507 2.725770
v 1.767630 4.035326 2.847556
v 1.439889 4.098145 2.934927
v 1.104229 4.160964 2.987051
v 0.766119 4.223783 3.003672
v 0.430981 4.286601 2.985109
v 0.104100 4.349420 2.932240
v -0.209458 4.412239 2.846479
v -0.504923 4.475058 2.729748
v -0.777898 4.537876 2.584430
v -1.024417 4.600695 2.413331
v -1.241009 4.663514 2.219623
v -1.424742 4.726333 2.006786
v -1.573265 4.789151 1.778553
v -1.684834 4.851971 1.538834
v -1.758328 4.914789 1.291660
v -1.793262 4.977608 1.041111
v -1.789780 5.040426 0.791247
v -1.748645 5.103246 0.546045
v -1.671210 5.166064 0.309335
v -1.559393 5.228883 0.084742
v -1.415629 5.291701 -0.124374
v 0.963679 3.909689 2.222908
v 0.839767 3.972507 2.287763
v 0.708042 4.035326 2.338789
v 0.570725 4.098145 2.375396
v 0.430090 4.160964 2.397235
v 0.288429 4.223783 2.404199
v 0.148013 4.286601 2.396421
v 0.011056 4.349420 2.374270
v -0.120319 4.412239 2.338338
v -0.244113 4.475058 2.289430
v -0.358484 4.537876 2.228545
v -0.461770 4.600695 2.156857
v -0.552518 4.663514 2.075697
v -0.629499 4.726333 1.986523
v -0.691727 4.789151 1.890898
v -0.738472 4.851971 1.790460
v -0.769265 4.914789 1.686900
v -0.783902 4.977608 1.581924
v -0.782443 5.040426 1.477236
v -0.765208 5.103246 1.374501
v -0.732764 5.166064 1.275325
v -0.685915 5.228883 1.181224
v -0.625681 5.291701 1.093609
v 0.123360 5.291701 -0.124374
v 0.913309 5.291701 1.093609
v 3.323944 0.078031 0.131710
v 3.264125 0.124054 -0.838085
v 2.953153 0.248108 -1.623510
v 2.456624 0.372162 -2.306924
v 1.805736 0.496216 -2.845385
v 1.041387 0.620270 -3.205060
v 0.211604 0.744324 -3.363350
v -0.631475 0.868378 -3.310308
v -1.434876 0.992432 -3.049267
v -2.148119 1.116486 -2.596630
v -2.726387 1.240541 -1.980836
v -3.133347 1.364595 -1.240580
v -3.343426 1.488649 -0.422373
v -3.343426 1.612703 0.422373
v -3.133347 1.736757 1.240580
v -2.726387 1.860811 1.980836
v -2.148119 1.984865 2.596630
v -1.434876 2.108919 3.049267
v -0.631475 2.232973 3.310308
v 0.211604 2.357027 3.363350
v 1.041387 2.481081 3.205060
v 1.805736 2.605135 2.845385
v 2.456624 2.729189 2.306924
v 2.953153 2.853243 1.623510
v 3.264125 2.977297 0.838085
v 3.370000 3.101351 -0.000000
v 3.264125 3.225405 -0.838085
v 2.953153 3.349459 -1.623510
v 2.456624 3.473513 -2.306924
v 1.805736 3.597568 -2.845385
v 1.041387 3.721622 -3.205060
v 0.211604 3.845676 -3.363350
v -0.631475 3.969730 -3.310308
v -1.434876 4.093784 -3.049267
v -2.148119 4.217838 -2.596630
v -2.726387 4.341892 -1.980836
v -3.133347 4.465946 -1.240580
v -3.343426 4.590000 -0.422373
v -3.343426 4.714054 0.422373
v -3.133347 4.838108 1.240580
v -2.726387 4.962162 1.980836
v -2.148119 5.086216 2.596630
v -1.434876 5.210270 3.049267
v -0.631475 5.334324 3.310308
v 0.211604 5.458378 3.363350
v 1.041387 5.582432 3.205060
v 1.805736 5.706486 2.845385
v 2.456624 5.830541 2.306924
v 2.953153 5.954595 1.623510
v 3.264125 6.078649 0.838085
v 3.370000 6.202703 -0.000000
v 3.264125 6.326756 -0.838085
v 2.953153 6.450811 -1.623510
v 2.456624 6.574865 -2.306924
v 1.805736 6.698919 -2.845385
v 1.041387 6.822973 -3.205060
v 0.211604 6.947027 -3.363350
v -0.631475 7.071081 -3.310308
v -1.434876 7.195135 -3.049267
v -2.148119 7.319189 -2.596630
v -2.726387 7.443243 -1.980836
v -3.133347 7.567297 -1.240580
v -3.343426 7.691351 -0.422373
v -3.343426 7.815405 0.422373
v -3.133347 7.939459 1.240580
v -2.726387 8.063514 1.980836
v -2.148119 8.187568 2.596630
v -1.434876 8.311622 3.049267
v -0.631475 8.435676 3.310308
v 0.211604 8.559730 3.363350
v 1.041387 8.683784 3.205060
v 1.805736 8.807837 2.845385
v 2.456624 8.931891 2.306924
v 2.953153 9.055945 1.623510
v 3.264125 9.179999 0.838085
v 3.370000 9.304054 0.000000
v 3.264125 9.428108 -0.838085
v 5.532531 0.077363 0.310003
v 5.531404 0.124054 -1.428240
v 4.998574 0.248108 -2.774016
v 4.147802 0.372162 -3.945002
v 3.032547 0.496216 -4.867622
v 1.722883 0.620270 -5.483902
v 0.301102 0.744324 -5.755122
v -1.143460 0.868378 -5.664238
v -2.520038 0.992432 -5.216961
v -3.742133 1.116487 -4.441395
v -4.732960 1.240541 -3.386272
v -5.430259 1.364594 -2.117890
v -5.790217 1.488649 -0.715944
v -5.790217 1.612703 0.731475
v -5.430259 1.736757 2.133420
v -4.732960 1.860811 3.401803
v -3.742133 1.984865 4.456926
v -2.520038 2.108919 5.232491
v -1.143460 2.232973 5.679769
v 0.301102 2.357027 5.770652
v 1.722883 2.481081 5.499433
v 3.032547 2.605135 4.883152
v 4.147802 2.729189 3.960533
v 4.998574 2.853243 2.789547
v 5.531404 2.977297 1.443771
v 5.712814 3.101351 0.007765
v 5.531404 3.225405 -1.428240
v 4.998574 3.349459 -2.774016
v 4.147802 3.473513 -3.945002
v 3.032547 3.597568 -4.867622
v 1.722883 3.721622 -5.483902
v 0.301102 3.845676 -5.755122
v -1.143460 3.969730 -5.664238
v -2.520038 4.093784 -5.216961
v -3.742133 4.217838 -4.441395
v -4.732960 4.341892 -3.386272
v -5.430259 4.465946 -2.117890
v -5.790217 4.590000 -0.715944
v -5.790217 4.714054 0.731475
v -5.430259 4.838108 2.133420
v -4.732960 4.962162 3.401803
v -3.742133 5.086216 4.456926
v -2.520038 5.210270 5.232491
v -1.143460 5.334324 5.679769
v 0.301102 5.458378 5.770652
v 1.722883 5.582432 5.499433
v 3.032547 5.706486 4.883152
v 4.147802 5.830541 3.960533
v 4.998574 5.954595 2.789547
v 5.531404 6.078649 1.443771
v 5.712814 6.202703 0.007765
v 5.531404 6.326756 -1.428240
v 4.998574 6.450811 -2.774016
v 4.147802 6.574865 -3.945002
v 3.032547 6.698919 -4.867622
v 1.722883 6.822973 -5.483902
v 0.301102 6.947027 -5.755122
v -1.143460 7.071081 -5.664238
v -2.520038 7.195135 -5.216961
v -3.742133 7.319189 -4.441395
v -4.732960 7.443243 -3.386272
v -5.430259 7.567297 -2.117890
v -5.790217 7.691351 -0.715944
v -5.790217 7.815405 0.731475
v -5.430259 7.939459 2.133420
v -4.732960 8.063514 3.401803
v -3.742133 8.187568 4.456926
v -2.520038 8.311622 5.232491
v -1.143460 8.435676 5.679769
v 0.301102 8.559730 5.770652
v 1.722883 8.683784 5.499433
v 3.032547 8.807837 4.883152
v 4.147802 8.931891 3.960533
v 4.998574 9.055945 2.789547
v 5.531404 9.179999 1.443771
v 5.712814 9.304054 0.007765
v 5.531404 9.428108 -1.428240
v 4.998574 0.248108 -2.774016
v 4.147802 0.372162 -3.945002
v 3.032547 0.496216 -4.867622
v 1.722883 0.620270 -5.483902
v 0.301102 0.744324 -5.755122
v -1.143460 0.868378 -5.664238
v -2.520038 0.992432 -5.216961
v -3.742133 1.116487 -4.441395
v -4.732960 1.240541 -3.386272
v -5.430259 1.364594 -2.117890
v -5.790217 1.488649 -0.715944
v -5.790217 1.612703 0.731475
v -5.430259 1.736757 2.133420
v -4.732960 1.860811 3.401803
v -3.742133 1.984865 4.456926
v -2.520038 2.108919 5.232491
v -1.143460 2.232973 5.679769
v 0.301102 2.357027 5.770652
v 1.722883 2.481081 5.499433
v 3.032547 2.605135 4.883152
v 4.147802 2.729189 3.960533
v 4.998574 2.853243 2.789547
v 5.531404 2.977297 1.443771
v 5.712814 3.101351 0.007765
v 5.531404 3.225405 -1.428240
v 4.998574 3.349459 -2.774016
v 4.147802 3.473513 -3.945002
v 3.032547 3.597568 -4.867622
v 1.722883 3.721622 -5.483902
v 0.301102 3.845676 -5.755122
v -1.143460 3.969730 -5.664238
v -2.520038 4.093784 -5.216961
v -3.742133 4.217838 -4.441395
v -4.732960 4.341892 -3.386272
v -5.430259 4.465946 -2.117890
v -5.790217 4.590000 -0.715944
v -5.790217 4.714054 0.731475
v -5.430259 4.838108 2.133420
v -4.732960 4.962162 3.401803
v -3.742133 5.086216 4.456926
v -2.520038 5.210270 5.232491
v -1.143460 5.334324 5.679769
v 0.301102 5.458378 5.770652
v 1.722883 5.582432 5.499433
v 3.032547 5.706486 4.883152
v 4.147802 5.830541 3.960533
v 4.998574 5.954595 2.789547
v 5.531404 6.078649 1.443771
v 5.712814 6.202703 0.007765
v 5.531404 6.326756 -1.428240
v 4.998574 6.450811 -2.774016
v 4.147802 6.574865 -3.945002
v 3.032547 6.698919 -4.867622
v 1.722883 6.822973 -5.483902
v 0.301102 6.947027 -5.755122
v -1.143460 7.071081 -5.664238
v -2.520038 7.195135 -5.216961
v -3.742133 7.319189 -4.441395
v -4.732960 7.443243 -3.386272
v -5.430259 7.567297 -2.117890
v -5.790217 7.691351 -0.715944
v -5.790217 7.815405 0.731475
v -5.430259 7.939459 2.133420
v -4.732960 8.063514 3.401803
v -3.742133 8.187568 4.456926
v -2.520038 8.311622 5.232491
v -1.143460 8.435676 5.679769
v 0.301102 8.559730 5.770652
v 1.722883 8.683784 5.499433
v 3.032547 8.807837 4.883152
v 4.147802 8.931891 3.960533
v 4.998574 9.055945 2.789547
v 5.531404 9.179999 1.443771
v 5.712814 9.304054 0.007765
v -4.732960 5.195804 3.401803
v -2.520038 2.342560 5.232491
v -4.732960 5.195804 3.401803
v -2.520038 2.342560 5.232491
v 3.324973 0.077363 0.127367
v 3.228094 0.113314 0.536159
v 3.081465 0.188457 0.927364
v 2.887957 0.251275 1.294993
v 2.651149 0.314094 1.633498
v 2.375272 0.376913 1.937854
v 2.065126 0.439732 2.203635
v 1.726005 0.502550 2.427075
v 1.363601 0.565369 2.605125
v 0.983910 0.628188 2.735490
v 0.593137 0.691007 2.816658
v 5.533048 0.077363 0.310046
v 5.371509 0.113314 0.991679
v 5.127015 0.188457 1.643986
v 4.804353 0.251275 2.256982
v 4.409492 0.314094 2.821416
v 3.949486 0.376913 3.328909
v 3.432339 0.439732 3.772081
v 2.866878 0.502550 4.144652
v 2.262594 0.565369 4.441538
v 1.629485 0.628188 4.658913
v 0.977898 0.691007 4.794255
v 0.977898 0.691007 4.794255
v 0.510780 0.765192 4.831170
v 0.045478 0.839377 4.809247
v -0.410672 0.913562 4.729526
v -0.850560 0.987747 4.593948
v -1.267423 1.061933 4.405323
v -1.654941 1.136117 4.167267
v -2.007335 1.210303 3.884140
v -2.319454 1.284488 3.560968
v -2.586850 1.358673 3.203351
v -2.805837 1.432858 2.817369
v -2.984031 1.507043 1.465753
v -3.098444 1.581229 1.042684
v -3.158414 1.655414 0.611322
v -3.163673 1.729599 0.178597
v -3.114829 1.803784 -0.248622
v -3.013343 1.877969 -0.663641
v -2.861493 1.952155 -1.060044
v -2.662334 2.026340 -1.431793
v -2.419630 2.100525 -1.773321
v -2.137792 2.174710 -2.079611
v -1.821801 2.248895 -2.346275
v -1.477110 2.323080 -2.569610
v -1.109564 2.397265 -2.746654
v -0.725291 2.471451 -2.875220
v -0.330606 2.545636 -2.953925
v 0.068094 2.619821 -2.982196
v 0.464436 2.694006 -2.960274
v 0.852167 2.768191 -2.889196
v 1.225262 2.842376 -2.770768
v 1.578006 2.916562 -2.607529
v 1.905092 2.990746 -2.402696
v 2.201695 3.064932 -2.160104
v 2.463544 3.139117 -1.884139
v 2.686982 3.213303 -1.579657
v 2.869019 3.287488 -1.251901
v 3.007367 3.361673 -0.906410
v 3.100470 3.435858 -0.548927
v 3.147517 3.510043 -0.185303
v 3.148446 3.584228 0.178596
v 3.103933 3.658413 0.536990
v 0.596090 0.691007 2.831834
v 0.083404 0.765192 2.820735
v -0.150619 0.839377 2.809709
v -0.380038 0.913562 2.769613
v -0.601280 0.987747 2.701425
v -0.810940 1.061933 2.606555
v -1.005841 1.136117 2.486826
v -1.183077 1.210303 2.344428
v -1.340057 1.284488 2.181889
v -1.474543 1.358673 2.002026
v -1.584682 1.432858 1.807897
v -1.679516 1.507043 0.659024
v -1.737060 1.581229 0.446242
v -1.767221 1.655414 0.229289
v -1.769866 1.729599 0.011651
v -1.745300 1.803784 -0.203218
v -1.694258 1.877969 -0.411951
v -1.617886 1.952155 -0.611321
v -1.517719 2.026340 -0.798292
v -1.395651 2.100525 -0.970063
v -1.253902 2.174710 -1.124111
v -1.094974 2.248895 -1.258229
v -0.921613 2.323080 -1.370555
v -0.736756 2.397265 -1.459599
v -0.543487 2.471451 -1.524261
v -0.344981 2.545636 -1.563845
v -0.144455 2.619821 -1.578064
v 0.054884 2.694006 -1.567039
v 0.249893 2.768191 -1.531290
v 0.437540 2.842376 -1.471727
v 0.614952 2.916562 -1.389626
v 0.779460 2.990746 -1.286606
v 0.928636 3.064932 -1.164594
v 1.060332 3.139117 -1.025798
v 1.172710 3.213303 -0.872660
v 1.264265 3.287488 -0.707815
v 1.333847 3.361673 -0.534051
v 1.380673 3.435858 -0.354256
v 1.404335 3.510043 -0.171372
v 1.404802 3.584228 0.011650
v 1.382414 3.658413 0.191904
v 3.103933 3.658413 1.668929
v 1.382414 3.658413 1.323843
v -1.415629 5.291701 -1.287134
v 0.123360 5.291701 -1.287134
v 0.123360 5.291701 -0.124374
v 0.123360 5.291701 -1.287134
v 0.631812 5.291701 -0.124374
v 0.631812 5.291701 -1.287134
v 3.264125 9.428108 -4.204668
v 5.531404 9.428108 -4.794823
v 0.156258 5.520567 0.756653
v 0.156258 5.520567 0.756653
v 3.370000 9.304054 0.000000
v 3.264125 9.428108 -0.838085
v 5.712814 9.304054 0.007765
v 5.531404 9.428108 -1.428240
vn 0.0026 -0.9299 -0.3678
vn 0.0588 -0.9251 -0.3753
vn 0.0386 -0.9265 -0.3742
vn -0.0192 -0.9323 -0.3611
vn -0.2650 -0.9537 0.1422
vn -0.2734 -0.9602 0.0563
vn -0.2730 -0.9613 0.0360
vn -0.2695 -0.9559 0.1164
vn 0.2767 -0.9365 -0.2152
vn 0.0907 -0.9937 -0.0652
vn 0.1349 -0.9861 -0.0970
vn 0.2736 -0.9358 -0.2221
vn -0.0567 -0.9635 0.2618
vn -0.0701 -0.9597 0.2722
vn -0.0892 -0.9449 0.3149
vn -0.0586 -0.9653 0.2545
vn 0.1083 -0.9228 -0.3696
vn 0.0910 -0.9234 -0.3730
vn -0.2632 -0.9638 -0.0415
vn -0.2614 -0.9639 -0.0499
vn -0.1093 -0.9346 0.3386
vn -0.1259 -0.9345 0.3328
vn 0.1509 -0.9228 -0.3545
vn 0.1367 -0.9226 -0.3607
vn -0.2320 -0.9625 -0.1410
vn -0.2343 -0.9627 -0.1355
vn -0.1440 -0.9349 0.3244
vn -0.1610 -0.9356 0.3141
vn 0.1867 -0.9244 -0.3327
vn 0.1757 -0.9237 -0.3404
vn -0.1827 -0.9561 -0.2293
vn -0.1927 -0.9575 -0.2146
vn -0.1791 -0.9369 0.3002
vn -0.1954 -0.9385 0.2846
vn 0.2165 -0.9269 -0.3065
vn 0.2082 -0.9261 -0.3147
vn -0.1226 -0.9468 -0.2976
vn -0.1396 -0.9494 -0.2812
vn -0.2131 -0.9409 0.2633
vn -0.2271 -0.9432 0.2423
vn 0.2410 -0.9300 -0.2775
vn 0.2348 -0.9291 -0.2856
vn -0.0590 -0.9374 -0.3431
vn -0.0800 -0.9404 -0.3305
vn -0.2431 -0.9467 0.2113
vn -0.2530 -0.9494 0.1861
vn 0.2609 -0.9333 -0.2468
vn 0.2564 -0.9325 -0.2544
vn -0.0408 -0.9752 0.2175
vn -0.0460 -0.9709 0.2349
vn -0.0488 -0.9685 0.2441
vn -0.0000 -1.0000 -0.0000
vn -0.0614 -0.9943 0.0874
vn -0.0382 -0.9943 0.0998
vn -0.0380 -0.9943 0.0998
vn -0.0612 -0.9943 0.0876
vn -0.0809 -0.9943 0.0697
vn -0.0807 -0.9943 0.0700
vn -0.0128 -0.9943 0.1061
vn 0.0134 -0.9943 0.1060
vn -0.0127 -0.9943 0.1061
vn 0.0387 -0.9943 0.0995
vn 0.0386 -0.9943 0.0996
vn 0.0618 -0.9943 0.0871
vn 0.0616 -0.9943 0.0872
vn 0.0812 -0.9943 0.0694
vn 0.0810 -0.9943 0.0696
vn 0.0957 -0.9943 0.0474
vn 0.0956 -0.9943 0.0477
vn 0.1045 -0.9943 0.0224
vn 0.1044 -0.9943 0.0228
vn 0.1067 -0.9943 -0.0042
vn 0.1067 -0.9943 -0.0037
vn 0.1023 -0.9943 -0.0306
vn 0.1024 -0.9943 -0.0302
vn 0.0914 -0.9943 -0.0552
vn 0.0916 -0.9943 -0.0549
vn 0.0745 -0.9943 -0.0765
vn 0.0748 -0.9943 -0.0762
vn 0.0528 -0.9943 -0.0928
vn 0.0530 -0.9943 -0.0927
vn 0.0275 -0.9943 -0.1031
vn 0.0276 -0.9943 -0.1031
vn 0.0142 -0.9942 -0.1067
vn 0.0003 -0.9943 -0.1067
vn 0.0004 -0.9943 -0.1067
vn -0.0269 -0.9943 -0.1033
vn -0.0523 -0.9943 -0.0931
vn -0.0524 -0.9943 -0.0930
vn -0.0742 -0.9943 -0.0768
vn -0.0744 -0.9943 -0.0766
vn -0.0033 -0.9994 -0.0341
vn -0.0214 -0.9976 -0.0663
vn -0.0227 -0.9974 -0.0686
vn -0.0912 -0.9943 -0.0555
vn -0.0914 -0.9943 -0.0552
vn -0.1023 -0.9943 -0.0308
vn -0.1024 -0.9943 -0.0304
vn -0.1067 -0.9943 -0.0042
vn -0.1067 -0.9943 -0.0038
vn -0.1044 -0.9943 0.0225
vn -0.1043 -0.9943 0.0229
vn -0.0956 -0.9943 0.0476
vn -0.0954 -0.9943 0.0480
vn -0.0000 1.0000 -0.0000
vn -0.0234 -0.9949 0.0982
vn -0.0093 -0.9979 0.0636
vn -0.0220 -0.9953 0.0946
vn -0.0403 -0.9924 0.1160
vn -0.0399 -0.9923 0.1173
vn -0.0511 -0.9936 0.1009
vn -0.0504 -0.9936 0.1013
vn -0.0640 -0.9935 0.0940
vn -0.0633 -0.9935 0.0944
vn -0.0760 -0.9934 0.0855
vn -0.0754 -0.9934 0.0859
vn -0.0869 -0.9934 0.0753
vn -0.0864 -0.9934 0.0758
vn -0.0964 -0.9933 0.0637
vn -0.0961 -0.9933 0.0642
vn -0.1045 -0.9932 0.0508
vn -0.1042 -0.9932 0.0513
vn -0.1108 -0.9932 0.0369
vn -0.1106 -0.9932 0.0374
vn -0.1135 -0.9931 0.0300
vn 0.1937 -0.9726 -0.1287
vn 0.2132 -0.9721 -0.0978
vn 0.2124 -0.9721 -0.0993
vn 0.1931 -0.9726 -0.1296
vn -0.1817 -0.9752 -0.1262
vn -0.1647 -0.9750 -0.1493
vn -0.1618 -0.9749 -0.1527
vn -0.1793 -0.9752 -0.1298
vn 0.0815 -0.9664 0.2436
vn 0.0552 -0.9661 0.2522
vn 0.0568 -0.9661 0.2518
vn 0.0833 -0.9665 0.2429
vn 0.2276 -0.9716 -0.0647
vn 0.2268 -0.9716 -0.0668
vn -0.1120 -0.9861 -0.1231
vn -0.0845 -0.9917 -0.0972
vn 0.0285 -0.9657 0.2580
vn 0.0298 -0.9657 0.2578
vn 0.2368 -0.9711 -0.0304
vn 0.2363 -0.9711 -0.0331
vn -0.0653 -0.9916 -0.1117
vn -0.0806 -0.9861 -0.1456
vn 0.0016 -0.9653 0.2610
vn 0.0025 -0.9653 0.2610
vn 0.2409 -0.9706 0.0041
vn 0.2407 -0.9706 0.0011
vn -0.0922 -0.9744 -0.2048
vn -0.0884 -0.9744 -0.2066
vn -0.0253 -0.9649 0.2614
vn -0.0248 -0.9649 0.2614
vn 0.2400 -0.9700 0.0381
vn 0.2403 -0.9701 0.0348
vn -0.0616 -0.9743 -0.2165
vn -0.0578 -0.9743 -0.2176
vn -0.0178 -0.9925 0.1207
vn -0.0212 -0.9895 0.1433
vn 0.2345 -0.9695 0.0708
vn 0.2353 -0.9696 0.0675
vn -0.0287 -0.9742 -0.2237
vn -0.0252 -0.9742 -0.2242
vn -0.1489 -0.9884 0.0303
vn -0.1752 -0.9840 0.0313
vn -0.1835 -0.9825 0.0316
vn 0.2249 -0.9691 0.1017
vn 0.2261 -0.9691 0.0985
vn 0.0059 -0.9741 -0.2260
vn 0.0089 -0.9741 -0.2259
vn -0.2107 -0.9773 0.0223
vn -0.2112 -0.9773 0.0193
vn 0.2116 -0.9686 0.1304
vn 0.2132 -0.9687 0.1274
vn 0.0412 -0.9740 -0.2228
vn 0.0436 -0.9740 -0.2224
vn -0.2136 -0.9769 -0.0016
vn -0.2138 -0.9769 -0.0049
vn 0.1951 -0.9682 0.1565
vn 0.1970 -0.9683 0.1539
vn 0.0762 -0.9738 -0.2141
vn 0.0780 -0.9738 -0.2135
vn -0.2137 -0.9765 -0.0262
vn -0.2135 -0.9765 -0.0298
vn 0.1760 -0.9678 0.1798
vn 0.1781 -0.9679 0.1775
vn 0.1100 -0.9736 -0.2000
vn 0.1110 -0.9736 -0.1995
vn -0.2108 -0.9762 -0.0514
vn -0.2101 -0.9761 -0.0552
vn 0.1546 -0.9675 0.2002
vn 0.1568 -0.9675 0.1984
vn 0.1414 -0.9733 -0.1806
vn 0.1417 -0.9733 -0.1804
vn -0.2046 -0.9758 -0.0767
vn -0.2034 -0.9758 -0.0806
vn 0.1315 -0.9671 0.2176
vn 0.1337 -0.9672 0.2162
vn 0.1696 -0.9730 -0.1566
vn 0.1693 -0.9730 -0.1569
vn -0.1949 -0.9755 -0.1018
vn -0.1931 -0.9755 -0.1056
vn 0.1070 -0.9668 0.2321
vn 0.1091 -0.9668 0.2310
vn -0.0135 -0.9942 -0.1068
s 1
f 20//1 21//2 44//3 43//4
f 13//5 14//6 37//7 36//8
f 28//9 29//10 52//11 51//12
f 6//13 7//14 30//15 1//16
f 21//2 22//17 45//18 44//3
f 14//6 15//19 38//20 37//7
f 7//14 8//21 31//22 30//15
f 22//17 23//23 46//24 45//18
f 15//19 16//25 39//26 38//20
f 8//21 9//27 32//28 31//22
f 23//23 24//29 47//30 46//24
f 16//25 17//31 40//32 39//26
f 9//27 10//33 33//34 32//28
f 24//29 25//35 48//36 47//30
f 17//31 18//37 41//38 40//32
f 10//33 11//39 34//40 33//34
f 25//35 26//41 49//42 48//36
f 18//37 19//43 42//44 41//38
f 11//39 12//45 35//46 34//40
f 26//41 27//47 50//48 49//42
f 4//49 5//50 2//51 3//49
f 19//43 20//1 43//4 42//44
f 12//45 13//5 36//8 35//46
f 27//47 28//9 51//12 50//48
f 5//50 6//13 1//16 2//51
f 52//11 29//10 53//52 54//52
f 90//53 91//54 168//55 167//56
f 64//57 65//53 142//56 141//58
f 117//59 118//60 195//60 194//61
f 91//54 92//59 169//61 168//55
f 65//53 66//54 143//55 142//56
f 118//60 119//62 196//63 195//60
f 92//59 93//60 170//60 169//61
f 66//54 67//59 144//61 143//55
f 119//62 120//64 197//65 196//63
f 93//60 94//62 171//63 170//60
f 67//59 68//60 145//60 144//61
f 120//64 121//66 198//67 197//65
f 94//62 95//64 172//65 171//63
f 68//60 69//62 146//63 145//60
f 121//66 122//68 199//69 198//67
f 95//64 96//66 173//67 172//65
f 69//62 70//64 147//65 146//63
f 122//68 123//70 200//71 199//69
f 96//66 97//68 174//69 173//67
f 70//64 71//66 148//67 147//65
f 123//70 124//72 201//73 200//71
f 97//68 98//70 175//71 174//69
f 71//66 72//68 149//69 148//67
f 124//72 125//74 202//75 201//73
f 98//70 99//72 176//73 175//71
f 72//68 73//70 150//71 149//69
f 125//74 126//76 203//77 202//75
f 99//72 100//74 177//75 176//73
f 73//70 74//72 151//73 150//71
f 126//76 127//78 204//79 203//77
f 100//74 101//76 178//77 177//75
f 74//72 75//74 152//75 151//73
f 127//78 128//80 205//81 204//79
f 101//76 102//78 179//79 178//77
f 75//74 76//76 153//77 152//75
f 128//80 129//82 206//83 205//81
f 102//78 103//80 180//81 179//79
f 76//76 77//78 154//79 153//77
f 129//82 130//84 207//84 206//83
f 103//80 104//82 181//83 180//81
f 77//78 78//80 155//81 154//79
f 104//82 105//85 182//86 181//83
f 78//80 79//82 156//83 155//81
f 105//85 106//87 183//87 182//86
f 79//82 80//85 157//86 156//83
f 106//87 107//88 184//89 183//87
f 80//85 81//87 158//87 157//86
f 107//88 108//90 185//91 184//89
f 81//87 82//88 159//89 158//87
f 55//92 56//93 133//94 132//92
f 108//90 109//95 186//96 185//91
f 82//88 83//90 160//91 159//89
f 56//93 57//88 134//89 133//94
f 109//95 110//97 187//98 186//96
f 83//90 84//95 161//96 160//91
f 57//88 58//90 135//91 134//89
f 110//97 111//99 188//100 187//98
f 84//95 85//97 162//98 161//96
f 58//90 59//95 136//96 135//91
f 111//99 112//101 189//102 188//100
f 85//97 86//99 163//100 162//98
f 59//95 60//97 137//98 136//96
f 112//101 113//103 190//104 189//102
f 86//99 87//101 164//102 163//100
f 60//97 61//99 138//100 137//98
f 113//103 114//57 191//58 190//104
f 87//101 88//103 165//104 164//102
f 61//99 62//101 139//102 138//100
f 114//57 115//53 192//56 191//58
f 88//103 89//57 166//58 165//104
f 62//101 63//103 140//104 139//102
f 115//53 116//54 193//55 192//56
f 89//57 90//53 167//56 166//58
f 63//103 64//57 141//58 140//104
f 116//54 117//59 194//61 193//55
f 196//105 197//105 272//105 271//105
f 144//105 145//105 220//105 219//105
f 197//105 198//105 273//105 272//105
f 171//105 172//105 247//105 246//105
f 145//105 146//105 221//105 220//105
f 198//105 199//105 274//105 273//105
f 172//105 173//105 248//105 247//105
f 146//105 147//105 222//105 221//105
f 199//105 200//105 275//105 274//105
f 173//105 174//105 249//105 248//105
f 147//105 148//105 223//105 222//105
f 200//105 201//105 276//105 275//105
f 174//105 175//105 250//105 249//105
f 148//105 149//105 224//105 223//105
f 201//105 202//105 277//105 276//105
f 175//105 176//105 251//105 250//105
f 149//105 150//105 225//105 224//105
f 202//105 203//105 278//105 277//105
f 176//105 177//105 252//105 251//105
f 150//105 151//105 226//105 225//105
f 203//105 204//105 279//105 278//105
f 177//105 178//105 253//105 252//105
f 151//105 152//105 227//105 226//105
f 204//105 205//105 280//105 279//105
f 178//105 179//105 254//105 253//105
f 152//105 153//105 228//105 227//105
f 205//105 206//105 281//105 280//105
f 179//105 180//105 255//105 254//105
f 153//105 154//105 229//105 228//105
f 206//105 207//105 282//105 281//105
f 180//105 181//105 256//105 255//105
f 154//105 155//105 230//105 229//105
f 155//105 156//105 231//105 230//105
f 182//105 183//105 258//105 257//105
f 156//105 157//105 232//105 231//105
f 183//105 184//105 259//105 258//105
f 157//105 158//105 233//105 232//105
f 184//105 185//105 260//105 259//105
f 158//105 159//105 234//105 233//105
f 185//105 186//105 261//105 260//105
f 159//105 160//105 235//105 234//105
f 186//105 187//105 262//105 261//105
f 160//105 161//105 236//105 235//105
f 134//105 135//105 210//105 209//105
f 187//105 188//105 263//105 262//105
f 161//105 162//105 237//105 236//105
f 135//105 136//105 211//105 210//105
f 188//105 189//105 264//105 263//105
f 162//105 163//105 238//105 237//105
f 136//105 137//105 212//105 211//105
f 189//105 190//105 265//105 264//105
f 163//105 164//105 239//105 238//105
f 137//105 138//105 213//105 212//105
f 190//105 191//105 266//105 265//105
f 164//105 165//105 240//105 239//105
f 138//105 139//105 214//105 213//105
f 191//105 192//105 267//105 266//105
f 165//105 166//105 241//105 240//105
f 139//105 140//105 215//105 214//105
f 192//105 193//105 268//105 267//105
f 166//105 167//105 242//105 241//105
f 140//105 141//105 216//105 215//105
f 193//105 194//105 269//105 268//105
f 167//105 168//105 243//105 242//105
f 141//105 142//105 217//105 216//105
f 194//105 195//105 270//105 269//105
f 142//105 143//105 218//105 217//105
f 195//105 196//105 271//105 270//105
f 169//105 170//105 245//105 244//105
f 143//105 144//105 219//105 218//105
f 149//105 224//105 284//105 286//105
f 172//105 247//105 283//105 285//105
f 288//106 287//107 298//107 299//108
f 289//109 288//106 299//108 300//110
f 290//111 289//109 300//110 301//112
f 291//113 290//111 301//112 302//114
f 292//115 291//113 302//114 303//116
f 293//117 292//115 303//116 304//118
f 294//119 293//117 304//118 305//120
f 295//121 294//119 305//120 306//122
f 296//123 295//121 306//122 307//124
f 297//125 296//123 307//124 308//125
f 330//126 331//127 372//128 371//129
f 317//130 318//131 359//132 358//133
f 344//134 345//135 386//136 385//137
f 331//127 332//138 373//139 372//128
f 318//131 319//140 360//141 359//132
f 345//135 346//142 387//143 386//136
f 332//138 333//144 374//145 373//139
f 319//140 320//146 361//147 360//141
f 346//142 347//148 388//149 387//143
f 333//144 334//150 375//151 374//145
f 320//146 321//152 362//153 361//147
f 347//148 348//154 389//155 388//149
f 334//150 335//156 376//157 375//151
f 321//152 322//158 363//159 362//153
f 348//154 349//160 390//161 389//155
f 335//156 336//162 377//163 376//157
f 322//158 323//164 364//165 363//159
f 309//166 310//167 351//168 350//166
f 336//162 337//169 378//170 377//163
f 323//164 324//171 365//172 364//165
f 310//167 311//173 352//174 351//168
f 337//169 338//175 379//176 378//170
f 324//171 325//177 366//178 365//172
f 311//173 312//179 353//180 352//174
f 338//175 339//181 380//182 379//176
f 325//177 326//183 367//184 366//178
f 312//179 313//185 354//186 353//180
f 339//181 340//187 381//188 380//182
f 326//183 327//189 368//190 367//184
f 313//185 314//191 355//192 354//186
f 340//187 341//193 382//194 381//188
f 327//189 328//195 369//196 368//190
f 314//191 315//197 356//198 355//192
f 341//193 342//199 383//200 382//194
f 328//195 329//201 370//202 369//196
f 315//197 316//203 357//204 356//198
f 342//199 343//205 384//206 383//200
f 329//201 330//126 371//129 370//202
f 316//203 317//130 358//133 357//204
f 343//205 344//134 385//137 384//206
f 390//161 349//160 391//52 392//52
f 53//52 29//10 393//52 394//52
f 395//52 396//52 398//52 397//52
f 397//52 54//52 53//52 395//52
f 208//52 131//52 399//52 400//52
f 403//207 404//207 406//207 405//207
l 401 402
l 401 53
o SpiralBordas
v 1.175576 4.086724 2.953766
v 1.428284 3.996401 2.718437
v 0.996576 4.138554 3.103936
v 0.872664 4.201373 3.168791
v 0.156258 5.520567 0.756653
v 3.286539 9.656974 -0.900784
v 5.553818 9.656974 -1.490939
v 3.347387 0.291685 0.064668
v 3.250508 0.342180 0.473460
v 3.103879 0.417322 0.864665
v 2.910370 0.480141 1.232294
v 2.673562 0.542960 1.570799
v 2.397686 0.605778 1.875154
v 2.087540 0.668597 2.140936
v 1.748419 0.731416 2.364376
v 1.386014 0.794235 2.542426
v 1.006324 0.857054 2.672791
v 0.615551 0.919872 2.753959
v 5.555462 0.291685 0.247347
v 5.393922 0.342180 0.928979
v 5.149429 0.417322 1.581287
v 4.826766 0.480141 2.194283
v 4.431905 0.542960 2.758717
v 3.971900 0.605778 3.266210
v 3.454753 0.668597 3.709382
v 2.889292 0.731416 4.081953
v 2.285007 0.794235 4.378839
v 1.651899 0.857054 4.596213
v 1.000311 0.919872 4.731556
v 1.000311 0.919872 4.731556
v 0.533194 0.994057 4.768471
v 0.067891 1.068243 4.746549
v -0.388258 1.142428 4.666826
v -0.828147 1.216613 4.531249
v -1.245010 1.290798 4.342624
v -1.632527 1.364983 4.104568
v -1.984921 1.439168 3.821440
v -2.297040 1.513354 3.498269
v -2.564436 1.587539 3.140651
v -2.783423 1.661724 2.754669
v -2.951133 1.735909 2.346781
v -3.065547 1.810094 1.923712
v -3.125516 1.884279 1.492349
v -3.130775 1.958465 1.059624
v 3.040264 3.590539 -0.025382
v 3.133368 3.664723 0.332101
v 0.618503 0.919872 2.769135
v 0.105818 0.994057 2.758035
v -0.128205 1.068243 2.747010
v -0.357625 1.142428 2.706914
v -0.578866 1.216613 2.638726
v -0.788526 1.290798 2.543856
v -0.983428 1.364983 2.424127
v -1.160663 1.439168 2.281729
v -1.317643 1.513354 2.119190
v -1.452129 1.587539 1.939327
v -1.562269 1.661724 1.745198
v -1.646618 1.735909 1.540051
v 1.413570 3.664723 0.526771
v 0.156258 5.520567 0.756653
v 0.156258 5.520567 -0.406106
v 0.664709 5.520567 -0.406106
v 3.286539 9.656974 -4.267366
v 5.553818 9.656974 -4.857522
v 3.323944 0.063486 0.131710
v 3.264125 0.124054 -0.838085
v 2.953153 0.248108 -1.623510
v 2.456624 0.372162 -2.306924
v 1.805736 0.496216 -2.845385
v 1.041387 0.620270 -3.205060
v 0.211604 0.744324 -3.363350
v -0.631475 0.868378 -3.310308
v -1.434876 0.992432 -3.049267
v -2.148119 1.116486 -2.596630
v -2.726387 1.240541 -1.980836
v -3.133347 1.364595 -1.240580
v -3.343426 1.488649 -0.422373
v -3.343426 1.612703 0.422373
v -3.133347 1.736757 1.240580
v -2.726387 1.860811 1.980836
v -2.148119 1.984865 2.596630
v -1.434876 2.108919 3.049267
v -0.631475 2.232973 3.310308
v 0.211604 2.357027 3.363350
v 1.041387 2.481081 3.205060
v 1.805736 2.605135 2.845385
v 2.456624 2.729189 2.306924
v 2.953153 2.853243 1.623510
v 3.264125 2.977297 0.838085
v 3.370000 3.101351 -0.000000
v 3.264125 3.225405 -0.838085
v 2.953153 3.349459 -1.623510
v 2.456624 3.473513 -2.306924
v 1.805736 3.597568 -2.845385
v 1.041387 3.721622 -3.205060
v 0.211604 3.845676 -3.363350
v -0.631475 3.969730 -3.310308
v -1.434876 4.093784 -3.049267
v -2.148119 4.217838 -2.596630
v -2.726387 4.341892 -1.980836
v -3.133347 4.465946 -1.240580
v -3.343426 4.590000 -0.422373
v -3.343426 4.714054 0.422373
v -3.133347 4.838108 1.240580
v -2.726387 4.962162 1.980836
v -2.148119 5.086216 2.596630
v -1.434876 5.210270 3.049267
v -0.631475 5.334324 3.310308
v 0.211604 5.458378 3.363350
v 1.041387 5.582432 3.205060
v 1.805736 5.706486 2.845385
v 2.456624 5.830541 2.306924
v 2.953153 5.954595 1.623510
v 3.264125 6.078649 0.838085
v 3.370000 6.202703 -0.000000
v 3.264125 6.326756 -0.838085
v 2.953153 6.450811 -1.623510
v 2.456624 6.574865 -2.306924
v 1.805736 6.698919 -2.845385
v 1.041387 6.822973 -3.205060
v 0.211604 6.947027 -3.363350
v -0.631475 7.071081 -3.310308
v -1.434876 7.195135 -3.049267
v -2.148119 7.319189 -2.596630
v -2.726387 7.443243 -1.980836
v -3.133347 7.567297 -1.240580
v -3.343426 7.691351 -0.422373
v -3.343426 7.815405 0.422373
v -3.133347 7.939459 1.240580
v -2.726387 8.063514 1.980836
v -2.148119 8.187568 2.596630
v -1.434876 8.311622 3.049267
v -0.631475 8.435676 3.310308
v 0.211604 8.559730 3.363350
v 1.041387 8.683784 3.205060
v 1.805736 8.807837 2.845385
v 2.456624 8.931891 2.306924
v 2.953153 9.055945 1.623510
v 3.264125 9.179999 0.838085
v 3.370000 9.304054 0.000000
v 3.264125 9.428108 -0.838085
v 5.532531 0.062819 0.310003
v 5.531404 0.124054 -1.428240
v 4.998574 0.248108 -2.774016
v -5.430259 4.465946 -2.117890
v -5.790217 4.590000 -0.715944
v -5.790217 4.714054 0.731475
v -5.430259 4.838108 2.133420
v 5.531404 6.078649 1.443771
v 5.712814 6.202703 0.007765
v 5.712814 9.304054 0.007765
v 5.531404 9.428108 -1.428240
v 5.531404 0.124054 -1.428240
v 4.998574 0.248108 -2.774016
v 4.147802 0.372162 -3.945002
v 3.032547 0.496216 -4.867622
v 1.722883 0.620270 -5.483902
v 0.301102 0.744324 -5.755122
v -1.143460 0.868378 -5.664238
v -2.520038 0.992432 -5.216961
v -3.742133 1.116487 -4.441395
v -4.732960 1.240541 -3.386272
v -5.430259 1.364594 -2.117890
v -5.790217 1.488649 -0.715944
v -5.790217 1.612703 0.731475
v -5.430259 1.736757 2.133420
v -4.732960 1.860811 3.401803
v -3.742133 1.984865 4.456926
v -2.520038 2.108919 5.232491
v -1.143460 2.232973 5.679769
v 0.301102 2.357027 5.770652
v 1.722883 2.481081 5.499433
v 3.032547 2.605135 4.883152
v 4.147802 2.729189 3.960533
v 4.998574 2.853243 2.789547
v 5.531404 2.977297 1.443771
v 5.712814 3.101351 0.007765
v 5.531404 3.225405 -1.428240
v 4.998574 3.349459 -2.774016
v 4.147802 3.473513 -3.945002
v 3.032547 3.597568 -4.867622
v 1.722883 3.721622 -5.483902
v 0.301102 3.845676 -5.755122
v -1.143460 3.969730 -5.664238
v -2.520038 4.093784 -5.216961
v -3.742133 4.217838 -4.441395
v -4.732960 4.341892 -3.386272
v -5.430259 4.465946 -2.117890
v -5.790217 4.590000 -0.715944
v -5.790217 4.714054 0.731475
v -5.430259 4.838108 2.133420
v -4.732960 4.962162 3.401803
v -3.742133 5.086216 4.456926
v -2.520038 5.210270 5.232491
v -1.143460 5.334324 5.679769
v 0.301102 5.458378 5.770652
v 1.722883 5.582432 5.499433
v 3.032547 5.706486 4.883152
v 4.147802 5.830541 3.960533
v 4.998574 5.954595 2.789547
v 5.531404 6.078649 1.443771
v 5.712814 6.202703 0.007765
v 5.531404 6.326756 -1.428240
v 4.998574 6.450811 -2.774016
v 4.147802 6.574865 -3.945002
v 3.032547 6.698919 -4.867622
v 1.722883 6.822973 -5.483902
v 0.301102 6.947027 -5.755122
v -1.143460 7.071081 -5.664238
v -2.520038 7.195135 -5.216961
v -3.742133 7.319189 -4.441395
v -4.732960 7.443243 -3.386272
v -5.430259 7.567297 -2.117890
v -5.790217 7.691351 -0.715944
v -5.790217 7.815405 0.731475
v -5.430259 7.939459 2.133420
v -4.732960 8.063514 3.401803
v -3.742133 8.187568 4.456926
v -2.520038 8.311622 5.232491
v -1.143460 8.435676 5.679769
v 0.301102 8.559730 5.770652
v 1.722883 8.683784 5.499433
v 3.032547 8.807837 4.883152
v 4.147802 8.931891 3.960533
v 4.998574 9.055945 2.789547
v 5.531404 9.179999 1.443771
v 5.712814 9.304054 0.007765
v 5.531404 9.428108 -1.428240
v 5.531404 9.413641 1.443771
v 4.998574 9.289587 2.789547
v 4.147802 9.165533 3.960533
v 3.032547 9.041479 4.883152
v 1.722883 8.917425 5.499433
v 0.301102 8.793371 5.770652
v -1.143460 8.669317 5.679769
v -2.520038 8.545263 5.232491
v -3.742133 8.421209 4.456926
v -4.732960 8.297155 3.401803
v -5.430259 8.173100 2.133420
v -5.790217 8.049047 0.731475
v -5.790217 7.924993 -0.715944
v -5.430259 7.800939 -2.117890
v -4.732960 7.676885 -3.386272
v -3.742133 7.552831 -4.441395
v -2.520038 7.428777 -5.216961
v -1.143460 7.304723 -5.664238
v 0.301102 7.180668 -5.755122
v 1.722883 7.056614 -5.483902
v 3.032547 6.932560 -4.867622
v 4.147802 6.808506 -3.945002
v 4.998574 6.684453 -2.774016
v 5.531404 6.560398 -1.428240
v 5.712814 6.436344 0.007765
v 5.531404 6.312290 1.443771
v 4.998574 6.188236 2.789547
v 4.147802 6.064182 3.960533
v 3.032547 5.940128 4.883152
v 1.722883 5.816074 5.499433
v 0.301102 5.692020 5.770652
v -1.143460 5.567966 5.679769
v -2.520038 5.443912 5.232491
v -3.742133 5.319858 4.456926
v -4.732960 5.195804 3.401803
v -5.430259 5.071750 2.133420
v -5.790217 4.947696 0.731475
v -5.790217 4.823642 -0.715944
v -5.430259 4.699587 -2.117890
v -4.732960 4.575533 -3.386272
v -3.742133 4.451479 -4.441395
v -2.520038 4.327425 -5.216961
v -1.143460 4.203371 -5.664238
v 0.301102 4.079317 -5.755122
v 1.722883 3.955263 -5.483902
v 3.032547 3.831209 -4.867622
v 4.147802 3.707155 -3.945002
v 4.998574 3.583101 -2.774016
v 5.531404 3.459047 -1.428240
v 5.712814 3.334993 0.007765
v 5.531404 3.210939 1.443771
v 4.998574 3.086884 2.789547
v 4.147802 2.962831 3.960533
v 3.032547 2.838777 4.883152
v 1.722883 2.714722 5.499433
v 0.301102 2.590668 5.770652
v -1.143460 2.466614 5.679769
v -2.520038 2.342560 5.232491
v -3.742133 2.218506 4.456926
v -4.732960 2.094452 3.401803
v -5.430259 1.970398 2.133420
v -5.790217 1.846344 0.731475
v -5.790217 1.722290 -0.715944
v -5.430259 1.598236 -2.117890
v -4.732960 1.474182 -3.386272
v -3.742133 1.350128 -4.441395
v -2.520038 1.226074 -5.216961
v -1.143460 1.102020 -5.664238
v 0.301102 0.977966 -5.755122
v 1.722883 0.853912 -5.483902
v 3.032547 0.729858 -4.867622
v 4.147802 0.605804 -3.945002
v 4.998574 0.481749 -2.774016
v 5.531404 0.357695 -1.428240
v 5.531404 0.357695 -1.428240
v 5.532531 0.296460 0.310003
v 3.264125 9.661750 -0.838085
v 3.370000 9.537696 0.000000
v 3.264125 9.413641 0.838085
v 2.953153 9.289587 1.623510
v 2.456624 9.165533 2.306924
v 1.805736 9.041479 2.845385
v 1.041387 8.917425 3.205060
v 0.211604 8.793371 3.363350
v -0.631475 8.669317 3.310308
v -1.434876 8.545263 3.049267
v -2.148119 8.421209 2.596630
v -2.726387 8.297155 1.980836
v -3.133347 8.173100 1.240580
v -3.343426 8.049047 0.422373
v -3.343426 7.924993 -0.422373
v -3.133347 7.800939 -1.240580
v -2.726387 7.676885 -1.980836
v -2.148119 7.552831 -2.596630
v -1.434876 7.428777 -3.049267
v -0.631475 7.304723 -3.310308
v 0.211604 7.180668 -3.363350
v 1.041387 7.056614 -3.205060
v 1.805736 6.932560 -2.845385
v 2.456624 6.808506 -2.306924
v 2.953153 6.684453 -1.623510
v 3.264125 6.560398 -0.838085
v 3.370000 6.436344 -0.000000
v 3.264125 6.312290 0.838085
v 2.953153 6.188236 1.623510
v 2.456624 6.064182 2.306924
v 1.805736 5.940128 2.845385
v 1.041387 5.816074 3.205060
v 0.211604 5.692020 3.363350
v -0.631475 5.567966 3.310308
v -1.434876 5.443912 3.049267
v -2.148119 5.319858 2.596630
v -2.726387 5.195804 1.980836
v -3.133347 5.071750 1.240580
v -3.343426 4.947696 0.422373
v -3.343426 4.823642 -0.422373
v -3.133347 4.699587 -1.240580
v -2.726387 4.575533 -1.980836
v -2.148119 4.451479 -2.596630
v -1.434876 4.327425 -3.049267
v -0.631475 4.203371 -3.310308
v 0.211604 4.079317 -3.363350
v 1.041387 3.955263 -3.205060
v 1.805736 3.831209 -2.845385
v 2.456624 3.707155 -2.306924
v 2.953153 3.583101 -1.623510
v 3.264125 3.459047 -0.838085
v 3.370000 3.334993 -0.000000
v 3.264125 3.210939 0.838085
v 2.953153 3.086884 1.623510
v 2.456624 2.962831 2.306924
v 1.805736 2.838777 2.845385
v 1.041387 2.714722 3.205060
v 0.211604 2.590668 3.363350
v -0.631475 2.466614 3.310308
v -1.434876 2.342560 3.049267
v -2.148119 2.218506 2.596630
v -2.726387 2.094452 1.980836
v -3.133347 1.970398 1.240580
v -3.343426 1.846344 0.422373
v -3.343426 1.722290 -0.422373
v -3.133347 1.598236 -1.240580
v -2.726387 1.474182 -1.980836
v -2.148119 1.350128 -2.596630
v -1.434876 1.226074 -3.049267
v -0.631475 1.102020 -3.310308
v 0.211604 0.977966 -3.363350
v 1.041387 0.853912 -3.205060
v 1.805736 0.729858 -2.845385
v 2.456624 0.605804 -2.306924
v 2.953153 0.481750 -1.623510
v 3.264125 0.357696 -0.838085
v 5.712814 9.537696 0.007765
v 5.531404 9.661750 -1.428240
v 3.323944 0.297128 0.131710
v 3.264125 0.357696 -0.838085
v 1.144943 3.857858 2.072738
v 1.397650 3.767535 1.837409
v 1.384679 3.658413 1.323843
v 3.106197 3.658413 1.668929
v 2.895568 3.784051 2.170778
v 2.652052 3.846870 2.385146
v 2.380033 3.909689 2.570978
v 2.084288 3.972507 2.725770
v 1.769895 4.035326 2.847556
v 1.442153 4.098145 2.934927
v 1.106493 4.160964 2.987051
v 0.768384 4.223783 3.003672
v 0.433245 4.286601 2.985109
v 0.106364 4.349420 2.932240
v -0.207194 4.412239 2.846479
v -0.502659 4.475058 2.729748
v -0.775633 4.537876 2.584430
v -1.022152 4.600695 2.413331
v -1.238745 4.663514 2.219623
v -1.422478 4.726333 2.006786
v -1.571001 4.789151 1.778553
v -1.682570 4.851971 1.538834
v -1.756064 4.914789 1.291660
v -1.790998 4.977608 1.041111
v -1.787516 5.040426 0.791247
v -1.746381 5.103246 0.546045
v -1.668946 5.166064 0.309335
v -1.557128 5.228883 0.084742
v -1.413365 5.291701 -0.124374
v 0.965943 3.909689 2.222908
v 0.842031 3.972507 2.287763
v 0.710307 4.035326 2.338789
v 0.572989 4.098145 2.375396
v 0.432354 4.160964 2.397235
v 0.290693 4.223783 2.404199
v 0.150277 4.286601 2.396421
v 0.013320 4.349420 2.374270
v -0.118055 4.412239 2.338338
v -0.241849 4.475058 2.289430
v -0.356220 4.537876 2.228545
v -0.459506 4.600695 2.156857
v -0.550254 4.663514 2.075697
v -0.627235 4.726333 1.986523
v -0.689463 4.789151 1.890898
v -0.736208 4.851971 1.790460
v -0.767001 4.914789 1.686900
v -0.781637 4.977608 1.581924
v -0.780179 5.040426 1.477236
v -0.762944 5.103246 1.374501
v -0.730500 5.166064 1.275325
v -0.683651 5.228883 1.181224
v -0.623417 5.291701 1.093609
v 0.133844 5.291701 0.819352
v 0.915573 5.291701 1.093609
v 3.264125 9.428108 -0.838085
v 5.531404 9.428108 -1.428240
v 3.324973 0.062819 0.127367
v 3.228094 0.113314 0.536159
v 3.081465 0.188457 0.927364
v 2.887957 0.251275 1.294993
v 2.651149 0.314094 1.633498
v 2.375272 0.376913 1.937854
v 2.065126 0.439732 2.203635
v 1.726005 0.502550 2.427075
v 1.363601 0.565369 2.605125
v 0.983910 0.628188 2.735490
v 0.593137 0.691007 2.816658
v 5.533048 0.062819 0.310046
v 5.371509 0.113314 0.991679
v 5.127015 0.188457 1.643986
v 4.804353 0.251275 2.256982
v 4.409492 0.314094 2.821416
v 3.949486 0.376913 3.328909
v 3.432339 0.439732 3.772081
v 2.866878 0.502550 4.144652
v 2.262594 0.565369 4.441538
v 1.629485 0.628188 4.658913
v 0.977898 0.691007 4.794255
v 0.977898 0.691007 4.794255
v 0.510780 0.765192 4.831170
v 0.045478 0.839377 4.809247
v -0.410672 0.913562 4.729526
v -0.850560 0.987747 4.593948
v -1.267423 1.061933 4.405323
v -1.654941 1.136117 4.167267
v -2.007335 1.210303 3.884140
v -2.319454 1.284488 3.560968
v -2.586850 1.358673 3.203351
v -2.805837 1.432858 2.817369
v -2.981767 1.507043 1.465753
v -3.096180 1.581229 1.042684
v -3.156150 1.655414 0.611322
v -3.161409 1.729599 0.178597
v -3.112565 1.803784 -0.248622
v -3.011079 1.877969 -0.663640
v -2.859229 1.952155 -1.060044
v -2.660069 2.026340 -1.431793
v -2.417366 2.100525 -1.773321
v -2.135528 2.174710 -2.079611
v -1.819537 2.248895 -2.346275
v -1.474846 2.323080 -2.569610
v -1.107300 2.397265 -2.746654
v -0.723027 2.471451 -2.875220
v -0.328342 2.545636 -2.953925
v 0.070359 2.619821 -2.982196
v 0.466700 2.694006 -2.960274
v 0.854432 2.768191 -2.889196
v 1.227526 2.842376 -2.770768
v 1.580270 2.916562 -2.607529
v 1.907356 2.990746 -2.402696
v 2.203959 3.064932 -2.160104
v 2.465808 3.139117 -1.884139
v 2.689247 3.213303 -1.579657
v 2.871283 3.287488 -1.251901
v 3.009631 3.361673 -0.906410
v 3.102734 3.435858 -0.548927
v 3.149781 3.510043 -0.185303
v 3.150710 3.584228 0.178596
v 3.106197 3.658413 0.536990
v 0.596090 0.691007 2.831834
v 0.083404 0.765192 2.820735
v -0.150619 0.839377 2.809709
v -0.380038 0.913562 2.769613
v -0.601280 0.987747 2.701425
v -0.810940 1.061933 2.606555
v -1.005841 1.136117 2.486826
v -1.183077 1.210303 2.344428
v -1.340057 1.284488 2.181889
v -1.475430 1.359270 2.000463
v -1.581576 1.430766 1.813373
v -1.679333 1.506901 0.661234
v -1.734795 1.581229 0.446242
v -1.764957 1.655414 0.229289
v -1.767602 1.729599 0.011651
v -1.743036 1.803784 -0.203218
v -1.691994 1.877969 -0.411951
v -1.615621 1.952155 -0.611321
v -1.515455 2.026340 -0.798292
v -1.393387 2.100525 -0.970063
v -1.251637 2.174710 -1.124111
v -1.092710 2.248895 -1.258229
v -0.919349 2.323080 -1.370555
v -0.734492 2.397265 -1.459599
v -0.541222 2.471451 -1.524261
v -0.342716 2.545636 -1.563845
v -0.142191 2.619821 -1.578064
v 0.057148 2.694006 -1.567039
v 0.252157 2.768191 -1.531290
v 0.439804 2.842376 -1.471727
v 0.617216 2.916562 -1.389626
v 0.781724 2.990746 -1.286606
v 0.930900 3.064932 -1.164594
v 1.062596 3.139117 -1.025798
v 1.174974 3.213303 -0.872660
v 1.266529 3.287488 -0.707815
v 1.336111 3.361673 -0.534051
v 1.382937 3.435858 -0.354256
v 1.406599 3.510043 -0.171372
v 1.407066 3.584228 0.011650
v 1.384679 3.658413 0.191904
v 3.106197 3.658413 1.668929
v 1.384679 3.658413 1.323843
v -1.413365 5.291701 -1.287134
v 0.125624 5.291701 -1.287134
v 0.133844 5.291701 0.819352
v 0.125624 5.291701 -1.287134
v 0.634076 5.291701 -0.124374
v 0.634076 5.291701 -1.287134
v 3.264125 9.428108 -4.204668
v 5.531404 9.428108 -4.794823
v 1.167356 4.086724 2.010039
v 1.420064 3.996401 1.774710
v 1.407092 3.887279 1.261143
v 3.128611 3.887279 1.606230
v 2.917982 4.012917 2.108079
v 2.674465 4.075736 2.322447
v 2.402447 4.138554 2.508279
v 2.106701 4.201373 2.663071
v 1.792308 4.264192 2.784857
v 1.464567 4.327010 2.872228
v 1.128907 4.389830 2.924352
v 0.790797 4.452648 2.940973
v 0.455659 4.515467 2.922410
v 0.128778 4.578285 2.869540
v -0.184780 4.641105 2.783780
v -0.480246 4.703923 2.667049
v -0.753220 4.766742 2.521731
v -0.999739 4.829560 2.350631
v -1.216331 4.892380 2.156924
v -1.400064 4.955198 1.944087
v -1.548588 5.018017 1.715853
v -1.660156 5.080836 1.476135
v -1.733650 5.143655 1.228961
v -1.768584 5.206473 0.978412
v -1.765102 5.269292 0.728548
v -1.723967 5.332111 0.483346
v -1.646532 5.394930 0.246636
v -1.534715 5.457748 0.022043
v -1.390951 5.520567 -0.187073
v 0.988356 4.138554 2.160209
v 0.864445 4.201373 2.225064
v 0.732720 4.264192 2.276090
v 0.595403 4.327010 2.312697
v 0.454768 4.389830 2.334536
v 0.313107 4.452648 2.341500
v 0.172691 4.515467 2.333722
v 0.035734 4.578285 2.311571
v -0.095641 4.641105 2.275639
v -0.219435 4.703923 2.226731
v -0.333806 4.766742 2.165846
v -0.437093 4.829560 2.094158
v -0.527840 4.892380 2.012998
v -0.604821 4.955198 1.923824
v -0.667049 5.018017 1.828199
v -0.713794 5.080836 1.727761
v -0.744587 5.143655 1.624201
v -0.759224 5.206473 1.519225
v -0.757765 5.269292 1.414537
v -0.740530 5.332111 1.311802
v -0.708086 5.394930 1.212626
v -0.661237 5.457748 1.118525
v -0.601003 5.520567 1.030910
v 0.937986 5.520567 1.030910
v 3.264825 9.661271 -0.832545
v 5.532104 9.661271 -1.422700
v 3.323944 0.296658 0.131710
v 3.250508 0.342180 0.473460
v 3.103879 0.417322 0.864665
v 2.910370 0.480141 1.232294
v 2.673562 0.542960 1.570799
v 2.397686 0.605778 1.875154
v 2.087540 0.668597 2.140936
v 1.748419 0.731416 2.364376
v 1.386014 0.794235 2.542426
v 1.006324 0.857054 2.672791
v 0.615551 0.919872 2.753959
v 5.531933 0.279609 0.309954
v 5.393922 0.342180 0.928979
v 5.149429 0.417322 1.581287
v 4.826766 0.480141 2.194283
v 4.431905 0.542960 2.758717
v 3.971900 0.605778 3.266210
v 3.454753 0.668597 3.709382
v 2.889292 0.731416 4.081953
v 2.285007 0.794235 4.378839
v 1.651899 0.857054 4.596213
v 1.000311 0.919872 4.731556
v 1.000311 0.919872 4.731556
v 0.533194 0.994057 4.768471
v 0.067891 1.068243 4.746549
v -0.388258 1.142428 4.666826
v -0.828147 1.216613 4.531249
v -1.245010 1.290798 4.342624
v -1.632527 1.364983 4.104568
v -1.984921 1.439168 3.821440
v -2.297040 1.513354 3.498269
v -2.564436 1.587539 3.140651
v -2.783423 1.661724 2.754669
v -2.959353 1.735909 1.403054
v -3.073766 1.810094 0.979985
v -3.133736 1.884279 0.548622
v -3.138995 1.958465 0.115898
v -3.090151 2.032650 -0.311321
v -2.988665 2.106835 -0.726340
v -2.836815 2.181020 -1.122743
v -2.637656 2.255205 -1.494492
v -2.394952 2.329391 -1.836020
v -2.113114 2.403575 -2.142310
v -1.797123 2.477761 -2.408974
v -1.452433 2.551946 -2.632309
v -1.084886 2.626131 -2.809353
v -0.700613 2.700316 -2.937919
v -0.305928 2.774501 -3.016624
v 0.092772 2.848687 -3.044895
v 0.489114 2.922872 -3.022973
v 0.876845 2.997057 -2.951895
v 1.249939 3.071242 -2.833467
v 1.602684 3.145427 -2.670228
v 1.929770 3.219612 -2.465395
v 2.226373 3.293797 -2.222803
v 2.488222 3.367983 -1.946838
v 2.711660 3.442168 -1.642356
v 2.893697 3.516353 -1.314600
v 3.032045 3.590539 -0.969109
v 3.125148 3.664723 -0.611626
v 3.172195 3.738909 -0.248002
v 3.173124 3.813094 0.115897
v 3.128611 3.887279 0.474291
v 0.618503 0.919872 2.769135
v 0.105818 0.994057 2.758035
v -0.128205 1.068243 2.747010
v -0.357625 1.142428 2.706914
v -0.578866 1.216613 2.638726
v -0.788526 1.290798 2.543856
v -0.983428 1.364983 2.424127
v -1.160663 1.439168 2.281729
v -1.317643 1.513354 2.119190
v -1.453016 1.588136 1.937764
v -1.559162 1.659631 1.750674
v -1.656920 1.735766 0.598535
v -1.712382 1.810094 0.383543
v -1.742543 1.884279 0.166590
v -1.745188 1.958465 -0.051048
v -1.720623 2.032650 -0.265917
v -1.669580 2.106835 -0.474650
v -1.593208 2.181020 -0.674020
v -1.493041 2.255205 -0.860991
v -1.370973 2.329391 -1.032762
v -1.229224 2.403575 -1.186810
v -1.070296 2.477761 -1.320928
v -0.896935 2.551946 -1.433254
v -0.712078 2.626131 -1.522298
v -0.518809 2.700316 -1.586960
v -0.320303 2.774501 -1.626544
v -0.119777 2.848687 -1.640763
v 0.079562 2.922872 -1.629738
v 0.274571 2.997057 -1.593989
v 0.462218 3.071242 -1.534426
v 0.639630 3.145427 -1.452325
v 0.804138 3.219612 -1.349305
v 0.953314 3.293797 -1.227293
v 1.085010 3.367983 -1.088497
v 1.197388 3.442168 -0.935359
v 1.288943 3.516353 -0.770514
v 1.358525 3.590539 -0.596750
v 1.405351 3.664723 -0.416955
v 1.429013 3.738909 -0.234071
v 1.429480 3.813094 -0.051049
v 1.407092 3.887279 0.129205
v 3.128611 3.887279 1.606230
v 1.407092 3.887279 1.261143
v -1.390951 5.520567 -1.349833
v 0.148038 5.520567 -1.349833
v 0.148038 5.520567 -1.349833
v 0.656490 5.520567 -0.187073
v 0.656490 5.520567 -1.349833
v 3.286539 9.656974 -4.267366
v 5.553818 9.656974 -4.857522
v 5.533048 0.062819 0.310046
v 5.532531 0.274975 0.310003
v 1.148330 3.992008 2.885308
v 1.394277 3.901247 2.653711
v 0.973877 4.044288 3.033236
v 0.853033 4.106859 3.097505
v 0.152894 5.401725 0.740364
v 3.248027 9.543813 -0.890229
v 5.494521 9.553869 -1.475021
v 3.227862 0.281269 0.062359
v 3.132400 0.329747 0.456257
v 2.989238 0.401908 0.832729
v 2.801121 0.462117 1.186036
v 2.571649 0.522263 1.510921
v 2.304978 0.582356 1.802651
v 2.005784 0.642412 2.057089
v 1.679180 0.702451 2.270744
v 1.330622 0.762493 2.440818
v 0.965825 0.822562 2.565226
v 0.590664 0.882681 2.642615
v 5.435745 0.285399 0.242017
v 5.275894 0.334692 0.908652
v 5.035058 0.408053 1.546166
v 4.717970 0.469318 2.144824
v 4.330576 0.530546 2.695643
v 3.879850 0.591739 3.190515
v 3.373670 0.652905 3.622322
v 2.820693 0.714050 3.985038
v 2.230196 0.775183 4.273803
v 1.611923 0.836313 4.484985
v 0.975928 0.897449 4.616219
v 0.975928 0.897449 4.616219
v 0.520136 0.969714 4.651694
v 0.066217 1.041897 4.629488
v -0.378592 1.113988 4.550647
v -0.807288 1.185969 4.417118
v -1.213211 1.257830 4.231709
v -1.590155 1.329555 3.998035
v -1.932460 1.401132 3.720440
v -2.235101 1.472546 3.403938
v -2.493763 1.543788 3.054099
v -2.704908 1.614849 2.676965
v -2.865818 1.685725 2.278936
v -2.974638 1.756417 1.866665
v -3.030393 1.826932 1.446930
v -3.032987 1.897293 1.026527
v 2.962721 3.498960 -0.024735
v 3.055569 3.573732 0.323855
v 0.593620 0.882865 2.657729
v 0.101489 0.953395 2.645218
v -0.122991 1.024791 2.635274
v -0.343125 1.096110 2.597167
v -0.555420 1.167337 2.531851
v -0.756555 1.238461 2.440713
v -0.943433 1.309472 2.325542
v -1.113237 1.380362 2.188494
v -1.263465 1.451128 2.032054
v -1.391970 1.521769 1.858983
v -1.496990 1.592290 1.672276
v -1.577176 1.662701 1.475103
v 1.370768 3.553757 0.510821
v 0.152894 5.401725 0.740364
v 0.152872 5.400938 -0.397306
v 0.650402 5.401744 -0.397365
v 3.250872 9.552173 -4.221056
v 5.498979 9.561621 -4.809559
v 3.443716 0.063486 0.124323
v 3.381527 0.124054 -0.862922
v 3.058981 0.248108 -1.680084
v 2.545058 0.372162 -2.388038
v 1.871219 0.496216 -2.945944
v 1.079805 0.620270 -3.318744
v 0.220542 0.744324 -3.483016
v -0.652577 0.868378 -3.428438
v -1.484693 0.992432 -3.158438
v -2.223520 1.116486 -2.689982
v -2.822636 1.240541 -2.052504
v -3.244394 1.364595 -1.286060
v -3.462296 1.488649 -0.438808
v -3.462648 1.612703 0.436016
v -3.245430 1.736757 1.283444
v -2.824290 1.860811 2.050227
v -2.225688 1.984865 2.688188
v -1.487239 2.108919 3.157240
v -0.655341 2.232973 3.427911
v 0.217734 2.357027 3.483193
v 1.077129 2.481081 3.319614
v 1.868843 2.605135 2.947451
v 2.543131 2.729189 2.390089
v 3.057625 2.853243 1.682549
v 3.379997 2.977297 0.869288
v 3.489992 3.101351 0.001407
v 3.380697 3.225405 -0.866563
v 3.058981 3.349459 -1.680084
v 2.545058 3.473513 -2.388038
v 1.871219 3.597568 -2.945944
v 1.079805 3.721622 -3.318744
v 0.220542 3.845676 -3.483016
v -0.652577 3.969730 -3.428438
v -1.484693 4.093784 -3.158438
v -2.223520 4.217838 -2.689982
v -2.822636 4.341892 -2.052504
v -3.244394 4.465946 -1.286060
v -3.462296 4.590000 -0.438808
v -3.462648 4.714054 0.436016
v -3.245430 4.838108 1.283444
v -2.824290 4.962162 2.050227
v -2.225688 5.086216 2.688188
v -1.487239 5.210270 3.157240
v -0.655341 5.334324 3.427911
v 0.217734 5.458378 3.483193
v 1.077129 5.582432 3.319614
v 1.868843 5.706486 2.947451
v 2.543131 5.830541 2.390089
v 3.057625 5.954595 1.682549
v 3.379997 6.078649 0.869288
v 3.489992 6.202703 0.001407
v 3.380697 6.326756 -0.866563
v 3.058981 6.450811 -1.680084
v 2.545058 6.574865 -2.388038
v 1.871219 6.698919 -2.945944
v 1.079805 6.822973 -3.318744
v 0.220542 6.947027 -3.483016
v -0.652577 7.071081 -3.428438
v -1.484693 7.195135 -3.158438
v -2.223520 7.319189 -2.689982
v -2.822636 7.443243 -2.052504
v -3.244394 7.567297 -1.286060
v -3.462296 7.691351 -0.438808
v -3.462648 7.815405 0.436016
v -3.245430 7.939459 1.283444
v -2.824290 8.063514 2.050227
v -2.225688 8.187568 2.688188
v -1.487239 8.311622 3.157240
v -0.655341 8.435676 3.427911
v 0.217734 8.559730 3.483193
v 1.077129 8.683784 3.319614
v 1.868843 8.807837 2.947451
v 2.543131 8.931891 2.390089
v 3.057625 9.055945 1.682549
v 3.379997 9.179999 0.869288
v 3.489992 9.304054 0.001407
v 3.383179 9.428108 -0.853125
v 5.412727 0.061459 0.303290
v 5.411404 0.123915 -1.428150
v 4.893747 0.242905 -2.715841
v -5.430259 4.345946 -2.117890
v -5.790217 4.470000 -0.715944
v -5.790217 4.594054 0.731475
v -5.430259 4.718108 2.133420
v 5.531404 5.958649 1.443771
v 5.712814 6.082703 0.007765
v 5.712814 9.184054 0.007765
v 5.531404 9.308108 -1.428240
v 5.419831 0.124054 -1.384065
v 4.893022 0.248108 -2.716930
v 4.059764 0.372162 -3.863460
v 2.967553 0.496216 -4.766747
v 1.685018 0.620270 -5.370033
v 0.292745 0.744324 -5.635414
v -1.121785 0.868378 -5.546212
v -2.469692 0.992432 -5.108033
v -3.666280 1.116487 -4.348410
v -4.636365 1.240541 -3.315073
v -5.318992 1.364594 -2.072949
v -5.671270 1.488649 -0.700086
v -5.671063 1.612703 0.717253
v -5.318385 1.736757 2.090013
v -4.635395 1.860811 3.331937
v -3.665009 1.984865 4.364992
v -2.468199 2.108919 5.124266
v -1.120165 2.232973 5.562051
v 0.294391 2.357027 5.650840
v 1.686586 2.481081 5.385054
v 2.968945 2.605135 4.781394
v 4.060893 2.729189 3.877788
v 4.893817 2.853243 2.731015
v 5.415382 2.977297 1.413130
v 5.592817 3.101351 0.006941
v 5.414972 3.225405 -1.399197
v 4.893022 3.349459 -2.716930
v 4.059764 3.473513 -3.863460
v 2.967553 3.597568 -4.766747
v 1.685018 3.721622 -5.370033
v 0.292745 3.845676 -5.635414
v -1.121785 3.969730 -5.546212
v -2.469692 4.093784 -5.108033
v -3.666280 4.217838 -4.348410
v -4.636365 4.341892 -3.315073
v -5.330896 4.411941 -2.077757
v -5.683996 4.535995 -0.701783
v -5.683812 4.660049 0.718775
v -5.330354 4.784103 2.094657
v -4.635396 4.962162 3.331937
v -3.665009 5.086216 4.364992
v -2.468199 5.210270 5.124266
v -1.120165 5.334324 5.562051
v 0.294391 5.458378 5.650840
v 1.686586 5.582432 5.385054
v 2.968945 5.706486 4.781394
v 4.060893 5.830541 3.877788
v 4.893817 5.954595 2.731015
v 5.427795 6.024643 1.416408
v 5.605656 6.148697 0.007029
v 5.414972 6.326756 -1.399197
v 4.893022 6.450811 -2.716930
v 4.059763 6.574865 -3.863460
v 2.967553 6.698919 -4.766747
v 1.685018 6.822973 -5.370033
v 0.292745 6.947027 -5.635414
v -1.121785 7.071081 -5.546212
v -2.469692 7.195135 -5.108033
v -3.666280 7.319189 -4.348410
v -4.636364 7.443243 -3.315073
v -5.318992 7.567297 -2.072949
v -5.671270 7.691351 -0.700086
v -5.671063 7.815405 0.717253
v -5.318385 7.939459 2.090013
v -4.635395 8.063514 3.331938
v -3.665009 8.187568 4.364992
v -2.468199 8.311622 5.124266
v -1.120165 8.435676 5.562051
v 0.294391 8.559730 5.650840
v 1.686586 8.683784 5.385054
v 2.968946 8.807837 4.781394
v 4.060893 8.931891 3.877788
v 4.893817 9.055945 2.731015
v 5.415382 9.179999 1.413130
v 5.605656 9.250050 0.007029
v 5.445021 9.345531 -1.417328
v 5.414972 9.413641 1.414727
v 4.893022 9.289587 2.732460
v 4.059764 9.165533 3.878990
v 2.967553 9.041479 4.782278
v 1.685018 8.917425 5.385564
v 0.292745 8.793371 5.650944
v -1.121785 8.669317 5.561742
v -2.469692 8.545263 5.123564
v -3.666280 8.421209 4.363941
v -4.636364 8.297155 3.330603
v -5.318992 8.173100 2.088479
v -5.671270 8.049047 0.715617
v -5.671063 7.924993 -0.701723
v -5.318385 7.800939 -2.074482
v -4.635395 7.676885 -3.316407
v -3.665009 7.552831 -4.349462
v -2.468199 7.428777 -5.108736
v -1.120165 7.304723 -5.546521
v 0.294391 7.180668 -5.635310
v 1.686586 7.056614 -5.369524
v 2.968945 6.932560 -4.765863
v 4.060893 6.808506 -3.862257
v 4.893817 6.684453 -2.715484
v 5.415382 6.560398 -1.397599
v 5.592817 6.436344 0.008590
v 5.414972 6.312290 1.414727
v 4.893022 6.188236 2.732460
v 4.059763 6.064182 3.878990
v 2.967553 5.940128 4.782278
v 1.685018 5.816074 5.385564
v 0.292745 5.692020 5.650944
v -1.121785 5.567966 5.561742
v -2.469692 5.443912 5.123564
v -3.666280 5.319858 4.363941
v -4.636365 5.195804 3.330603
v -5.318992 5.071750 2.088479
v -5.671270 4.947696 0.715617
v -5.671063 4.823642 -0.701723
v -5.318385 4.699587 -2.074482
v -4.635395 4.575533 -3.316407
v -3.665009 4.451479 -4.349462
v -2.468199 4.327425 -5.108736
v -1.120165 4.203371 -5.546521
v 0.294391 4.079317 -5.635310
v 1.686586 3.955263 -5.369524
v 2.968946 3.831209 -4.765863
v 4.060893 3.707155 -3.862257
v 4.893817 3.583101 -2.715484
v 5.415382 3.459047 -1.397599
v 5.592817 3.334993 0.008590
v 5.414972 3.210939 1.414727
v 4.893022 3.086884 2.732460
v 4.059764 2.962831 3.878990
v 2.967553 2.838777 4.782278
v 1.685018 2.714722 5.385564
v 0.292745 2.590668 5.650944
v -1.121785 2.466614 5.561742
v -2.469692 2.342560 5.123564
v -3.666280 2.218506 4.363941
v -4.636365 2.094452 3.330603
v -5.318992 1.970398 2.088479
v -5.671270 1.846344 0.715617
v -5.671063 1.722290 -0.701723
v -5.318385 1.598236 -2.074482
v -4.635395 1.474182 -3.316407
v -3.665009 1.350128 -4.349462
v -2.468199 1.226074 -5.108736
v -1.120165 1.102020 -5.546521
v 0.294391 0.977966 -5.635310
v 1.686586 0.853912 -5.369524
v 2.968946 0.729858 -4.765863
v 4.060893 0.605804 -3.862257
v 4.893817 0.481749 -2.715484
v 5.419831 0.357695 -1.384065
v 5.411404 0.357556 -1.428150
v 5.412890 0.290050 0.303300
v 3.383179 9.661750 -0.853125
v 3.489992 9.537696 -0.001407
v 3.380697 9.413641 0.866563
v 3.058981 9.289587 1.680083
v 2.545058 9.165533 2.388038
v 1.871219 9.041479 2.945944
v 1.079805 8.917425 3.318744
v 0.220542 8.793371 3.483016
v -0.652577 8.669317 3.428438
v -1.484693 8.545263 3.158438
v -2.223520 8.421209 2.689982
v -2.822636 8.297155 2.052504
v -3.244394 8.173100 1.286060
v -3.462296 8.049047 0.438808
v -3.462648 7.924993 -0.436016
v -3.245430 7.800939 -1.283444
v -2.824290 7.676885 -2.050228
v -2.225688 7.552831 -2.688188
v -1.487239 7.428777 -3.157240
v -0.655341 7.304723 -3.427911
v 0.217734 7.180668 -3.483193
v 1.077129 7.056614 -3.319614
v 1.868843 6.932560 -2.947451
v 2.543131 6.808506 -2.390089
v 3.057625 6.684453 -1.682549
v 3.379997 6.560398 -0.869288
v 3.489992 6.436344 -0.001407
v 3.380697 6.312290 0.866563
v 3.058981 6.188236 1.680084
v 2.545058 6.064182 2.388038
v 1.871219 5.940128 2.945944
v 1.079805 5.816074 3.318744
v 0.220542 5.692020 3.483016
v -0.652577 5.567966 3.428438
v -1.484693 5.443912 3.158438
v -2.223520 5.319858 2.689982
v -2.822636 5.195804 2.052504
v -3.244394 5.071750 1.286060
v -3.462296 4.947696 0.438808
v -3.462648 4.823642 -0.436016
v -3.245430 4.699587 -1.283444
v -2.824290 4.575533 -2.050228
v -2.225688 4.451479 -2.688188
v -1.487239 4.327425 -3.157240
v -0.655341 4.203371 -3.427911
v 0.217734 4.079317 -3.483193
v 1.077129 3.955263 -3.319614
v 1.868843 3.831209 -2.947451
v 2.543131 3.707155 -2.390089
v 3.057625 3.583101 -1.682549
v 3.379997 3.459047 -0.869288
v 3.489992 3.334993 -0.001407
v 3.380697 3.210939 0.866563
v 3.058981 3.086884 1.680084
v 2.545058 2.962831 2.388038
v 1.871219 2.838777 2.945944
v 1.079805 2.714722 3.318744
v 0.220542 2.590668 3.483016
v -0.652577 2.466614 3.428438
v -1.484693 2.342560 3.158438
v -2.223520 2.218506 2.689982
v -2.822636 2.094452 2.052504
v -3.244394 1.970398 1.286060
v -3.462296 1.846344 0.438808
v -3.462648 1.722290 -0.436016
v -3.245430 1.598236 -1.283444
v -2.824290 1.474182 -2.050227
v -2.225688 1.350128 -2.688188
v -1.487239 1.226074 -3.157240
v -0.655341 1.102020 -3.427911
v 0.217734 0.977966 -3.483193
v 1.077129 0.853912 -3.319614
v 1.868843 0.729858 -2.947451
v 2.543131 0.605804 -2.390089
v 3.057625 0.481750 -1.682549
v 3.375698 0.357696 -0.882260
v 5.592817 9.537696 0.008590
v 5.412350 9.661750 -1.413200
v 3.443716 0.297128 0.124323
v 3.383898 0.357696 -0.845473
v 1.226515 3.873592 2.159331
v 1.508232 3.769461 1.883970
v 1.504093 3.646581 1.323340
v 2.995402 3.656646 1.622870
v 2.797879 3.774699 2.101718
v 2.576743 3.829117 2.293421
v 2.315959 3.888765 2.471697
v 2.031731 3.948822 2.620524
v 1.728992 4.009262 2.737795
v 1.412954 4.070060 2.821973
v 1.089007 4.131192 2.872126
v 0.762611 4.192639 2.887928
v 0.439195 4.254392 2.869665
v 0.124063 4.316451 2.818223
v -0.177704 4.378828 2.735061
v -0.461338 4.441544 2.622187
v -0.722469 4.504639 2.482113
v -0.957211 4.568166 2.317808
v -1.162241 4.632192 2.132639
v -1.334874 4.696794 1.930281
v -1.473133 4.762052 1.714620
v -1.575775 4.828030 1.489622
v -1.642293 4.894750 1.259185
v -1.672836 4.962167 1.026990
v -1.668069 5.030146 0.796421
v -1.629009 5.098467 0.570560
v -1.556903 5.166861 0.352297
v -1.453225 5.235066 0.144456
v -1.302169 5.293165 -0.079282
v 1.037793 3.928475 2.317167
v 0.900460 3.994840 2.390171
v 0.757854 4.060081 2.446151
v 0.609523 4.125004 2.486499
v 0.457785 4.189627 2.510953
v 0.304944 4.253964 2.519464
v 0.153262 4.318026 2.512195
v 0.004929 4.381812 2.489510
v -0.137960 4.445316 2.451959
v -0.273434 4.508513 2.400259
v -0.399658 4.571370 2.335275
v -0.514946 4.633831 2.257993
v -0.617760 4.695823 2.169501
v -0.706690 4.757248 2.070970
v -0.780423 4.817993 1.963661
v -0.837712 4.877939 1.848964
v -0.877355 4.936989 1.728484
v -0.898251 4.995121 1.604165
v -0.899570 5.052437 1.478399
v -0.881028 5.109190 1.353988
v -0.843125 5.165747 1.233906
v -0.787195 5.222500 1.120911
v -0.688169 5.270955 0.994731
v 0.130846 5.173151 0.800996
v 0.832235 5.276575 1.008603
v 3.383977 9.422160 -0.837698
v 5.411552 9.434056 -1.428627
v 3.441925 0.060794 0.154165
v 3.342828 0.112663 0.571311
v 3.190875 0.191224 0.976576
v 2.990479 0.258213 1.356968
v 2.745257 0.325053 1.707143
v 2.459571 0.391700 2.021966
v 2.138410 0.458096 2.296867
v 1.787263 0.524191 2.527966
v 1.412025 0.589943 2.712135
v 1.018891 0.655318 2.847026
v 0.621193 0.719270 2.929857
v 5.416156 0.064591 0.282971
v 5.256904 0.113801 0.956104
v 5.017803 0.185553 1.594345
v 4.702199 0.244141 2.194423
v 4.315979 0.302880 2.747054
v 3.866041 0.361824 3.244001
v 3.360184 0.421035 3.678038
v 2.807022 0.480563 4.042997
v 2.215829 0.540453 4.333871
v 1.596396 0.600737 4.546879
v 0.951562 0.662479 4.680709
v 0.963986 0.660783 4.678959
v 0.503760 0.734180 4.715459
v 0.052620 0.807077 4.693897
v -0.389471 0.880428 4.616156
v -0.815566 0.954243 4.484163
v -1.219064 1.028535 4.300700
v -1.593809 1.103308 4.069357
v -1.934197 1.178570 3.794452
v -2.235260 1.254323 3.480958
v -2.492744 1.330568 3.134400
v -2.696749 1.409994 2.772905
v -2.865379 1.489288 1.442548
v -2.981244 1.562108 1.013977
v -3.037902 1.640121 0.597772
v -3.041945 1.718463 0.180655
v -2.994083 1.797056 -0.230824
v -2.895819 1.875811 -0.630316
v -2.749397 1.954624 -1.011765
v -2.557761 2.033392 -1.369478
v -2.324494 2.112009 -1.698201
v -2.053767 2.190380 -1.993184
v -1.750278 2.268421 -2.250243
v -1.419183 2.346064 -2.465815
v -1.066018 2.423258 -2.637017
v -0.696624 2.499968 -2.761688
v -0.317043 2.576171 -2.838426
v 0.066571 2.651856 -2.866613
v 0.448065 2.727022 -2.846420
v 0.821384 2.801671 -2.778801
v 1.180677 2.875811 -2.665472
v 1.520396 2.949453 -2.508872
v 1.835384 3.022610 -2.312116
v 2.120965 3.095299 -2.078926
v 2.373008 3.167539 -1.813567
v 2.587993 3.239354 -1.520759
v 2.763056 3.310774 -1.205590
v 2.896028 3.381834 -0.873428
v 2.985450 3.452578 -0.529822
v 3.030589 3.523056 -0.180413
v 3.031428 3.593326 0.169164
v 2.986812 3.668104 0.529686
v 0.598143 0.722521 2.947604
v 0.086555 0.796600 2.936508
v -0.152151 0.871220 2.925396
v -0.395488 0.946410 2.883991
v -0.630524 1.021153 2.812909
v -0.853701 1.095434 2.713556
v -1.061675 1.169235 2.587751
v -1.251361 1.242540 2.437691
v -1.420004 1.315332 2.265896
v -1.565994 1.388199 2.073684
v -1.689808 1.454049 1.859673
v -1.796441 1.523840 0.681204
v -1.848781 1.601108 0.478056
v -1.882612 1.671635 0.246440
v -1.887004 1.741530 0.012515
v -1.861780 1.811115 -0.218907
v -1.807594 1.880498 -0.444047
v -1.725613 1.949798 -0.659242
v -1.617497 2.019147 -0.861026
v -1.485367 2.088671 -1.046215
v -1.331746 2.158485 -1.211971
v -1.159494 2.228689 -1.355859
v -0.971730 2.299356 -1.475880
v -0.771763 2.370537 -1.570488
v -0.563018 2.442262 -1.638598
v -0.348975 2.514543 -1.679578
v -0.133114 2.587379 -1.693239
v 0.081136 2.660760 -1.679818
v 0.290443 2.734669 -1.639966
v 0.491613 2.809087 -1.574721
v 0.681632 2.883991 -1.485489
v 0.857706 2.959357 -1.374021
v 1.017292 3.035162 -1.242378
v 1.158136 3.111378 -1.092901
v 1.278301 3.187974 -0.928176
v 1.376194 3.264919 -0.750992
v 1.450588 3.342175 -0.564299
v 1.500637 3.419700 -0.371160
v 1.525890 3.497449 -0.174701
v 1.526296 3.575369 0.021935
v 1.504016 3.649027 0.200302
v 2.986768 3.670110 1.668929
v 1.504107 3.646717 1.323843
v -1.319089 5.302588 -1.213694
v 0.125624 5.323408 -1.171398
v 0.130846 5.173151 0.800996
v 0.125624 5.323408 -1.171398
v 0.516153 5.307526 -0.108765
v 0.546697 5.321283 -1.210389
v 3.366018 9.439287 -4.142275
v 5.454609 9.455053 -4.706638
v 1.248966 4.102445 2.096600
v 1.531292 3.997840 1.819725
v 1.526507 3.875447 1.260641
v 3.017816 3.885512 1.560171
v 2.819187 4.004089 2.040539
v 2.598806 4.058090 2.230990
v 2.338130 4.117694 2.409141
v 2.054041 4.177711 2.557871
v 1.751462 4.238117 2.675077
v 1.435602 4.298888 2.759223
v 1.111848 4.360002 2.809377
v 0.785660 4.421439 2.825216
v 0.462469 4.483191 2.807033
v 0.147580 4.545261 2.755717
v -0.153927 4.607663 2.672741
v -0.437285 4.670424 2.560127
v -0.698133 4.733589 2.420408
v -0.932604 4.797218 2.256574
v -1.137407 4.861388 2.072009
v -1.309910 4.926181 1.870397
v -1.448205 4.991681 1.655606
v -1.551128 5.057941 1.431539
v -1.618228 5.124959 1.201978
v -1.649650 5.192646 0.970454
v -1.645971 5.260818 0.740202
v -1.608045 5.329220 0.514230
v -1.536945 5.397573 0.295458
v -1.434016 5.465636 0.086832
v -1.274035 5.516435 -0.160360
v 1.059273 4.157610 2.255119
v 0.921376 4.224061 2.328234
v 0.778613 4.289285 2.384091
v 0.630109 4.354187 2.424308
v 0.478178 4.418789 2.448612
v 0.325119 4.483099 2.456949
v 0.173189 4.547127 2.449469
v 0.024575 4.610869 2.426522
v -0.118633 4.674313 2.388637
v -0.254462 4.737427 2.336506
v -0.381069 4.800167 2.270960
v -0.496746 4.862465 2.192944
v -0.599912 4.924232 2.103503
v -0.689076 4.985352 2.003773
v -0.762808 5.045699 1.895012
v -0.819700 5.105157 1.778677
v -0.858398 5.163664 1.656553
v -0.877735 5.221273 1.530883
v -0.877004 5.278192 1.404397
v -0.856242 5.334764 1.280121
v -0.816358 5.391391 1.161004
v -0.758983 5.448422 1.049542
v -0.633757 5.493059 0.918792
v 0.834660 5.514064 0.970235
v 3.384676 9.655323 -0.832159
v 5.412251 9.667219 -1.423087
v 3.440896 0.294632 0.158509
v 3.365623 0.341317 0.507338
v 3.213736 0.419774 0.912887
v 3.013506 0.486748 1.293280
v 2.768346 0.553626 1.643615
v 2.482665 0.620322 1.958623
v 2.161444 0.686777 2.233714
v 1.810174 0.752932 2.464991
v 1.434753 0.818743 2.649309
v 1.041386 0.884170 2.784305
v 0.643607 0.948136 2.867158
v 5.415040 0.281380 0.282879
v 5.278780 0.342939 0.895190
v 5.039507 0.414916 1.533209
v 4.723689 0.473502 2.133202
v 4.337345 0.532196 2.685625
v 3.887349 0.591080 3.182334
v 3.381510 0.650221 3.616120
v 2.828439 0.709675 3.980838
v 2.237406 0.769490 4.271500
v 1.618190 0.829707 4.484339
v 0.973976 0.891345 4.618010
v 0.986400 0.889649 4.616261
v 0.526664 0.962993 4.652745
v 0.075834 1.035883 4.631268
v -0.365950 1.109247 4.553683
v -0.791760 1.183098 4.421920
v -1.195008 1.257447 4.238760
v -1.569557 1.332302 4.007787
v -1.909820 1.407669 3.733306
v -2.210845 1.483547 3.420282
v -2.468392 1.559933 3.074218
v -2.670467 1.641109 2.719800
v -2.844001 1.717150 1.375814
v -2.957771 1.791938 0.955177
v -3.014943 1.870091 0.539298
v -3.019582 1.948548 0.122388
v -2.972366 2.027223 -0.289024
v -2.874756 2.106018 -0.688602
v -2.728955 2.184828 -1.070287
v -2.537865 2.263547 -1.428370
v -2.305036 2.342076 -1.757571
v -2.034618 2.420326 -2.053104
v -1.731299 2.498224 -2.310747
v -1.400238 2.575711 -2.526901
v -1.046986 2.652747 -2.698650
v -0.677399 2.729304 -2.823810
v -0.297546 2.805366 -2.900964
v 0.086400 2.880929 -2.929483
v 0.468261 2.955991 -2.909535
v 0.841960 3.030559 -2.842074
v 1.201631 3.104641 -2.728822
v 1.541707 3.178247 -2.572225
v 1.857021 3.251389 -2.375407
v 2.142884 3.324082 -2.142103
v 2.395158 3.396342 -1.876589
v 2.610316 3.468190 -1.583600
v 2.785493 3.539650 -1.268240
v 2.918520 3.610757 -0.935891
v 3.007946 3.681546 -0.592117
v 3.053042 3.752066 -0.242571
v 3.053807 3.822369 0.107100
v 3.009308 3.896478 0.465220
v 0.620557 0.951387 2.884905
v 0.109171 1.025446 2.873809
v -0.131815 1.100263 2.862602
v -0.375462 1.175404 2.820907
v -0.610782 1.250074 2.749458
v -0.834200 1.324257 2.649660
v -1.042351 1.397933 2.523336
v -1.232131 1.471087 2.372688
v -1.400786 1.543696 2.200225
v -1.546586 1.616373 2.007387
v -1.673202 1.679468 1.782317
v -1.772319 1.754483 0.625603
v -1.827862 1.828738 0.410315
v -1.861124 1.898940 0.177715
v -1.864629 1.968665 -0.056515
v -1.838439 2.038127 -0.288039
v -1.783266 2.107447 -0.513057
v -1.700344 2.176750 -0.727904
v -1.591398 2.246168 -0.929140
v -1.458595 2.315820 -1.113621
v -1.304493 2.385810 -1.278564
v -1.131961 2.456222 -1.421593
v -0.944111 2.527114 -1.540761
v -0.744228 2.598523 -1.634566
v -0.535706 2.670468 -1.701954
v -0.321993 2.742952 -1.742311
v -0.106536 2.815969 -1.755455
v 0.107266 2.889506 -1.741627
v 0.316104 2.963545 -1.701469
v 0.516805 3.038066 -1.636012
v 0.706370 3.113050 -1.546652
v 0.882017 3.188474 -1.435125
v 1.041212 3.264317 -1.303482
v 1.181707 3.340554 -1.154051
v 1.301568 3.417159 -0.989405
v 1.399202 3.494102 -0.812321
v 1.473379 3.571350 -0.625736
v 1.523251 3.648863 -0.432702
v 1.548358 3.726600 -0.236338
v 1.548641 3.804511 -0.039779
v 1.526383 3.878139 0.138485
v 3.009182 3.898975 1.606230
v 1.526521 3.875583 1.261143
v -1.316352 5.538537 -1.257572
v 0.148038 5.552273 -1.234097
v 0.148038 5.552273 -1.234097
v 0.537932 5.535274 -0.175772
v 0.578408 5.551677 -1.264186
v 3.372910 9.673950 -4.185807
v 5.485503 9.685155 -4.762976
v 5.413048 0.062680 0.310136
v 5.412531 0.274836 0.310093
vn -0.0000 1.0000 -0.0000
vn -0.0628 -0.0000 -0.9980
vn 0.4258 -0.0000 -0.9048
vn -0.8090 -0.0000 0.5878
vn 0.1874 -0.0000 -0.9823
vn 0.6374 -0.0000 -0.7705
vn -0.9298 -0.0000 0.3681
vn 0.8090 -0.0000 -0.5878
vn -0.9921 -0.0000 0.1253
vn 0.9298 -0.0000 -0.3681
vn -0.9921 -0.0000 -0.1253
vn -0.9298 -0.0000 -0.3681
vn -0.8090 -0.0000 -0.5878
vn 0.9921 -0.0000 -0.1253
vn -0.6374 -0.0000 -0.7705
vn 0.9921 -0.0000 0.1253
vn -0.4258 -0.0000 -0.9048
vn 0.9298 -0.0000 0.3681
vn -0.1874 -0.0000 -0.9823
vn 0.8090 -0.0000 0.5878
vn 0.0628 -0.0000 -0.9980
vn 0.6374 -0.0000 0.7705
vn 0.3090 -0.0000 -0.9511
vn 0.4258 -0.0000 0.9048
vn 0.5358 -0.0000 -0.8443
vn 0.1874 -0.0000 0.9823
vn 0.7290 -0.0000 -0.6845
vn -0.0628 -0.0000 0.9980
vn 0.8763 -0.0000 -0.4818
vn -0.3090 -0.0000 0.9511
vn 0.9686 -0.0000 -0.2487
vn -0.5358 -0.0000 0.8443
vn 1.0000 -0.0000 -0.0000
vn -0.7290 -0.0000 0.6845
vn 0.9686 -0.0000 0.2487
vn -0.8763 -0.0000 0.4818
vn 0.8763 -0.0000 0.4818
vn -0.9686 -0.0000 0.2487
vn 0.7290 -0.0000 0.6845
vn -1.0000 -0.0000 -0.0000
vn 0.5358 -0.0000 0.8443
vn -0.9686 -0.0000 -0.2487
vn 0.3090 -0.0000 0.9511
vn -0.8763 -0.0000 -0.4818
vn 0.0628 -0.0000 0.9980
vn -0.7290 -0.0000 -0.6845
vn -0.1874 -0.0000 0.9823
vn -0.5358 -0.0000 -0.8443
vn -0.4258 -0.0000 0.9048
vn -0.3090 -0.0000 -0.9511
vn -0.6374 -0.0000 0.7705
vn -0.9981 -0.0000 0.0616
vn 0.7939 0.0871 0.6018
vn 0.0333 -0.2671 -0.9631
vn -0.6649 0.2572 0.7012
vn 0.6996 0.1242 0.7036
vn 0.1297 -0.2738 -0.9530
vn -0.7525 0.2416 0.6127
vn 0.5926 0.1583 0.7898
vn 0.2276 -0.2780 -0.9332
vn -0.8292 0.2218 0.5131
vn 0.4758 0.1887 0.8590
vn 0.3271 -0.2794 -0.9027
vn -0.9818 0.1332 0.1351
vn 0.3524 0.2150 0.9108
vn 0.4281 -0.2775 -0.8600
vn -0.9433 0.1704 0.2850
vn 0.2253 0.2368 0.9451
vn 0.5301 -0.2719 -0.8032
vn -0.9772 0.1395 0.1598
vn 0.0969 0.2541 0.9623
vn 0.6317 -0.2618 -0.7297
vn -0.9939 0.1056 0.0302
vn -0.0304 0.2669 0.9633
vn 0.7305 -0.2461 -0.6370
vn -0.9924 0.0694 -0.1014
vn -0.1549 0.2751 0.9489
vn -0.9722 0.0316 -0.2321
vn 0.8226 -0.2238 -0.5228
vn -0.2748 0.2790 0.9201
vn -0.9334 -0.0069 -0.3588
vn 0.9019 -0.1940 -0.3859
vn -0.3889 0.2787 0.8781
vn -0.8768 -0.0453 -0.4788
vn 0.9611 -0.1565 -0.2276
vn -0.4960 0.2743 0.8239
vn -0.8038 -0.0827 -0.5892
vn 0.9923 -0.1118 -0.0532
vn -0.5949 0.2660 0.7585
vn -0.7163 -0.1183 -0.6877
vn 0.9898 -0.0618 0.1283
vn -0.9952 0.0975 -0.0000
vn -0.6849 0.2542 0.6829
vn -0.6165 -0.1513 -0.7727
vn 0.9522 -0.0096 0.3054
vn 0.9952 -0.0975 -0.0000
vn -0.9746 0.0169 -0.2233
vn -0.7650 0.2388 0.5982
vn -0.5070 -0.1812 -0.8427
vn 0.8831 0.0416 0.4674
vn -0.0000 -0.2642 -0.9645
vn -0.9366 -0.0042 -0.3503
vn -0.8342 0.2202 0.5055
vn -0.3902 -0.2075 -0.8970
vn 0.7899 0.0889 0.6068
vn -0.8870 -0.0392 -0.4602
vn -0.8920 0.1986 0.4060
vn -0.2686 -0.2300 -0.9354
vn -0.8235 -0.0734 -0.5625
vn -0.9376 0.1743 0.3010
vn -0.1443 -0.2483 -0.9579
vn -0.7475 -0.1064 -0.6556
vn -0.6597 -0.1378 -0.7388
vn -0.9703 0.1476 0.1918
vn -0.0196 -0.2624 -0.9648
vn -0.6604 -0.1375 -0.7382
vn -0.6996 -0.1242 -0.7036
vn -0.9897 0.1188 0.0799
vn 0.1039 -0.2722 -0.9566
vn -0.5638 -0.1664 -0.8090
vn -0.9951 0.0986 0.0042
vn -0.9955 0.0884 -0.0333
vn 0.2244 -0.2779 -0.9340
vn -0.4594 -0.1926 -0.8671
vn 0.9233 0.0147 0.3838
vn -0.9877 0.0567 -0.1460
vn 0.3405 -0.2793 -0.8978
vn -0.3488 -0.2157 -0.9120
vn 0.6740 0.1331 0.7267
vn 0.4509 -0.2766 -0.8486
vn 0.5818 0.1614 0.7971
vn -0.2338 -0.2355 -0.9433
vn 0.5543 -0.2700 -0.7873
vn 0.9625 -0.1552 -0.2225
vn 0.4864 0.1862 0.8537
vn 0.9741 -0.0148 0.2256
vn 0.6495 -0.2594 -0.7148
vn 0.3892 0.2077 0.8974
vn 0.9365 0.0043 0.3505
vn 0.7353 -0.2451 -0.6318
vn -0.2449 -0.2338 -0.9409
vn 0.2912 0.2261 0.9296
vn 0.8859 0.0399 0.4622
vn 0.8107 -0.2272 -0.5396
vn 0.9988 -0.0496 0.0032
vn 0.1929 0.2416 0.9510
vn 0.8210 0.0747 0.5660
vn 0.8745 -0.2059 -0.4391
vn -0.9988 0.0496 -0.0032
vn 0.0946 0.2544 0.9625
vn 0.7432 0.1081 0.6603
vn 0.9257 -0.1815 -0.3317
vn -0.0038 0.2646 0.9644
vn 0.6541 0.1396 0.7434
vn 0.9635 -0.1543 -0.2189
vn -0.1024 0.2722 0.9568
vn 0.5553 0.1687 0.8144
vn 0.9869 -0.1247 -0.1023
vn -0.2014 0.2771 0.9395
vn 0.4487 0.1950 0.8721
vn 0.9955 -0.0930 0.0164
vn -0.3009 0.2793 0.9119
vn 0.3362 0.2181 0.9162
vn 0.9890 -0.0598 0.1352
vn -0.4006 0.2784 0.8729
vn 0.2195 0.2377 0.9462
vn -0.0171 -0.2626 -0.9647
vn -0.5003 0.2740 0.8214
vn -0.0372 -0.2607 -0.9647
vn -0.5987 0.2656 0.7556
vn 0.0801 -0.2707 -0.9593
vn -0.6943 0.2526 0.6739
vn 0.1970 -0.2769 -0.9405
vn -0.7841 0.2342 0.5747
vn 0.3121 -0.2793 -0.9081
vn -0.8642 0.2099 0.4572
vn 0.4239 -0.2777 -0.8621
vn -0.9296 0.1792 0.3220
vn 0.5310 -0.2719 -0.8026
vn -0.9748 0.1425 0.1716
vn 0.6318 -0.2618 -0.7296
vn -0.9949 0.1006 0.0114
vn 0.7250 -0.2471 -0.6429
vn -0.9869 0.0552 -0.1514
vn 0.8068 -0.2283 -0.5450
vn -0.9511 0.0085 -0.3089
vn 0.9883 -0.1220 -0.0919
vn -0.0000 0.2642 0.9645
vn -0.8904 -0.0371 -0.4537
vn 0.9372 -0.1745 -0.3021
vn 0.1159 0.2519 0.9608
vn -0.8101 -0.0798 -0.5809
vn 0.9719 -0.1459 -0.1850
vn -0.0033 0.2645 0.9644
vn -0.5252 -0.1766 -0.8324
vn 0.9926 -0.1109 -0.0499
vn -0.1223 0.2734 0.9541
vn -0.4348 -0.1981 -0.8785
vn 0.9934 -0.0731 0.0883
vn -0.2397 0.2783 0.9301
vn -0.3429 -0.2168 -0.9140
vn 0.9735 -0.0334 0.2262
vn -0.2500 -0.2330 -0.9398
vn -0.3542 0.2792 0.8925
vn 0.9329 0.0073 0.3601
vn -0.1564 -0.2467 -0.9564
vn -0.4642 0.2760 0.8416
vn 0.8724 0.0478 0.4864
vn -0.0620 -0.2581 -0.9641
vn -0.5683 0.2687 0.7777
vn 1.0000 0.0012 -0.0007
vn 0.5273 -0.8476 -0.0597
vn -0.4717 -0.8817 -0.0113
vn -0.5123 -0.8476 -0.1386
vn 0.4909 -0.8476 0.2017
vn -0.9300 0.0004 0.3675
vn 0.9922 -0.0007 -0.1243
vn -0.9916 -0.0244 0.1272
vn -0.9907 -0.0442 -0.1291
vn -0.9272 -0.0244 -0.3737
vn 0.8751 -0.0244 -0.4833
vn 0.9686 -0.0442 -0.2447
vn 0.9990 -0.0442 0.0039
vn 0.9667 -0.0442 0.2522
vn 0.8731 -0.0244 0.4870
vn 0.9296 -0.0029 -0.3686
vn -0.9907 -0.0757 0.1129
vn -0.9910 -0.0244 -0.1314
vn 0.9980 -0.0027 -0.0624
vn -0.7939 -0.0871 -0.6018
vn -0.0333 0.2671 0.9631
vn 0.6649 -0.2572 -0.7012
vn -0.6997 -0.1243 -0.7036
vn -0.1298 0.2738 0.9530
vn 0.7525 -0.2415 -0.6128
vn -0.5926 -0.1584 -0.7898
vn -0.2277 0.2780 0.9332
vn 0.8270 -0.2184 -0.5181
vn -0.4759 -0.1888 -0.8590
vn -0.3272 0.2794 0.9027
vn 0.9816 -0.1368 -0.1335
vn -0.3525 -0.2151 -0.9108
vn -0.4282 0.2776 0.8600
vn 0.9433 -0.1705 -0.2847
vn -0.2253 -0.2369 -0.9450
vn -0.5302 0.2721 0.8030
vn 0.9772 -0.1395 -0.1599
vn -0.0969 -0.2542 -0.9623
vn -0.6319 0.2619 0.7295
vn 0.9940 -0.1056 -0.0302
vn 0.0304 -0.2669 -0.9632
vn -0.7307 0.2462 0.6367
vn 0.9924 -0.0694 0.1014
vn 0.1548 -0.2752 -0.9488
vn 0.9722 -0.0316 0.2321
vn -0.8228 0.2240 0.5224
vn 0.2748 -0.2790 -0.9201
vn 0.9334 0.0069 0.3588
vn -0.9021 0.1942 0.3854
vn 0.3889 -0.2787 -0.8781
vn 0.8768 0.0453 0.4788
vn -0.9612 0.1566 0.2272
vn 0.4960 -0.2743 -0.8239
vn 0.8038 0.0827 0.5892
vn -0.9923 0.1119 0.0530
vn 0.5949 -0.2661 -0.7584
vn 0.7163 0.1182 0.6877
vn -0.9898 0.0618 -0.1283
vn 0.9952 -0.0974 -0.0003
vn 0.6849 -0.2542 -0.6829
vn 0.6165 0.1513 0.7727
vn -0.9523 0.0095 -0.3052
vn -0.9952 0.0977 -0.0003
vn 0.9744 -0.0170 0.2240
vn 0.7649 -0.2388 -0.5982
vn 0.5070 0.1812 0.8427
vn -0.8833 -0.0417 -0.4670
vn -0.0247 0.2247 0.9741
vn 0.9367 0.0042 0.3502
vn 0.8342 -0.2202 -0.5055
vn 0.3902 0.2075 0.8970
vn -0.7351 -0.0856 -0.6726
vn 0.8870 0.0392 0.4602
vn 0.8920 -0.1986 -0.4060
vn 0.2686 0.2299 0.9354
vn 0.9968 -0.0745 -0.0275
vn 0.8235 0.0735 0.5625
vn 0.9376 -0.1743 -0.3010
vn 0.1443 0.2482 0.9579
vn 0.7475 0.1064 0.6556
vn 0.6586 0.1384 0.7397
vn 0.9703 -0.1476 -0.1918
vn 0.0196 0.2623 0.9648
vn -0.9937 0.1079 -0.0307
vn 0.6604 0.1376 0.7382
vn 0.7168 0.1194 0.6870
vn 0.9897 -0.1188 -0.0799
vn -0.1039 0.2722 0.9566
vn 0.5638 0.1664 0.8089
vn 0.9954 -0.0954 0.0130
vn 0.9955 -0.0884 0.0333
vn -0.2244 0.2778 0.9341
vn 0.0793 0.2363 0.9684
vn 0.4594 0.1926 0.8671
vn -0.9254 -0.0141 -0.3787
vn 0.9875 -0.0568 0.1468
vn -0.3405 0.2793 0.8978
vn 0.3488 0.2157 0.9120
vn -0.6672 -0.1345 -0.7327
vn -0.4509 0.2766 0.8486
vn -0.5818 -0.1614 -0.7972
vn 0.2343 0.2355 0.9432
vn -0.5543 0.2699 0.7873
vn -0.9588 0.1093 0.2621
vn -0.4863 -0.1862 -0.8537
vn -0.9742 0.0145 -0.2252
vn -0.6495 0.2594 0.7148
vn -0.3891 -0.2077 -0.8975
vn -0.9365 -0.0043 -0.3506
vn -0.7353 0.2451 0.6318
vn 0.2567 0.1831 0.9490
vn -0.2911 -0.2261 -0.9296
vn -0.8859 -0.0399 -0.4622
vn -0.8107 0.2272 0.5396
vn -0.9977 0.0662 -0.0171
vn -0.1929 -0.2416 -0.9510
vn -0.8210 -0.0746 -0.5660
vn -0.8745 0.2059 0.4391
vn 0.9999 -0.0166 -0.0046
vn -0.0946 -0.2544 -0.9625
vn -0.7432 -0.1081 -0.6603
vn -0.9257 0.1815 0.3317
vn 0.0038 -0.2645 -0.9644
vn -0.6541 -0.1396 -0.7435
vn -0.9635 0.1543 0.2189
vn 0.1024 -0.2721 -0.9568
vn -0.5553 -0.1687 -0.8144
vn -0.9869 0.1247 0.1023
vn 0.2014 -0.2771 -0.9395
vn -0.4487 -0.1949 -0.8721
vn -0.9955 0.0930 -0.0164
vn 0.3009 -0.2792 -0.9119
vn -0.3362 -0.2180 -0.9162
vn -0.9890 0.0597 -0.1350
vn 0.4006 -0.2783 -0.8730
vn -0.2191 -0.2377 -0.9463
vn 0.0171 0.2626 0.9647
vn 0.5002 -0.2739 -0.8214
vn 0.0364 0.2610 0.9647
vn 0.5987 -0.2656 -0.7557
vn -0.0801 0.2707 0.9593
vn 0.6942 -0.2525 -0.6740
vn -0.1970 0.2770 0.9405
vn 0.7841 -0.2341 -0.5748
vn -0.3121 0.2794 0.9081
vn 0.8642 -0.2098 -0.4574
vn -0.4239 0.2777 0.8621
vn 0.9296 -0.1791 -0.3221
vn -0.5310 0.2719 0.8025
vn 0.9748 -0.1424 -0.1717
vn -0.6318 0.2618 0.7296
vn 0.9949 -0.1005 -0.0115
vn -0.7250 0.2472 0.6428
vn 0.9869 -0.0552 0.1515
vn -0.8136 0.2333 0.5326
vn 0.9510 -0.0086 0.3090
vn -0.9888 0.1158 0.0943
vn 0.0234 -0.2440 -0.9695
vn 0.8903 0.0370 0.4538
vn -0.9365 0.1740 0.3045
vn -0.1164 -0.2517 -0.9608
vn 0.8220 0.0863 0.5629
vn -0.9719 0.1460 0.1847
vn 0.0033 -0.2645 -0.9644
vn 0.5266 0.1763 0.8317
vn -0.9926 0.1109 0.0498
vn 0.1223 -0.2733 -0.9541
vn 0.4348 0.1981 0.8785
vn -0.9934 0.0731 -0.0884
vn 0.2397 -0.2782 -0.9301
vn 0.3429 0.2168 0.9140
vn -0.9735 0.0334 -0.2262
vn 0.2500 0.2330 0.9398
vn 0.3542 -0.2792 -0.8925
vn -0.9329 -0.0073 -0.3601
vn 0.1564 0.2467 0.9564
vn 0.4642 -0.2760 -0.8416
vn -0.8725 -0.0478 -0.4864
vn 0.0620 0.2581 0.9641
vn 0.5683 -0.2687 -0.7777
vn -1.0000 -0.0012 0.0007
vn -0.0083 -0.9981 -0.0613
vn -0.0488 -0.9898 -0.1339
vn -0.0826 -0.9897 -0.1165
vn -0.1090 -0.9897 -0.0923
vn -0.1285 -0.9897 -0.0623
vn -0.1400 -0.9897 -0.0284
vn -0.1426 -0.9897 0.0073
vn -0.1363 -0.9897 0.0425
vn -0.1215 -0.9897 0.0751
vn -0.0990 -0.9897 0.1030
vn -0.0703 -0.9897 0.1243
vn -0.0371 -0.9897 0.1379
vn -0.0017 -0.9897 0.1428
vn 0.0339 -0.9897 0.1387
vn 0.0673 -0.9897 0.1259
vn 0.0965 -0.9897 0.1052
vn 0.1197 -0.9897 0.0779
vn 0.1353 -0.9897 0.0457
vn 0.1424 -0.9897 0.0106
vn 0.1406 -0.9897 -0.0251
vn 0.1299 -0.9897 -0.0593
vn 0.1111 -0.9897 -0.0897
vn 0.0853 -0.9897 -0.1145
vn 0.0541 -0.9897 -0.1322
vn 0.0196 -0.9897 -0.1415
vn -0.0162 -0.9897 -0.1419
vn -0.0510 -0.9897 -0.1334
vn -0.0082 -0.9895 -0.1440
vn -0.0363 -0.9963 -0.0779
vn -0.0502 -0.9963 -0.0702
vn -0.0661 -0.9963 -0.0555
vn -0.0778 -0.9963 -0.0373
vn -0.0846 -0.9963 -0.0168
vn -0.0862 -0.9963 0.0048
vn -0.0822 -0.9963 0.0261
vn -0.0732 -0.9963 0.0457
vn -0.0595 -0.9963 0.0625
vn -0.0421 -0.9963 0.0753
vn -0.0220 -0.9963 0.0834
vn -0.0006 -0.9963 0.0863
vn 0.0209 -0.9963 0.0837
vn 0.0410 -0.9963 0.0759
vn 0.0586 -0.9963 0.0633
vn 0.0725 -0.9963 0.0467
vn 0.0819 -0.9963 0.0272
vn 0.0861 -0.9963 0.0060
vn 0.0849 -0.9963 -0.0156
vn 0.0783 -0.9963 -0.0362
vn 0.0669 -0.9963 -0.0545
vn 0.0512 -0.9963 -0.0695
vn 0.0323 -0.9963 -0.0800
vn 0.0114 -0.9963 -0.0855
vn -0.0102 -0.9963 -0.0857
vn -0.0312 -0.9963 -0.0804
vn -0.2357 -0.9702 -0.0558
vn -0.4520 -0.8887 0.0769
vn -0.1535 -0.9673 0.2019
vn 0.2408 -0.9702 0.0258
vn 0.2170 -0.9673 -0.1312
vn 0.0411 -0.9963 0.0759
vn 0.2397 -0.9702 -0.0349
vn 0.3617 -0.0000 0.9323
vn -0.1185 -0.0000 -0.9930
vn -0.0069 -0.0000 1.0000
vn -0.2553 -0.0000 0.9669
vn -0.1253 -0.0000 -0.9921
vn 0.0069 -0.0000 -1.0000
vn 0.3745 -0.0000 -0.9272
vn -0.1322 -0.0000 0.9912
vn -0.0007 -0.0000 -1.0000
vn 0.3681 -0.0000 0.9298
vn 0.2883 0.0432 0.9566
vn 0.0057 0.9963 0.0858
vn -0.0102 0.9963 0.0857
vn -0.0312 0.9963 0.0804
vn -0.0502 0.9963 0.0702
vn -0.0661 0.9963 0.0555
vn -0.0778 0.9963 0.0373
vn -0.0846 0.9963 0.0168
vn -0.0862 0.9963 -0.0048
vn -0.0822 0.9963 -0.0261
vn -0.0732 0.9963 -0.0457
vn -0.0595 0.9963 -0.0625
vn -0.0421 0.9963 -0.0753
vn -0.0220 0.9963 -0.0834
vn -0.0006 0.9963 -0.0863
vn 0.0209 0.9963 -0.0837
vn 0.0411 0.9963 -0.0759
vn 0.0586 0.9963 -0.0633
vn 0.0725 0.9963 -0.0467
vn 0.0819 0.9963 -0.0272
vn 0.0861 0.9963 -0.0060
vn 0.0849 0.9963 0.0156
vn 0.0783 0.9963 0.0362
vn 0.0669 0.9963 0.0545
vn 0.0512 0.9963 0.0695
vn 0.0323 0.9963 0.0800
vn 0.0114 0.9963 0.0855
vn 0.0410 0.9963 -0.0759
vn 0.0369 0.9963 0.0777
vn 0.0099 0.9895 0.1440
vn -0.0162 0.9897 0.1419
vn -0.0510 0.9897 0.1334
vn -0.0826 0.9897 0.1165
vn -0.1090 0.9897 0.0923
vn -0.1285 0.9897 0.0623
vn -0.1400 0.9897 0.0284
vn -0.1426 0.9897 -0.0073
vn -0.1363 0.9897 -0.0425
vn -0.1215 0.9897 -0.0751
vn -0.0990 0.9897 -0.1030
vn -0.0703 0.9897 -0.1243
vn -0.0371 0.9897 -0.1379
vn -0.0017 0.9897 -0.1428
vn 0.0339 0.9897 -0.1387
vn 0.0673 0.9897 -0.1259
vn 0.0965 0.9897 -0.1052
vn 0.1197 0.9897 -0.0779
vn 0.1353 0.9897 -0.0457
vn 0.1424 0.9897 -0.0106
vn 0.1406 0.9897 0.0251
vn 0.1299 0.9897 0.0593
vn 0.1111 0.9897 0.0897
vn 0.0853 0.9897 0.1145
vn 0.0541 0.9897 0.1322
vn 0.0196 0.9897 0.1415
vn 0.0622 0.9895 0.1302
vn -0.1345 0.0377 -0.9902
vn 0.0038 0.9981 0.0621
vn 0.0616 -0.0000 0.9981
vn -0.0736 -0.9662 0.2469
vn -0.0956 -0.9594 0.2652
vn -0.0843 -0.9737 0.2116
vn -0.0665 -0.9745 0.2145
vn -0.0527 -0.9739 0.2209
vn -0.0592 -0.9691 0.2394
vn -0.0726 -0.9650 0.2519
vn -0.0905 -0.9609 0.2617
vn -0.1123 -0.9569 0.2680
vn -0.1372 -0.9530 0.2701
vn -0.1645 -0.9495 0.2673
vn -0.1935 -0.9463 0.2592
vn -0.2233 -0.9435 0.2450
vn -0.2530 -0.9411 0.2242
vn -0.2814 -0.9393 0.1961
vn -0.3068 -0.9382 0.1603
vn -0.3273 -0.9377 0.1163
vn -0.3402 -0.9381 0.0645
vn -0.3426 -0.9394 0.0058
vn -0.3313 -0.9418 -0.0577
vn -0.3032 -0.9451 -0.1222
vn -0.2567 -0.9492 -0.1822
vn -0.1923 -0.9537 -0.2312
vn -0.1136 -0.9581 -0.2628
vn -0.0270 -0.9618 -0.2724
vn 0.0593 -0.9642 -0.2586
vn 0.1376 -0.9649 -0.2238
vn 0.1256 -0.9744 -0.1867
vn -0.2557 -0.8983 0.3572
vn -0.2836 -0.8951 0.3442
vn -0.3099 -0.8917 0.3299
vn -0.3376 -0.8880 0.3123
vn -0.3664 -0.8839 0.2906
vn -0.3957 -0.8796 0.2641
vn -0.4248 -0.8751 0.2318
vn -0.4527 -0.8705 0.1931
vn -0.4780 -0.8660 0.1470
vn -0.4988 -0.8617 0.0931
vn -0.5129 -0.8579 0.0310
vn -0.5171 -0.8550 -0.0391
vn -0.5079 -0.8535 -0.1160
vn -0.4815 -0.8539 -0.1974
vn -0.4341 -0.8566 -0.2789
vn -0.3633 -0.8616 -0.3544
vn -0.2691 -0.8685 -0.4164
vn -0.1549 -0.8760 -0.4568
vn -0.0285 -0.8827 -0.4691
vn 0.0994 -0.8870 -0.4510
vn 0.2179 -0.8881 -0.4046
vn 0.3497 -0.9121 -0.2142
vn 0.0009 -0.9816 0.1907
vn -0.0417 -0.9927 0.1131
vn -0.0545 -0.9840 0.1695
vn -0.0350 -0.9876 0.1529
vn -0.0258 -0.9855 0.1675
vn -0.0221 -0.9824 0.1854
vn -0.0248 -0.9785 0.2049
vn -0.0341 -0.9739 0.2244
vn -0.0501 -0.9690 0.2419
vn -0.0722 -0.9641 0.2556
vn -0.0993 -0.9593 0.2643
vn -0.0278 -0.9974 0.0668
vn -0.0283 -0.9943 0.1026
vn -0.0044 -0.9952 0.0973
vn 0.0118 -0.9931 0.1163
vn 0.0216 -0.9900 0.1395
vn 0.0241 -0.9860 0.1652
vn 0.0188 -0.9813 0.1913
vn 0.0059 -0.9764 0.2158
vn -0.0141 -0.9715 0.2367
vn -0.0409 -0.9672 0.2508
vn -0.1310 -0.9553 0.2651
vn -0.1650 -0.9512 0.2606
vn -0.1990 -0.9484 0.2467
vn -0.2311 -0.9467 0.2245
vn -0.2594 -0.9460 0.1944
vn -0.2817 -0.9465 0.1571
vn -0.2964 -0.9482 0.1141
vn -0.3020 -0.9510 0.0669
vn -0.2973 -0.9546 0.0176
vn -0.2674 -0.9625 -0.0465
vn -0.1866 -0.9819 -0.0322
vn -0.1823 -0.9760 -0.1192
vn -0.1711 -0.9736 -0.1513
vn -0.1171 -0.9777 -0.1742
vn -0.0582 -0.9809 -0.1854
vn 0.0028 -0.9829 -0.1839
vn 0.0628 -0.9835 -0.1694
vn 0.1184 -0.9827 -0.1426
vn 0.1670 -0.9804 -0.1049
vn 0.2060 -0.9768 -0.0585
vn 0.2338 -0.9723 -0.0060
vn 0.2496 -0.9671 0.0497
vn 0.2531 -0.9617 0.1057
vn 0.2450 -0.9563 0.1593
vn 0.2266 -0.9515 0.2080
vn 0.1996 -0.9474 0.2501
vn 0.1659 -0.9444 0.2840
vn 0.1280 -0.9424 0.3090
vn 0.0880 -0.9417 0.3247
vn 0.0480 -0.9422 0.3315
vn 0.0102 -0.9439 0.3301
vn -0.0239 -0.9466 0.3214
vn -0.0527 -0.9502 0.3071
vn -0.0754 -0.9545 0.2886
vn -0.0913 -0.9591 0.2679
vn -0.1005 -0.9638 0.2468
vn -0.1034 -0.9684 0.2271
vn -0.1009 -0.9724 0.2103
vn -0.0942 -0.9757 0.1978
vn -0.0904 -0.9774 0.1913
vn -0.1438 -0.9541 0.2625
vn -0.3012 -0.9193 0.2533
vn -0.3293 -0.9150 0.2330
vn -0.3580 -0.9127 0.1969
vn -0.3815 -0.9115 0.1534
vn -0.3979 -0.9116 0.1034
vn -0.4053 -0.9129 0.0482
vn -0.4023 -0.9155 -0.0106
vn -0.3878 -0.9190 -0.0712
vn -0.3261 -0.9359 -0.1335
vn -0.1883 -0.9811 -0.0449
vn -0.2126 -0.9349 -0.2841
vn -0.2044 -0.9398 -0.2740
vn -0.1349 -0.9446 -0.2993
vn -0.0573 -0.9484 -0.3119
vn 0.0230 -0.9508 -0.3090
vn 0.1022 -0.9515 -0.2903
vn 0.1765 -0.9503 -0.2563
vn 0.2425 -0.9474 -0.2088
vn 0.2970 -0.9430 -0.1502
vn 0.3383 -0.9373 -0.0838
vn 0.3651 -0.9309 -0.0129
vn 0.3774 -0.9242 0.0592
vn 0.3758 -0.9177 0.1293
vn 0.3617 -0.9117 0.1948
vn 0.3371 -0.9067 0.2536
vn 0.3041 -0.9027 0.3042
vn 0.2650 -0.9001 0.3459
vn 0.2221 -0.8987 0.3782
vn 0.1775 -0.8986 0.4013
vn 0.1331 -0.8996 0.4159
vn 0.0906 -0.9017 0.4229
vn 0.0513 -0.9045 0.4234
vn 0.0160 -0.9079 0.4189
vn -0.0146 -0.9116 0.4109
vn -0.0405 -0.9153 0.4007
vn -0.0619 -0.9188 0.3899
vn -0.0794 -0.9218 0.3794
vn -0.0939 -0.9241 0.3704
vn -0.0996 -0.9242 0.3686
vn -0.0879 -0.9961 -0.0010
vn -0.0892 -0.9960 0.0009
vn 0.0037 -0.9760 0.2179
vn 0.0626 -0.9980 -0.0046
vn -0.2198 -0.9755 -0.0089
vn 0.0107 -0.9514 0.3078
vn 0.0012 -0.9999 -0.0136
vn 0.0657 -0.9699 0.2346
vn -0.1668 -0.9860 -0.0042
vn 0.0243 -0.9997 -0.0026
vn 0.0736 0.9662 -0.2470
vn 0.0956 0.9594 -0.2653
vn 0.0847 0.9737 -0.2116
vn 0.0669 0.9745 -0.2144
vn 0.0530 0.9740 -0.2203
vn 0.0592 0.9691 -0.2393
vn 0.0726 0.9650 -0.2518
vn 0.0905 0.9609 -0.2617
vn 0.1123 0.9569 -0.2680
vn 0.1372 0.9530 -0.2700
vn 0.1646 0.9495 -0.2670
vn 0.1935 0.9464 -0.2585
vn 0.2233 0.9437 -0.2439
vn 0.2527 0.9416 -0.2225
vn 0.2807 0.9401 -0.1937
vn 0.3054 0.9392 -0.1568
vn 0.3247 0.9392 -0.1117
vn 0.3359 0.9401 -0.0586
vn 0.3357 0.9420 0.0015
vn 0.3208 0.9448 0.0659
vn 0.2884 0.9486 0.1306
vn 0.2370 0.9528 0.1896
vn 0.1680 0.9571 0.2360
vn 0.0859 0.9608 0.2634
vn -0.0019 0.9634 0.2680
vn -0.0871 0.9645 0.2494
vn -0.1622 0.9640 0.2108
vn -0.0933 0.9789 0.1817
vn 0.2567 0.8989 -0.3551
vn 0.2849 0.8957 -0.3414
vn 0.3110 0.8925 -0.3266
vn 0.3386 0.8890 -0.3083
vn 0.3670 0.8852 -0.2858
vn 0.3958 0.8813 -0.2582
vn 0.4243 0.8772 -0.2247
vn 0.4511 0.8732 -0.1844
vn 0.4749 0.8694 -0.1367
vn 0.4935 0.8660 -0.0807
vn 0.5044 0.8633 -0.0163
vn 0.5043 0.8617 0.0561
vn 0.4891 0.8617 0.1351
vn 0.4549 0.8635 0.2177
vn 0.3981 0.8673 0.2989
vn 0.3169 0.8727 0.3716
vn 0.2126 0.8787 0.4275
vn 0.0910 0.8839 0.4587
vn -0.0383 0.8870 0.4601
vn -0.1639 0.8873 0.4312
vn -0.2754 0.8847 0.3761
vn -0.4028 0.9092 0.1053
vn -0.0036 0.9817 -0.1904
vn 0.0444 0.9914 -0.1228
vn 0.0548 0.9841 -0.1692
vn 0.0361 0.9877 -0.1524
vn 0.0268 0.9856 -0.1668
vn 0.0228 0.9825 -0.1848
vn 0.0252 0.9786 -0.2044
vn 0.0344 0.9740 -0.2240
vn 0.0502 0.9691 -0.2417
vn 0.0722 0.9641 -0.2556
vn 0.0993 0.9593 -0.2643
vn 0.0351 0.9951 -0.0925
vn 0.0299 0.9943 -0.1022
vn 0.0069 0.9954 -0.0960
vn -0.0096 0.9933 -0.1148
vn -0.0198 0.9902 -0.1380
vn -0.0228 0.9862 -0.1638
vn -0.0180 0.9816 -0.1901
vn -0.0055 0.9766 -0.2149
vn 0.0143 0.9716 -0.2362
vn 0.0409 0.9672 -0.2506
vn 0.1311 0.9553 -0.2650
vn 0.1651 0.9513 -0.2602
vn 0.1990 0.9487 -0.2458
vn 0.2308 0.9471 -0.2230
vn 0.2586 0.9467 -0.1921
vn 0.2801 0.9475 -0.1541
vn 0.2937 0.9495 -0.1102
vn 0.2978 0.9526 -0.0624
vn 0.2913 0.9565 -0.0126
vn 0.2517 0.9660 0.0595
vn 0.1782 0.9835 0.0317
vn 0.1832 0.9754 0.1227
vn 0.1568 0.9756 0.1537
vn 0.1012 0.9794 0.1748
vn 0.0412 0.9821 0.1837
vn -0.0201 0.9835 0.1798
vn -0.0795 0.9834 0.1629
vn -0.1340 0.9819 0.1341
vn -0.1807 0.9790 0.0948
vn -0.2175 0.9749 0.0473
vn -0.2429 0.9700 -0.0056
vn -0.2562 0.9647 -0.0610
vn -0.2575 0.9593 -0.1163
vn -0.2476 0.9541 -0.1687
vn -0.2277 0.9495 -0.2160
vn -0.1996 0.9457 -0.2565
vn -0.1653 0.9430 -0.2890
vn -0.1270 0.9413 -0.3126
vn -0.0869 0.9409 -0.3272
vn -0.0471 0.9417 -0.3331
vn -0.0095 0.9436 -0.3310
vn 0.0243 0.9465 -0.3219
vn 0.0529 0.9502 -0.3072
vn 0.0754 0.9545 -0.2887
vn 0.0913 0.9591 -0.2679
vn 0.1006 0.9638 -0.2469
vn 0.1035 0.9683 -0.2271
vn 0.1011 0.9724 -0.2104
vn 0.0946 0.9757 -0.1978
vn 0.0900 0.9774 -0.1911
vn 0.1438 0.9541 -0.2626
vn 0.3004 0.9200 -0.2518
vn 0.3288 0.9163 -0.2287
vn 0.3567 0.9144 -0.1914
vn 0.3789 0.9137 -0.1466
vn 0.3936 0.9143 -0.0953
vn 0.3989 0.9162 -0.0390
vn 0.3931 0.9192 0.0206
vn 0.3756 0.9232 0.0816
vn 0.2899 0.9460 0.1452
vn 0.1777 0.9828 0.0492
vn 0.2146 0.9390 0.2689
vn 0.1793 0.9438 0.2778
vn 0.1061 0.9479 0.3004
vn 0.0269 0.9507 0.3090
vn -0.0539 0.9519 0.3017
vn -0.1322 0.9512 0.2787
vn -0.2045 0.9488 0.2408
vn -0.2672 0.9447 0.1902
vn -0.3180 0.9392 0.1296
vn -0.3550 0.9328 0.0621
vn -0.3776 0.9259 -0.0088
vn -0.3858 0.9191 -0.0800
vn -0.3808 0.9127 -0.1486
vn -0.3638 0.9070 -0.2120
vn -0.3370 0.9024 -0.2685
vn -0.3024 0.8990 -0.3168
vn -0.2622 0.8969 -0.3562
vn -0.2187 0.8960 -0.3864
vn -0.1739 0.8964 -0.4077
vn -0.1296 0.8979 -0.4206
vn -0.0874 0.9004 -0.4263
vn -0.0484 0.9035 -0.4258
vn -0.0136 0.9072 -0.4205
vn 0.0167 0.9111 -0.4119
vn 0.0422 0.9150 -0.4013
vn 0.0633 0.9186 -0.3902
vn 0.0806 0.9216 -0.3796
vn 0.0949 0.9240 -0.3704
vn 0.1004 0.9242 -0.3685
vn 0.0869 0.9962 0.0011
vn 0.0872 0.9962 -0.0011
vn -0.0026 0.9729 -0.2314
vn -0.0790 0.9968 0.0112
vn 0.2322 0.9726 0.0113
vn -0.0090 0.9536 -0.3010
vn 0.0370 0.9993 -0.0001
vn -0.0668 0.9681 -0.2414
vn 0.1806 0.9835 0.0045
vn -0.0542 0.9985 0.0020
vn 0.0256 0.2618 0.9648
vn 0.2236 0.0191 -0.9745
vn 0.9956 -0.0907 0.0248
vn -0.0300 -0.2614 -0.9648
vn -0.9956 0.0907 -0.0248
vn 0.3724 -0.2790 -0.8851
vn -0.9677 0.1502 0.2023
vn 0.2257 0.0007 -0.9742
vn -0.0044 -0.0237 0.9997
vn -0.9711 0.1467 0.1884
vn 0.9954 -0.0952 0.0083
vn 0.9888 -0.1208 -0.0876
vn 0.0007 0.0002 1.0000
vn 0.0011 -0.9994 -0.0352
vn -0.0011 0.9989 0.0475
s 0
f 553//208 554//208 597//208 596//208
f 557//208 558//208 634//208 633//208
f 555//208 556//208 608//208 607//208
f 551//208 552//208 595//208 594//208
f 614//209 615//209 652//209 653//209
f 562//210 563//210 704//210 705//210
f 499//211 498//211 760//211 759//211
f 613//212 614//212 653//212 654//212
f 561//213 562//213 705//213 706//213
f 498//214 497//214 761//214 760//214
f 612//210 613//210 654//210 655//210
f 560//215 561//215 706//215 707//215
f 497//216 496//216 762//216 761//216
f 611//213 612//213 655//213 656//213
f 559//217 560//217 707//217 708//217
f 496//218 495//218 763//218 762//218
f 610//215 611//215 656//215 657//215
f 547//216 546//216 712//216 711//216
f 495//219 494//219 764//219 763//219
f 609//217 610//217 657//217 658//217
f 546//218 545//218 713//218 712//218
f 494//220 493//220 765//220 764//220
f 608//221 609//221 658//221 659//221
f 545//219 544//219 714//219 713//219
f 493//222 492//222 766//222 765//222
f 607//223 608//223 659//223 660//223
f 544//220 543//220 715//220 714//220
f 492//224 491//224 767//224 766//224
f 606//225 607//225 660//225 661//225
f 543//222 542//222 716//222 715//222
f 491//226 490//226 768//226 767//226
f 605//227 606//227 661//227 662//227
f 542//224 541//224 717//224 716//224
f 490//228 489//228 769//228 768//228
f 604//229 605//229 662//229 663//229
f 541//226 540//226 718//226 717//226
f 489//230 488//230 770//230 769//230
f 603//231 604//231 663//231 664//231
f 540//228 539//228 719//228 718//228
f 488//232 487//232 771//232 770//232
f 602//233 603//233 664//233 665//233
f 539//230 538//230 720//230 719//230
f 487//234 486//234 772//234 771//234
f 601//235 602//235 665//235 666//235
f 538//232 537//232 721//232 720//232
f 486//236 485//236 773//236 772//236
f 600//237 601//237 666//237 667//237
f 537//234 536//234 722//234 721//234
f 485//238 484//238 774//238 773//238
f 599//239 600//239 667//239 668//239
f 536//236 535//236 723//236 722//236
f 484//240 483//240 775//240 774//240
f 598//241 599//241 668//241 669//241
f 535//238 534//238 724//238 723//238
f 483//242 482//242 776//242 775//242
f 597//243 598//243 669//243 670//243
f 534//240 533//240 725//240 724//240
f 482//244 481//244 777//244 776//244
f 596//245 597//245 670//245 671//245
f 533//242 532//242 726//242 725//242
f 481//246 480//246 778//246 777//246
f 595//247 596//247 671//247 672//247
f 532//244 531//244 727//244 726//244
f 480//248 479//248 779//248 778//248
f 594//249 595//249 672//249 673//249
f 531//246 530//246 728//246 727//246
f 479//250 478//250 780//250 779//250
f 593//251 594//251 673//251 674//251
f 530//248 529//248 729//248 728//248
f 478//252 477//252 781//252 780//252
f 592//253 593//253 674//253 675//253
f 529//250 528//250 730//250 729//250
f 477//254 476//254 782//254 781//254
f 591//255 592//255 675//255 676//255
f 528//252 527//252 731//252 730//252
f 476//256 475//256 783//256 782//256
f 590//257 591//257 676//257 677//257
f 527//254 526//254 732//254 731//254
f 475//258 474//258 784//258 783//258
f 589//209 590//209 677//209 678//209
f 526//256 525//256 733//256 732//256
f 474//211 473//211 785//211 784//211
f 588//212 589//212 678//212 679//212
f 525//258 524//258 734//258 733//258
f 473//214 472//214 786//214 785//214
f 587//210 588//210 679//210 680//210
f 524//211 523//211 735//211 734//211
f 586//213 587//213 680//213 681//213
f 523//214 522//214 736//214 735//214
f 585//215 586//215 681//215 682//215
f 522//216 521//216 737//216 736//216
f 584//217 585//217 682//217 683//217
f 521//218 520//218 738//218 737//218
f 583//221 584//221 683//221 684//221
f 520//219 519//219 739//219 738//219
f 582//223 583//223 684//223 685//223
f 519//220 518//220 740//220 739//220
f 633//221 634//221 788//221 787//221
f 581//225 582//225 685//225 686//225
f 518//222 517//222 741//222 740//222
f 632//223 633//223 787//223 635//223
f 580//227 581//227 686//227 687//227
f 517//224 516//224 742//224 741//224
f 631//225 632//225 635//225 636//225
f 579//229 580//229 687//229 688//229
f 516//226 515//226 743//226 742//226
f 630//227 631//227 636//227 637//227
f 578//231 579//231 688//231 689//231
f 515//228 514//228 744//228 743//228
f 629//229 630//229 637//229 638//229
f 577//233 578//233 689//233 690//233
f 514//230 513//230 745//230 744//230
f 628//231 629//231 638//231 639//231
f 576//235 577//235 690//235 691//235
f 513//232 512//232 746//232 745//232
f 627//233 628//233 639//233 640//233
f 575//237 576//237 691//237 692//237
f 512//234 511//234 747//234 746//234
f 626//235 627//235 640//235 641//235
f 574//239 575//239 692//239 693//239
f 511//236 510//236 748//236 747//236
f 625//237 626//237 641//237 642//237
f 573//241 574//241 693//241 694//241
f 510//238 509//238 749//238 748//238
f 624//239 625//239 642//239 643//239
f 572//243 573//243 694//243 695//243
f 509//240 508//240 750//240 749//240
f 623//241 624//241 643//241 644//241
f 571//245 572//245 695//245 696//245
f 508//242 507//242 751//242 750//242
f 622//243 623//243 644//243 645//243
f 570//247 571//247 696//247 697//247
f 507//244 506//244 752//244 751//244
f 621//245 622//245 645//245 646//245
f 569//249 570//249 697//249 698//249
f 506//246 505//246 753//246 752//246
f 620//247 621//247 646//247 647//247
f 568//251 569//251 698//251 699//251
f 505//248 504//248 754//248 753//248
f 619//249 620//249 647//249 648//249
f 567//253 568//253 699//253 700//253
f 504//250 503//250 755//250 754//250
f 618//251 619//251 648//251 649//251
f 566//255 567//255 700//255 701//255
f 503//252 502//252 756//252 755//252
f 617//253 618//253 649//253 650//253
f 565//257 566//257 701//257 702//257
f 502//254 501//254 757//254 756//254
f 616//255 617//255 650//255 651//255
f 564//209 565//209 702//209 703//209
f 501//256 500//256 758//256 757//256
f 615//257 616//257 651//257 652//257
f 563//212 564//212 703//212 704//212
f 472//259 471//259 789//259 790//259
f 500//258 499//258 759//258 758//258
f 928//260 929//260 1098//260 1097//260
f 826//261 827//261 997//261 996//261
f 877//262 876//262 1045//262 1046//262
f 929//263 930//263 1099//263 1098//263
f 827//264 828//264 998//264 997//264
f 878//265 877//265 1046//265 1047//265
f 930//266 931//266 1100//266 1099//266
f 828//267 829//267 999//267 998//267
f 879//268 878//268 1047//268 1048//268
f 931//269 932//269 1101//269 1100//269
f 829//270 830//270 1000//270 999//270
f 880//271 879//271 1048//271 1049//271
f 932//272 933//272 1102//272 1101//272
f 830//273 831//273 1001//273 1000//273
f 881//274 880//274 1049//274 1050//274
f 933//275 934//275 1103//275 1102//275
f 831//276 832//276 1002//276 1001//276
f 882//277 881//277 1050//277 1051//277
f 934//278 935//278 1104//278 1103//278
f 832//279 833//279 1003//279 1002//279
f 883//280 882//280 1051//280 1052//280
f 935//281 936//281 1105//281 1104//281
f 833//282 834//282 1004//282 1003//282
f 884//283 883//283 1052//283 1053//283
f 936//284 937//284 1106//284 1105//284
f 885//285 884//285 1053//285 1054//285
f 834//286 835//286 1005//286 1004//286
f 937//287 938//287 1107//287 1106//287
f 886//288 885//288 1054//288 1055//288
f 835//289 836//289 1006//289 1005//289
f 938//290 939//290 1108//290 1107//290
f 887//291 886//291 1055//291 1056//291
f 836//292 837//292 1007//292 1006//292
f 939//293 940//293 1109//293 1108//293
f 888//294 887//294 1056//294 1057//294
f 837//295 838//295 1008//295 1007//295
f 940//296 941//296 1110//296 1109//296
f 889//297 888//297 1057//297 1058//297
f 838//298 839//298 1009//298 1008//298
f 950//299 952//299 1121//299 1119//299
f 941//300 942//300 1111//300 1110//300
f 890//301 889//301 1058//301 1059//301
f 839//302 840//302 1010//302 1009//302
f 951//303 909//303 1078//303 1120//303
f 847//304 848//304 1017//304 1016//304
f 942//305 943//305 1112//305 1111//305
f 891//306 890//306 1059//306 1060//306
f 840//307 841//307 1011//307 1010//307
f 954//308 953//308 1122//308 1123//308
f 848//309 849//309 1018//309 1017//309
f 943//310 944//310 1113//310 1112//310
f 892//311 891//311 1060//311 1061//311
f 841//312 842//312 1012//312 1011//312
f 849//313 850//313 1019//313 1018//313
f 944//314 945//314 1114//314 1113//314
f 893//315 892//315 1061//315 1062//315
f 953//299 819//299 989//299 1122//299
f 850//316 851//316 1020//316 1019//316
f 945//317 946//317 1115//317 1114//317
f 894//318 893//318 1062//318 1063//318
f 851//319 852//319 1021//319 1020//319
f 791//320 820//320 990//320 961//320
f 946//321 947//321 1116//321 1115//321
f 895//322 894//322 1063//322 1064//322
f 957//303 958//303 1126//303 1125//303
f 852//323 853//323 1022//323 1021//323
f 792//324 791//324 961//324 962//324
f 947//325 948//325 1117//325 1116//325
f 896//326 895//326 1064//326 1065//326
f 853//327 854//327 1023//327 1022//327
f 793//328 792//328 962//328 963//328
f 948//329 949//329 1118//329 1117//329
f 897//330 896//330 1065//330 1066//330
f 958//308 956//308 1124//308 1126//308
f 854//331 855//331 1024//331 1023//331
f 795//332 794//332 964//332 965//332
f 949//333 950//333 1119//333 1118//333
f 898//334 897//334 1066//334 1067//334
f 855//335 856//335 1025//335 1024//335
f 796//336 795//336 965//336 966//336
f 899//337 898//337 1067//337 1068//337
f 797//338 796//338 966//338 967//338
f 856//339 857//339 1026//339 1025//339
f 900//340 899//340 1068//340 1069//340
f 844//341 957//341 1125//341 1013//341
f 798//342 797//342 967//342 968//342
f 859//343 858//343 1027//343 1028//343
f 901//344 900//344 1069//344 1070//344
f 799//345 798//345 968//345 969//345
f 860//346 859//346 1028//346 1029//346
f 902//347 901//347 1070//347 1071//347
f 960//348 959//348 1127//348 1128//348
f 800//349 799//349 969//349 970//349
f 861//350 860//350 1029//350 1030//350
f 903//351 902//351 1071//351 1072//351
f 846//352 960//352 1128//352 1015//352
f 801//353 800//353 970//353 971//353
f 862//354 861//354 1030//354 1031//354
f 904//355 903//355 1072//355 1073//355
f 959//356 845//356 1014//356 1127//356
f 802//357 801//357 971//357 972//357
f 863//358 862//358 1031//358 1032//358
f 905//359 904//359 1073//359 1074//359
f 803//360 802//360 972//360 973//360
f 864//361 863//361 1032//361 1033//361
f 906//362 905//362 1074//362 1075//362
f 804//363 803//363 973//363 974//363
f 865//364 864//364 1033//364 1034//364
f 907//365 906//365 1075//365 1076//365
f 805//366 804//366 974//366 975//366
f 866//367 865//367 1034//367 1035//367
f 908//368 907//368 1076//368 1077//368
f 806//369 805//369 975//369 976//369
f 867//370 866//370 1035//370 1036//370
f 909//371 908//371 1077//371 1078//371
f 807//372 806//372 976//372 977//372
f 868//373 867//373 1036//373 1037//373
f 910//374 911//374 1080//374 1079//374
f 808//375 807//375 977//375 978//375
f 911//376 912//376 1081//376 1080//376
f 809//377 808//377 978//377 979//377
f 912//378 913//378 1082//378 1081//378
f 810//379 809//379 979//379 980//379
f 913//380 914//380 1083//380 1082//380
f 811//381 810//381 980//381 981//381
f 914//382 915//382 1084//382 1083//382
f 812//383 811//383 981//383 982//383
f 915//384 916//384 1085//384 1084//384
f 813//385 812//385 982//385 983//385
f 916//386 917//386 1086//386 1085//386
f 814//387 813//387 983//387 984//387
f 917//388 918//388 1087//388 1086//388
f 815//389 814//389 984//389 985//389
f 918//390 919//390 1088//390 1087//390
f 816//391 815//391 985//391 986//391
f 919//392 920//392 1089//392 1088//392
f 817//393 816//393 986//393 987//393
f 920//394 921//394 1090//394 1089//394
f 842//395 844//395 1013//395 1012//395
f 818//396 817//396 987//396 988//396
f 921//397 922//397 1091//397 1090//397
f 870//398 869//398 1038//398 1039//398
f 819//399 818//399 988//399 989//399
f 922//400 923//400 1092//400 1091//400
f 871//401 870//401 1039//401 1040//401
f 820//402 821//402 991//402 990//402
f 923//403 924//403 1093//403 1092//403
f 872//404 871//404 1040//404 1041//404
f 821//405 822//405 992//405 991//405
f 924//406 925//406 1094//406 1093//406
f 873//407 872//407 1041//407 1042//407
f 822//408 823//408 993//408 992//408
f 925//409 926//409 1095//409 1094//409
f 823//410 824//410 994//410 993//410
f 874//411 873//411 1042//411 1043//411
f 926//412 927//412 1096//412 1095//412
f 824//413 825//413 995//413 994//413
f 875//414 874//414 1043//414 1044//414
f 927//415 928//415 1097//415 1096//415
f 825//416 826//416 996//416 995//416
f 876//417 875//417 1044//417 1045//417
f 549//418 709//418 1130//418 1129//418
f 1277//419 1320//419 1321//419 1278//419
f 1281//420 1357//420 1358//420 1282//420
f 1279//421 1331//421 1332//421 1280//421
f 1275//422 1318//422 1319//422 1276//422
f 1338//252 1377//252 1376//252 1339//252
f 1286//256 1429//256 1428//256 1287//256
f 1223//215 1483//215 1484//215 1222//215
f 1337//254 1378//254 1377//254 1338//254
f 1285//258 1430//258 1429//258 1286//258
f 1222//217 1484//217 1485//217 1221//217
f 1336//256 1379//256 1378//256 1337//256
f 1284//211 1431//211 1430//211 1285//211
f 1221//221 1485//221 1486//221 1220//221
f 1335//258 1380//258 1379//258 1336//258
f 1283//423 1432//423 1431//423 1284//423
f 1220//223 1486//223 1487//223 1219//223
f 1334//211 1381//211 1380//211 1335//211
f 1271//424 1435//424 1436//424 1270//424
f 1219//225 1487//225 1488//225 1218//225
f 1333//214 1382//214 1381//214 1334//214
f 1270//223 1436//223 1437//223 1269//223
f 1218//227 1488//227 1489//227 1217//227
f 1332//425 1383//425 1382//425 1333//425
f 1269//225 1437//225 1438//225 1268//225
f 1217//229 1489//229 1490//229 1216//229
f 1331//426 1384//426 1383//426 1332//426
f 1268//227 1438//227 1439//227 1267//227
f 1216//231 1490//231 1491//231 1215//231
f 1330//427 1385//427 1384//427 1331//427
f 1267//229 1439//229 1440//229 1266//229
f 1215//233 1491//233 1492//233 1214//233
f 1329//220 1386//220 1385//220 1330//220
f 1266//231 1440//231 1441//231 1265//231
f 1214//235 1492//235 1493//235 1213//235
f 1328//222 1387//222 1386//222 1329//222
f 1265//233 1441//233 1442//233 1264//233
f 1213//237 1493//237 1494//237 1212//237
f 1327//224 1388//224 1387//224 1328//224
f 1264//235 1442//235 1443//235 1263//235
f 1212//239 1494//239 1495//239 1211//239
f 1326//226 1389//226 1388//226 1327//226
f 1263//237 1443//237 1444//237 1262//237
f 1211//241 1495//241 1496//241 1210//241
f 1325//228 1390//228 1389//228 1326//228
f 1262//239 1444//239 1445//239 1261//239
f 1210//243 1496//243 1497//243 1209//243
f 1324//230 1391//230 1390//230 1325//230
f 1261//241 1445//241 1446//241 1260//241
f 1209//245 1497//245 1498//245 1208//245
f 1323//232 1392//232 1391//232 1324//232
f 1260//243 1446//243 1447//243 1259//243
f 1208//247 1498//247 1499//247 1207//247
f 1322//234 1393//234 1392//234 1323//234
f 1259//245 1447//245 1448//245 1258//245
f 1207//249 1499//249 1500//249 1206//249
f 1321//428 1394//428 1393//428 1322//428
f 1258//247 1448//247 1449//247 1257//247
f 1206//251 1500//251 1501//251 1205//251
f 1320//429 1395//429 1394//429 1321//429
f 1257//249 1449//249 1450//249 1256//249
f 1205//253 1501//253 1502//253 1204//253
f 1319//430 1396//430 1395//430 1320//430
f 1256//251 1450//251 1451//251 1255//251
f 1204//255 1502//255 1503//255 1203//255
f 1318//431 1397//431 1396//431 1319//431
f 1255//253 1451//253 1452//253 1254//253
f 1203//257 1503//257 1504//257 1202//257
f 1317//432 1398//432 1397//432 1318//432
f 1254//255 1452//255 1453//255 1253//255
f 1202//209 1504//209 1505//209 1201//209
f 1316//246 1399//246 1398//246 1317//246
f 1253//257 1453//257 1454//257 1252//257
f 1201//212 1505//212 1506//212 1200//212
f 1315//248 1400//248 1399//248 1316//248
f 1252//209 1454//209 1455//209 1251//209
f 1200//210 1506//210 1507//210 1199//210
f 1314//250 1401//250 1400//250 1315//250
f 1251//212 1455//212 1456//212 1250//212
f 1199//213 1507//213 1508//213 1198//213
f 1313//252 1402//252 1401//252 1314//252
f 1250//210 1456//210 1457//210 1249//210
f 1198//215 1508//215 1509//215 1197//215
f 1312//254 1403//254 1402//254 1313//254
f 1249//213 1457//213 1458//213 1248//213
f 1197//433 1509//433 1510//433 1196//433
f 1311//256 1404//256 1403//256 1312//256
f 1248//215 1458//215 1459//215 1247//215
f 1310//258 1405//258 1404//258 1311//258
f 1247//217 1459//217 1460//217 1246//217
f 1309//211 1406//211 1405//211 1310//211
f 1246//221 1460//221 1461//221 1245//221
f 1308//214 1407//214 1406//214 1309//214
f 1245//223 1461//223 1462//223 1244//223
f 1307//216 1408//216 1407//216 1308//216
f 1244//225 1462//225 1463//225 1243//225
f 1306//218 1409//218 1408//218 1307//218
f 1243//227 1463//227 1464//227 1242//227
f 1357//434 1511//434 1512//434 1358//434
f 1305//219 1410//219 1409//219 1306//219
f 1242//229 1464//229 1465//229 1241//229
f 1356//435 1359//435 1511//435 1357//435
f 1304//220 1411//220 1410//220 1305//220
f 1241//231 1465//231 1466//231 1240//231
f 1355//219 1360//219 1359//219 1356//219
f 1303//222 1412//222 1411//222 1304//222
f 1240//233 1466//233 1467//233 1239//233
f 1354//220 1361//220 1360//220 1355//220
f 1302//224 1413//224 1412//224 1303//224
f 1239//235 1467//235 1468//235 1238//235
f 1353//222 1362//222 1361//222 1354//222
f 1301//226 1414//226 1413//226 1302//226
f 1238//237 1468//237 1469//237 1237//237
f 1352//224 1363//224 1362//224 1353//224
f 1300//228 1415//228 1414//228 1301//228
f 1237//239 1469//239 1470//239 1236//239
f 1351//226 1364//226 1363//226 1352//226
f 1299//230 1416//230 1415//230 1300//230
f 1236//241 1470//241 1471//241 1235//241
f 1350//228 1365//228 1364//228 1351//228
f 1298//232 1417//232 1416//232 1299//232
f 1235//243 1471//243 1472//243 1234//243
f 1349//230 1366//230 1365//230 1350//230
f 1297//234 1418//234 1417//234 1298//234
f 1234//245 1472//245 1473//245 1233//245
f 1348//232 1367//232 1366//232 1349//232
f 1296//236 1419//236 1418//236 1297//236
f 1233//247 1473//247 1474//247 1232//247
f 1347//234 1368//234 1367//234 1348//234
f 1295//238 1420//238 1419//238 1296//238
f 1232//249 1474//249 1475//249 1231//249
f 1346//236 1369//236 1368//236 1347//236
f 1294//240 1421//240 1420//240 1295//240
f 1231//251 1475//251 1476//251 1230//251
f 1345//238 1370//238 1369//238 1346//238
f 1293//242 1422//242 1421//242 1294//242
f 1230//253 1476//253 1477//253 1229//253
f 1344//240 1371//240 1370//240 1345//240
f 1292//244 1423//244 1422//244 1293//244
f 1229//255 1477//255 1478//255 1228//255
f 1343//242 1372//242 1371//242 1344//242
f 1291//246 1424//246 1423//246 1292//246
f 1228//257 1478//257 1479//257 1227//257
f 1342//244 1373//244 1372//244 1343//244
f 1290//248 1425//248 1424//248 1291//248
f 1227//209 1479//209 1480//209 1226//209
f 1341//246 1374//246 1373//246 1342//246
f 1289//250 1426//250 1425//250 1290//250
f 1226//212 1480//212 1481//212 1225//212
f 1340//248 1375//248 1374//248 1341//248
f 1288//252 1427//252 1426//252 1289//252
f 1225//210 1481//210 1482//210 1224//210
f 1339//250 1376//250 1375//250 1340//250
f 1287//254 1428//254 1427//254 1288//254
f 1196//436 1514//436 1513//436 1195//436
f 1224//213 1482//213 1483//213 1223//213
f 1652//437 1821//437 1822//437 1653//437
f 1550//438 1720//438 1721//438 1551//438
f 1601//439 1770//439 1769//439 1600//439
f 1653//440 1822//440 1823//440 1654//440
f 1551//441 1721//441 1722//441 1552//441
f 1602//442 1771//442 1770//442 1601//442
f 1654//443 1823//443 1824//443 1655//443
f 1552//444 1722//444 1723//444 1553//444
f 1603//445 1772//445 1771//445 1602//445
f 1655//446 1824//446 1825//446 1656//446
f 1553//447 1723//447 1724//447 1554//447
f 1604//448 1773//448 1772//448 1603//448
f 1656//449 1825//449 1826//449 1657//449
f 1554//450 1724//450 1725//450 1555//450
f 1605//451 1774//451 1773//451 1604//451
f 1657//452 1826//452 1827//452 1658//452
f 1555//453 1725//453 1726//453 1556//453
f 1606//454 1775//454 1774//454 1605//454
f 1658//455 1827//455 1828//455 1659//455
f 1556//456 1726//456 1727//456 1557//456
f 1607//457 1776//457 1775//457 1606//457
f 1659//458 1828//458 1829//458 1660//458
f 1557//459 1727//459 1728//459 1558//459
f 1608//460 1777//460 1776//460 1607//460
f 1660//461 1829//461 1830//461 1661//461
f 1609//462 1778//462 1777//462 1608//462
f 1558//463 1728//463 1729//463 1559//463
f 1661//464 1830//464 1831//464 1662//464
f 1610//465 1779//465 1778//465 1609//465
f 1559//466 1729//466 1730//466 1560//466
f 1662//467 1831//467 1832//467 1663//467
f 1611//468 1780//468 1779//468 1610//468
f 1560//469 1730//469 1731//469 1561//469
f 1663//470 1832//470 1833//470 1664//470
f 1612//471 1781//471 1780//471 1611//471
f 1561//472 1731//472 1732//472 1562//472
f 1664//473 1833//473 1834//473 1665//473
f 1613//474 1782//474 1781//474 1612//474
f 1562//475 1732//475 1733//475 1563//475
f 1674//476 1843//476 1845//476 1676//476
f 1665//477 1834//477 1835//477 1666//477
f 1614//478 1783//478 1782//478 1613//478
f 1563//479 1733//479 1734//479 1564//479
f 1675//480 1844//480 1802//480 1633//480
f 1571//481 1740//481 1741//481 1572//481
f 1666//482 1835//482 1836//482 1667//482
f 1615//483 1784//483 1783//483 1614//483
f 1564//484 1734//484 1735//484 1565//484
f 1678//485 1847//485 1846//485 1677//485
f 1572//486 1741//486 1742//486 1573//486
f 1667//487 1836//487 1837//487 1668//487
f 1616//488 1785//488 1784//488 1615//488
f 1565//489 1735//489 1736//489 1566//489
f 1573//490 1742//490 1743//490 1574//490
f 1668//491 1837//491 1838//491 1669//491
f 1617//492 1786//492 1785//492 1616//492
f 1677//493 1846//493 1713//493 1543//493
f 1574//494 1743//494 1744//494 1575//494
f 1669//495 1838//495 1839//495 1670//495
f 1618//496 1787//496 1786//496 1617//496
f 1575//497 1744//497 1745//497 1576//497
f 1515//498 1685//498 1714//498 1544//498
f 1670//499 1839//499 1840//499 1671//499
f 1619//500 1788//500 1787//500 1618//500
f 1681//501 1849//501 1850//501 1682//501
f 1576//502 1745//502 1746//502 1577//502
f 1516//503 1686//503 1685//503 1515//503
f 1671//504 1840//504 1841//504 1672//504
f 1620//505 1789//505 1788//505 1619//505
f 1577//506 1746//506 1747//506 1578//506
f 1517//507 1687//507 1686//507 1516//507
f 1672//508 1841//508 1842//508 1673//508
f 1621//509 1790//509 1789//509 1620//509
f 1682//510 1850//510 1848//510 1680//510
f 1578//511 1747//511 1748//511 1579//511
f 1519//512 1689//512 1688//512 1518//512
f 1673//513 1842//513 1843//513 1674//513
f 1622//514 1791//514 1790//514 1621//514
f 1579//515 1748//515 1749//515 1580//515
f 1520//516 1690//516 1689//516 1519//516
f 1623//517 1792//517 1791//517 1622//517
f 1521//518 1691//518 1690//518 1520//518
f 1580//519 1749//519 1750//519 1581//519
f 1624//520 1793//520 1792//520 1623//520
f 1568//521 1737//521 1849//521 1681//521
f 1522//522 1692//522 1691//522 1521//522
f 1583//523 1752//523 1751//523 1582//523
f 1625//524 1794//524 1793//524 1624//524
f 1523//525 1693//525 1692//525 1522//525
f 1584//526 1753//526 1752//526 1583//526
f 1626//527 1795//527 1794//527 1625//527
f 1684//528 1852//528 1851//528 1683//528
f 1524//529 1694//529 1693//529 1523//529
f 1585//530 1754//530 1753//530 1584//530
f 1627//531 1796//531 1795//531 1626//531
f 1570//532 1739//532 1852//532 1684//532
f 1525//533 1695//533 1694//533 1524//533
f 1586//534 1755//534 1754//534 1585//534
f 1628//535 1797//535 1796//535 1627//535
f 1683//536 1851//536 1738//536 1569//536
f 1526//537 1696//537 1695//537 1525//537
f 1587//538 1756//538 1755//538 1586//538
f 1629//539 1798//539 1797//539 1628//539
f 1527//540 1697//540 1696//540 1526//540
f 1588//541 1757//541 1756//541 1587//541
f 1630//542 1799//542 1798//542 1629//542
f 1528//543 1698//543 1697//543 1527//543
f 1589//544 1758//544 1757//544 1588//544
f 1631//545 1800//545 1799//545 1630//545
f 1529//546 1699//546 1698//546 1528//546
f 1590//547 1759//547 1758//547 1589//547
f 1632//548 1801//548 1800//548 1631//548
f 1530//549 1700//549 1699//549 1529//549
f 1591//550 1760//550 1759//550 1590//550
f 1633//551 1802//551 1801//551 1632//551
f 1531//552 1701//552 1700//552 1530//552
f 1592//553 1761//553 1760//553 1591//553
f 1634//554 1803//554 1804//554 1635//554
f 1532//555 1702//555 1701//555 1531//555
f 1635//556 1804//556 1805//556 1636//556
f 1533//557 1703//557 1702//557 1532//557
f 1636//558 1805//558 1806//558 1637//558
f 1534//559 1704//559 1703//559 1533//559
f 1637//560 1806//560 1807//560 1638//560
f 1535//561 1705//561 1704//561 1534//561
f 1638//562 1807//562 1808//562 1639//562
f 1536//563 1706//563 1705//563 1535//563
f 1639//564 1808//564 1809//564 1640//564
f 1537//565 1707//565 1706//565 1536//565
f 1640//566 1809//566 1810//566 1641//566
f 1538//567 1708//567 1707//567 1537//567
f 1641//568 1810//568 1811//568 1642//568
f 1539//569 1709//569 1708//569 1538//569
f 1642//570 1811//570 1812//570 1643//570
f 1540//571 1710//571 1709//571 1539//571
f 1643//572 1812//572 1813//572 1644//572
f 1541//573 1711//573 1710//573 1540//573
f 1644//574 1813//574 1814//574 1645//574
f 1566//575 1736//575 1737//575 1568//575
f 1542//576 1712//576 1711//576 1541//576
f 1645//577 1814//577 1815//577 1646//577
f 1594//578 1763//578 1762//578 1593//578
f 1543//579 1713//579 1712//579 1542//579
f 1646//580 1815//580 1816//580 1647//580
f 1595//581 1764//581 1763//581 1594//581
f 1544//582 1714//582 1715//582 1545//582
f 1647//583 1816//583 1817//583 1648//583
f 1596//584 1765//584 1764//584 1595//584
f 1545//585 1715//585 1716//585 1546//585
f 1648//586 1817//586 1818//586 1649//586
f 1597//587 1766//587 1765//587 1596//587
f 1546//588 1716//588 1717//588 1547//588
f 1649//589 1818//589 1819//589 1650//589
f 1547//590 1717//590 1718//590 1548//590
f 1598//591 1767//591 1766//591 1597//591
f 1650//592 1819//592 1820//592 1651//592
f 1548//593 1718//593 1719//593 1549//593
f 1599//594 1768//594 1767//594 1598//594
f 1651//595 1820//595 1821//595 1652//595
f 1549//596 1719//596 1720//596 1550//596
f 1600//597 1769//597 1768//597 1599//597
f 1273//598 1853//598 1854//598 1433//598
f 471//599 472//599 1196//599 1195//599
f 472//600 473//600 1197//600 1196//600
f 473//601 474//601 1198//601 1197//601
f 474//602 475//602 1199//602 1198//602
f 475//603 476//603 1200//603 1199//603
f 476//604 477//604 1201//604 1200//604
f 477//605 478//605 1202//605 1201//605
f 478//606 479//606 1203//606 1202//606
f 479//607 480//607 1204//607 1203//607
f 480//608 481//608 1205//608 1204//608
f 481//609 482//609 1206//609 1205//609
f 482//610 483//610 1207//610 1206//610
f 483//611 484//611 1208//611 1207//611
f 484//612 485//612 1209//612 1208//612
f 485//613 486//613 1210//613 1209//613
f 486//614 487//614 1211//614 1210//614
f 487//615 488//615 1212//615 1211//615
f 488//616 489//616 1213//616 1212//616
f 489//617 490//617 1214//617 1213//617
f 490//618 491//618 1215//618 1214//618
f 491//619 492//619 1216//619 1215//619
f 492//620 493//620 1217//620 1216//620
f 493//621 494//621 1218//621 1217//621
f 494//622 495//622 1219//622 1218//622
f 495//623 496//623 1220//623 1219//623
f 496//624 497//624 1221//624 1220//624
f 497//625 498//625 1222//625 1221//625
f 498//601 499//601 1223//601 1222//601
f 499//602 500//602 1224//602 1223//602
f 500//603 501//603 1225//603 1224//603
f 501//604 502//604 1226//604 1225//604
f 502//605 503//605 1227//605 1226//605
f 503//606 504//606 1228//606 1227//606
f 504//607 505//607 1229//607 1228//607
f 505//608 506//608 1230//608 1229//608
f 506//609 507//609 1231//609 1230//609
f 507//610 508//610 1232//610 1231//610
f 508//611 509//611 1233//611 1232//611
f 509//612 510//612 1234//612 1233//612
f 510//613 511//613 1235//613 1234//613
f 511//614 512//614 1236//614 1235//614
f 512//615 513//615 1237//615 1236//615
f 513//616 514//616 1238//616 1237//616
f 514//617 515//617 1239//617 1238//617
f 515//618 516//618 1240//618 1239//618
f 516//619 517//619 1241//619 1240//619
f 517//620 518//620 1242//620 1241//620
f 518//621 519//621 1243//621 1242//621
f 519//622 520//622 1244//622 1243//622
f 520//623 521//623 1245//623 1244//623
f 521//624 522//624 1246//624 1245//624
f 522//625 523//625 1247//625 1246//625
f 523//601 524//601 1248//601 1247//601
f 524//602 525//602 1249//602 1248//602
f 525//603 526//603 1250//603 1249//603
f 526//604 527//604 1251//604 1250//604
f 527//605 528//605 1252//605 1251//605
f 528//606 529//606 1253//606 1252//606
f 529//607 530//607 1254//607 1253//607
f 530//608 531//608 1255//608 1254//608
f 531//609 532//609 1256//609 1255//609
f 532//610 533//610 1257//610 1256//610
f 533//611 534//611 1258//611 1257//611
f 534//612 535//612 1259//612 1258//612
f 535//613 536//613 1260//613 1259//613
f 536//614 537//614 1261//614 1260//614
f 537//615 538//615 1262//615 1261//615
f 538//616 539//616 1263//616 1262//616
f 539//617 540//617 1264//617 1263//617
f 540//618 541//618 1265//618 1264//618
f 541//619 542//619 1266//619 1265//619
f 542//620 543//620 1267//620 1266//620
f 543//621 544//621 1268//621 1267//621
f 544//622 545//622 1269//622 1268//622
f 545//623 546//623 1270//623 1269//623
f 546//626 547//626 1271//626 1270//626
f 552//249 551//249 1275//249 1276//249
f 554//245 553//245 1277//245 1278//245
f 556//223 555//223 1279//223 1280//223
f 558//221 557//221 1281//221 1282//221
f 560//627 559//627 1283//627 1284//627
f 561//628 560//628 1284//628 1285//628
f 562//629 561//629 1285//629 1286//629
f 563//630 562//630 1286//630 1287//630
f 564//631 563//631 1287//631 1288//631
f 565//632 564//632 1288//632 1289//632
f 566//633 565//633 1289//633 1290//633
f 567//634 566//634 1290//634 1291//634
f 568//635 567//635 1291//635 1292//635
f 569//636 568//636 1292//636 1293//636
f 570//637 569//637 1293//637 1294//637
f 571//638 570//638 1294//638 1295//638
f 572//639 571//639 1295//639 1296//639
f 573//640 572//640 1296//640 1297//640
f 574//641 573//641 1297//641 1298//641
f 575//642 574//642 1298//642 1299//642
f 576//643 575//643 1299//643 1300//643
f 577//644 576//644 1300//644 1301//644
f 578//645 577//645 1301//645 1302//645
f 579//646 578//646 1302//646 1303//646
f 580//647 579//647 1303//647 1304//647
f 581//648 580//648 1304//648 1305//648
f 582//649 581//649 1305//649 1306//649
f 583//650 582//650 1306//650 1307//650
f 584//651 583//651 1307//651 1308//651
f 585//652 584//652 1308//652 1309//652
f 586//628 585//628 1309//628 1310//628
f 587//629 586//629 1310//629 1311//629
f 588//630 587//630 1311//630 1312//630
f 589//631 588//631 1312//631 1313//631
f 590//632 589//632 1313//632 1314//632
f 591//633 590//633 1314//633 1315//633
f 592//634 591//634 1315//634 1316//634
f 593//635 592//635 1316//635 1317//635
f 594//653 593//653 1317//653 1318//653
f 596//654 595//654 1319//654 1320//654
f 598//655 597//655 1321//655 1322//655
f 599//641 598//641 1322//641 1323//641
f 600//642 599//642 1323//642 1324//642
f 601//643 600//643 1324//643 1325//643
f 602//644 601//644 1325//644 1326//644
f 603//645 602//645 1326//645 1327//645
f 604//646 603//646 1327//646 1328//646
f 605//647 604//647 1328//647 1329//647
f 606//648 605//648 1329//648 1330//648
f 607//656 606//656 1330//656 1331//656
f 609//657 608//657 1332//657 1333//657
f 610//652 609//652 1333//652 1334//652
f 611//628 610//628 1334//628 1335//628
f 612//629 611//629 1335//629 1336//629
f 613//630 612//630 1336//630 1337//630
f 614//631 613//631 1337//631 1338//631
f 615//632 614//632 1338//632 1339//632
f 616//633 615//633 1339//633 1340//633
f 617//634 616//634 1340//634 1341//634
f 618//635 617//635 1341//635 1342//635
f 619//636 618//636 1342//636 1343//636
f 620//637 619//637 1343//637 1344//637
f 621//638 620//638 1344//638 1345//638
f 622//639 621//639 1345//639 1346//639
f 623//658 622//658 1346//658 1347//658
f 624//641 623//641 1347//641 1348//641
f 625//642 624//642 1348//642 1349//642
f 626//643 625//643 1349//643 1350//643
f 627//644 626//644 1350//644 1351//644
f 628//645 627//645 1351//645 1352//645
f 629//646 628//646 1352//646 1353//646
f 630//647 629//647 1353//647 1354//647
f 631//648 630//648 1354//648 1355//648
f 632//649 631//649 1355//649 1356//649
f 633//659 632//659 1356//659 1357//659
f 597//660 554//660 1278//660 1321//660
f 553//661 596//661 1320//661 1277//661
f 557//662 633//662 1357//662 1281//662
f 555//663 607//663 1331//663 1279//663
f 634//664 558//664 1282//664 1358//664
f 608//665 556//665 1280//665 1332//665
f 551//666 594//666 1318//666 1275//666
f 595//667 552//667 1276//667 1319//667
f 709//668 549//668 1273//668 1433//668
f 559//669 708//669 1432//669 1283//669
f 547//664 711//664 1435//664 1271//664
f 786//670 472//670 1196//670 1510//670
f 788//664 634//664 1358//664 1512//664
f 787//671 788//671 1512//671 1511//671
f 635//672 787//672 1511//672 1359//672
f 636//673 635//673 1359//673 1360//673
f 637//674 636//674 1360//674 1361//674
f 638//675 637//675 1361//675 1362//675
f 639//676 638//676 1362//676 1363//676
f 640//677 639//677 1363//677 1364//677
f 641//678 640//678 1364//678 1365//678
f 642//679 641//679 1365//679 1366//679
f 643//680 642//680 1366//680 1367//680
f 644//681 643//681 1367//681 1368//681
f 645//682 644//682 1368//682 1369//682
f 646//683 645//683 1369//683 1370//683
f 647//684 646//684 1370//684 1371//684
f 648//685 647//685 1371//685 1372//685
f 649//686 648//686 1372//686 1373//686
f 650//687 649//687 1373//687 1374//687
f 651//688 650//688 1374//688 1375//688
f 652//689 651//689 1375//689 1376//689
f 653//690 652//690 1376//690 1377//690
f 654//691 653//691 1377//691 1378//691
f 655//692 654//692 1378//692 1379//692
f 656//693 655//693 1379//693 1380//693
f 657//694 656//694 1380//694 1381//694
f 658//695 657//695 1381//695 1382//695
f 659//696 658//696 1382//696 1383//696
f 660//672 659//672 1383//672 1384//672
f 661//673 660//673 1384//673 1385//673
f 662//674 661//674 1385//674 1386//674
f 663//675 662//675 1386//675 1387//675
f 664//676 663//676 1387//676 1388//676
f 665//677 664//677 1388//677 1389//677
f 666//678 665//678 1389//678 1390//678
f 667//679 666//679 1390//679 1391//679
f 668//680 667//680 1391//680 1392//680
f 669//681 668//681 1392//681 1393//681
f 670//682 669//682 1393//682 1394//682
f 671//683 670//683 1394//683 1395//683
f 672//684 671//684 1395//684 1396//684
f 673//685 672//685 1396//685 1397//685
f 674//697 673//697 1397//697 1398//697
f 675//687 674//687 1398//687 1399//687
f 676//688 675//688 1399//688 1400//688
f 677//689 676//689 1400//689 1401//689
f 678//690 677//690 1401//690 1402//690
f 679//691 678//691 1402//691 1403//691
f 680//692 679//692 1403//692 1404//692
f 681//693 680//693 1404//693 1405//693
f 682//694 681//694 1405//694 1406//694
f 683//695 682//695 1406//695 1407//695
f 684//696 683//696 1407//696 1408//696
f 685//672 684//672 1408//672 1409//672
f 686//673 685//673 1409//673 1410//673
f 687//674 686//674 1410//674 1411//674
f 688//675 687//675 1411//675 1412//675
f 689//676 688//676 1412//676 1413//676
f 690//677 689//677 1413//677 1414//677
f 691//678 690//678 1414//678 1415//678
f 692//679 691//679 1415//679 1416//679
f 693//680 692//680 1416//680 1417//680
f 694//681 693//681 1417//681 1418//681
f 695//682 694//682 1418//682 1419//682
f 696//683 695//683 1419//683 1420//683
f 697//684 696//684 1420//684 1421//684
f 698//685 697//685 1421//685 1422//685
f 699//697 698//697 1422//697 1423//697
f 700//687 699//687 1423//687 1424//687
f 701//688 700//688 1424//688 1425//688
f 702//689 701//689 1425//689 1426//689
f 703//690 702//690 1426//690 1427//690
f 704//691 703//691 1427//691 1428//691
f 705//692 704//692 1428//692 1429//692
f 706//693 705//693 1429//693 1430//693
f 707//694 706//694 1430//694 1431//694
f 708//698 707//698 1431//698 1432//698
f 711//699 712//699 1436//699 1435//699
f 712//700 713//700 1437//700 1436//700
f 713//701 714//701 1438//701 1437//701
f 714//702 715//702 1439//702 1438//702
f 715//703 716//703 1440//703 1439//703
f 716//704 717//704 1441//704 1440//704
f 717//705 718//705 1442//705 1441//705
f 718//706 719//706 1443//706 1442//706
f 719//707 720//707 1444//707 1443//707
f 720//708 721//708 1445//708 1444//708
f 721//709 722//709 1446//709 1445//709
f 722//710 723//710 1447//710 1446//710
f 723//711 724//711 1448//711 1447//711
f 724//712 725//712 1449//712 1448//712
f 725//713 726//713 1450//713 1449//713
f 726//714 727//714 1451//714 1450//714
f 727//715 728//715 1452//715 1451//715
f 728//716 729//716 1453//716 1452//716
f 729//717 730//717 1454//717 1453//717
f 730//718 731//718 1455//718 1454//718
f 731//719 732//719 1456//719 1455//719
f 732//720 733//720 1457//720 1456//720
f 733//721 734//721 1458//721 1457//721
f 734//722 735//722 1459//722 1458//722
f 735//723 736//723 1460//723 1459//723
f 736//724 737//724 1461//724 1460//724
f 737//700 738//700 1462//700 1461//700
f 738//701 739//701 1463//701 1462//701
f 739//702 740//702 1464//702 1463//702
f 740//703 741//703 1465//703 1464//703
f 741//704 742//704 1466//704 1465//704
f 742//705 743//705 1467//705 1466//705
f 743//706 744//706 1468//706 1467//706
f 744//707 745//707 1469//707 1468//707
f 745//708 746//708 1470//708 1469//708
f 746//709 747//709 1471//709 1470//709
f 747//710 748//710 1472//710 1471//710
f 748//711 749//711 1473//711 1472//711
f 749//712 750//712 1474//712 1473//712
f 750//713 751//713 1475//713 1474//713
f 751//714 752//714 1476//714 1475//714
f 752//715 753//715 1477//715 1476//715
f 753//716 754//716 1478//716 1477//716
f 754//717 755//717 1479//717 1478//717
f 755//718 756//718 1480//718 1479//718
f 756//719 757//719 1481//719 1480//719
f 757//720 758//720 1482//720 1481//720
f 758//721 759//721 1483//721 1482//721
f 759//722 760//722 1484//722 1483//722
f 760//723 761//723 1485//723 1484//723
f 761//724 762//724 1486//724 1485//724
f 762//700 763//700 1487//700 1486//700
f 763//701 764//701 1488//701 1487//701
f 764//702 765//702 1489//702 1488//702
f 765//703 766//703 1490//703 1489//703
f 766//704 767//704 1491//704 1490//704
f 767//705 768//705 1492//705 1491//705
f 768//706 769//706 1493//706 1492//706
f 769//707 770//707 1494//707 1493//707
f 770//708 771//708 1495//708 1494//708
f 771//709 772//709 1496//709 1495//709
f 772//710 773//710 1497//710 1496//710
f 773//711 774//711 1498//711 1497//711
f 774//712 775//712 1499//712 1498//712
f 775//713 776//713 1500//713 1499//713
f 776//714 777//714 1501//714 1500//714
f 777//715 778//715 1502//715 1501//715
f 778//716 779//716 1503//716 1502//716
f 779//717 780//717 1504//717 1503//717
f 780//718 781//718 1505//718 1504//718
f 781//719 782//719 1506//719 1505//719
f 782//720 783//720 1507//720 1506//720
f 783//721 784//721 1508//721 1507//721
f 784//722 785//722 1509//722 1508//722
f 785//725 786//725 1510//725 1509//725
f 472//726 790//726 1514//726 1196//726
f 790//727 789//727 1513//727 1514//727
f 789//728 471//728 1195//728 1513//728
f 820//729 791//729 1515//729 1544//729
f 791//730 792//730 1516//730 1515//730
f 792//731 793//731 1517//731 1516//731
f 794//732 795//732 1519//732 1518//732
f 795//733 796//733 1520//733 1519//733
f 796//734 797//734 1521//734 1520//734
f 797//735 798//735 1522//735 1521//735
f 798//736 799//736 1523//736 1522//736
f 799//737 800//737 1524//737 1523//737
f 800//738 801//738 1525//738 1524//738
f 801//739 802//739 1526//739 1525//739
f 802//740 803//740 1527//740 1526//740
f 803//741 804//741 1528//741 1527//741
f 804//742 805//742 1529//742 1528//742
f 805//743 806//743 1530//743 1529//743
f 806//744 807//744 1531//744 1530//744
f 807//745 808//745 1532//745 1531//745
f 808//746 809//746 1533//746 1532//746
f 809//747 810//747 1534//747 1533//747
f 810//748 811//748 1535//748 1534//748
f 811//749 812//749 1536//749 1535//749
f 812//750 813//750 1537//750 1536//750
f 813//751 814//751 1538//751 1537//751
f 814//752 815//752 1539//752 1538//752
f 815//753 816//753 1540//753 1539//753
f 816//754 817//754 1541//754 1540//754
f 817//755 818//755 1542//755 1541//755
f 818//756 819//756 1543//756 1542//756
f 821//757 820//757 1544//757 1545//757
f 822//758 821//758 1545//758 1546//758
f 823//759 822//759 1546//759 1547//759
f 824//760 823//760 1547//760 1548//760
f 825//761 824//761 1548//761 1549//761
f 826//762 825//762 1549//762 1550//762
f 827//763 826//763 1550//763 1551//763
f 828//764 827//764 1551//764 1552//764
f 829//765 828//765 1552//765 1553//765
f 830//766 829//766 1553//766 1554//766
f 831//767 830//767 1554//767 1555//767
f 832//768 831//768 1555//768 1556//768
f 833//769 832//769 1556//769 1557//769
f 834//770 833//770 1557//770 1558//770
f 835//771 834//771 1558//771 1559//771
f 836//772 835//772 1559//772 1560//772
f 837//773 836//773 1560//773 1561//773
f 838//774 837//774 1561//774 1562//774
f 839//775 838//775 1562//775 1563//775
f 840//776 839//776 1563//776 1564//776
f 841//777 840//777 1564//777 1565//777
f 842//778 841//778 1565//778 1566//778
f 844//779 842//779 1566//779 1568//779
f 848//780 847//780 1571//780 1572//780
f 849//781 848//781 1572//781 1573//781
f 850//782 849//782 1573//782 1574//782
f 851//783 850//783 1574//783 1575//783
f 852//784 851//784 1575//784 1576//784
f 853//785 852//785 1576//785 1577//785
f 854//786 853//786 1577//786 1578//786
f 855//787 854//787 1578//787 1579//787
f 856//788 855//788 1579//788 1580//788
f 857//789 856//789 1580//789 1581//789
f 858//790 859//790 1583//790 1582//790
f 859//791 860//791 1584//791 1583//791
f 860//792 861//792 1585//792 1584//792
f 861//793 862//793 1586//793 1585//793
f 862//794 863//794 1587//794 1586//794
f 863//795 864//795 1588//795 1587//795
f 864//796 865//796 1589//796 1588//796
f 865//797 866//797 1590//797 1589//797
f 866//798 867//798 1591//798 1590//798
f 867//799 868//799 1592//799 1591//799
f 869//800 870//800 1594//800 1593//800
f 870//801 871//801 1595//801 1594//801
f 871//802 872//802 1596//802 1595//802
f 872//803 873//803 1597//803 1596//803
f 873//804 874//804 1598//804 1597//804
f 874//805 875//805 1599//805 1598//805
f 875//806 876//806 1600//806 1599//806
f 876//807 877//807 1601//807 1600//807
f 877//808 878//808 1602//808 1601//808
f 878//809 879//809 1603//809 1602//809
f 879//810 880//810 1604//810 1603//810
f 880//811 881//811 1605//811 1604//811
f 881//812 882//812 1606//812 1605//812
f 882//813 883//813 1607//813 1606//813
f 883//814 884//814 1608//814 1607//814
f 884//815 885//815 1609//815 1608//815
f 885//816 886//816 1610//816 1609//816
f 886//817 887//817 1611//817 1610//817
f 887//818 888//818 1612//818 1611//818
f 888//819 889//819 1613//819 1612//819
f 889//820 890//820 1614//820 1613//820
f 890//821 891//821 1615//821 1614//821
f 891//822 892//822 1616//822 1615//822
f 892//823 893//823 1617//823 1616//823
f 893//824 894//824 1618//824 1617//824
f 894//825 895//825 1619//825 1618//825
f 895//826 896//826 1620//826 1619//826
f 896//827 897//827 1621//827 1620//827
f 897//828 898//828 1622//828 1621//828
f 898//829 899//829 1623//829 1622//829
f 899//830 900//830 1624//830 1623//830
f 900//831 901//831 1625//831 1624//831
f 901//832 902//832 1626//832 1625//832
f 902//833 903//833 1627//833 1626//833
f 903//834 904//834 1628//834 1627//834
f 904//835 905//835 1629//835 1628//835
f 905//836 906//836 1630//836 1629//836
f 906//837 907//837 1631//837 1630//837
f 907//838 908//838 1632//838 1631//838
f 908//839 909//839 1633//839 1632//839
f 911//840 910//840 1634//840 1635//840
f 912//841 911//841 1635//841 1636//841
f 913//842 912//842 1636//842 1637//842
f 914//843 913//843 1637//843 1638//843
f 915//844 914//844 1638//844 1639//844
f 916//845 915//845 1639//845 1640//845
f 917//846 916//846 1640//846 1641//846
f 918//847 917//847 1641//847 1642//847
f 919//848 918//848 1642//848 1643//848
f 920//849 919//849 1643//849 1644//849
f 921//850 920//850 1644//850 1645//850
f 922//851 921//851 1645//851 1646//851
f 923//852 922//852 1646//852 1647//852
f 924//853 923//853 1647//853 1648//853
f 925//854 924//854 1648//854 1649//854
f 926//855 925//855 1649//855 1650//855
f 927//856 926//856 1650//856 1651//856
f 928//857 927//857 1651//857 1652//857
f 929//858 928//858 1652//858 1653//858
f 930//859 929//859 1653//859 1654//859
f 931//860 930//860 1654//860 1655//860
f 932//861 931//861 1655//861 1656//861
f 933//862 932//862 1656//862 1657//862
f 934//863 933//863 1657//863 1658//863
f 935//864 934//864 1658//864 1659//864
f 936//865 935//865 1659//865 1660//865
f 937//866 936//866 1660//866 1661//866
f 938//867 937//867 1661//867 1662//867
f 939//868 938//868 1662//868 1663//868
f 940//869 939//869 1663//869 1664//869
f 941//870 940//870 1664//870 1665//870
f 942//871 941//871 1665//871 1666//871
f 943//872 942//872 1666//872 1667//872
f 944//873 943//873 1667//873 1668//873
f 945//874 944//874 1668//874 1669//874
f 946//875 945//875 1669//875 1670//875
f 947//876 946//876 1670//876 1671//876
f 948//877 947//877 1671//877 1672//877
f 949//878 948//878 1672//878 1673//878
f 950//879 949//879 1673//879 1674//879
f 952//880 950//880 1674//880 1676//880
f 909//881 951//881 1675//881 1633//881
f 953//882 954//882 1678//882 1677//882
f 819//883 953//883 1677//883 1543//883
f 958//884 957//884 1681//884 1682//884
f 956//885 958//885 1682//885 1680//885
f 957//886 844//886 1568//886 1681//886
f 959//887 960//887 1684//887 1683//887
f 960//888 846//888 1570//888 1684//888
f 845//889 959//889 1683//889 1569//889
f 961//890 990//890 1714//890 1685//890
f 962//891 961//891 1685//891 1686//891
f 963//892 962//892 1686//892 1687//892
f 965//893 964//893 1688//893 1689//893
f 966//894 965//894 1689//894 1690//894
f 967//895 966//895 1690//895 1691//895
f 968//896 967//896 1691//896 1692//896
f 969//897 968//897 1692//897 1693//897
f 970//898 969//898 1693//898 1694//898
f 971//899 970//899 1694//899 1695//899
f 972//900 971//900 1695//900 1696//900
f 973//901 972//901 1696//901 1697//901
f 974//902 973//902 1697//902 1698//902
f 975//903 974//903 1698//903 1699//903
f 976//904 975//904 1699//904 1700//904
f 977//905 976//905 1700//905 1701//905
f 978//906 977//906 1701//906 1702//906
f 979//907 978//907 1702//907 1703//907
f 980//908 979//908 1703//908 1704//908
f 981//909 980//909 1704//909 1705//909
f 982//910 981//910 1705//910 1706//910
f 983//911 982//911 1706//911 1707//911
f 984//912 983//912 1707//912 1708//912
f 985//913 984//913 1708//913 1709//913
f 986//914 985//914 1709//914 1710//914
f 987//915 986//915 1710//915 1711//915
f 988//916 987//916 1711//916 1712//916
f 989//917 988//917 1712//917 1713//917
f 990//918 991//918 1715//918 1714//918
f 991//919 992//919 1716//919 1715//919
f 992//920 993//920 1717//920 1716//920
f 993//921 994//921 1718//921 1717//921
f 994//922 995//922 1719//922 1718//922
f 995//923 996//923 1720//923 1719//923
f 996//924 997//924 1721//924 1720//924
f 997//925 998//925 1722//925 1721//925
f 998//926 999//926 1723//926 1722//926
f 999//927 1000//927 1724//927 1723//927
f 1000//928 1001//928 1725//928 1724//928
f 1001//929 1002//929 1726//929 1725//929
f 1002//930 1003//930 1727//930 1726//930
f 1003//931 1004//931 1728//931 1727//931
f 1004//932 1005//932 1729//932 1728//932
f 1005//933 1006//933 1730//933 1729//933
f 1006//934 1007//934 1731//934 1730//934
f 1007//935 1008//935 1732//935 1731//935
f 1008//936 1009//936 1733//936 1732//936
f 1009//937 1010//937 1734//937 1733//937
f 1010//938 1011//938 1735//938 1734//938
f 1011//939 1012//939 1736//939 1735//939
f 1012//940 1013//940 1737//940 1736//940
f 1016//941 1017//941 1741//941 1740//941
f 1017//942 1018//942 1742//942 1741//942
f 1018//943 1019//943 1743//943 1742//943
f 1019//944 1020//944 1744//944 1743//944
f 1020//945 1021//945 1745//945 1744//945
f 1021//946 1022//946 1746//946 1745//946
f 1022//947 1023//947 1747//947 1746//947
f 1023//948 1024//948 1748//948 1747//948
f 1024//949 1025//949 1749//949 1748//949
f 1025//950 1026//950 1750//950 1749//950
f 1028//951 1027//951 1751//951 1752//951
f 1029//952 1028//952 1752//952 1753//952
f 1030//953 1029//953 1753//953 1754//953
f 1031//954 1030//954 1754//954 1755//954
f 1032//955 1031//955 1755//955 1756//955
f 1033//956 1032//956 1756//956 1757//956
f 1034//957 1033//957 1757//957 1758//957
f 1035//958 1034//958 1758//958 1759//958
f 1036//959 1035//959 1759//959 1760//959
f 1037//960 1036//960 1760//960 1761//960
f 1039//961 1038//961 1762//961 1763//961
f 1040//962 1039//962 1763//962 1764//962
f 1041//963 1040//963 1764//963 1765//963
f 1042//964 1041//964 1765//964 1766//964
f 1043//965 1042//965 1766//965 1767//965
f 1044//966 1043//966 1767//966 1768//966
f 1045//967 1044//967 1768//967 1769//967
f 1046//968 1045//968 1769//968 1770//968
f 1047//969 1046//969 1770//969 1771//969
f 1048//970 1047//970 1771//970 1772//970
f 1049//971 1048//971 1772//971 1773//971
f 1050//972 1049//972 1773//972 1774//972
f 1051//973 1050//973 1774//973 1775//973
f 1052//974 1051//974 1775//974 1776//974
f 1053//975 1052//975 1776//975 1777//975
f 1054//976 1053//976 1777//976 1778//976
f 1055//977 1054//977 1778//977 1779//977
f 1056//978 1055//978 1779//978 1780//978
f 1057//979 1056//979 1780//979 1781//979
f 1058//980 1057//980 1781//980 1782//980
f 1059//981 1058//981 1782//981 1783//981
f 1060//982 1059//982 1783//982 1784//982
f 1061//983 1060//983 1784//983 1785//983
f 1062//984 1061//984 1785//984 1786//984
f 1063//985 1062//985 1786//985 1787//985
f 1064//986 1063//986 1787//986 1788//986
f 1065//987 1064//987 1788//987 1789//987
f 1066//988 1065//988 1789//988 1790//988
f 1067//989 1066//989 1790//989 1791//989
f 1068//990 1067//990 1791//990 1792//990
f 1069//991 1068//991 1792//991 1793//991
f 1070//992 1069//992 1793//992 1794//992
f 1071//993 1070//993 1794//993 1795//993
f 1072//994 1071//994 1795//994 1796//994
f 1073//995 1072//995 1796//995 1797//995
f 1074//996 1073//996 1797//996 1798//996
f 1075//997 1074//997 1798//997 1799//997
f 1076//998 1075//998 1799//998 1800//998
f 1077//999 1076//999 1800//999 1801//999
f 1078//1000 1077//1000 1801//1000 1802//1000
f 1079//1001 1080//1001 1804//1001 1803//1001
f 1080//1002 1081//1002 1805//1002 1804//1002
f 1081//1003 1082//1003 1806//1003 1805//1003
f 1082//1004 1083//1004 1807//1004 1806//1004
f 1083//1005 1084//1005 1808//1005 1807//1005
f 1084//1006 1085//1006 1809//1006 1808//1006
f 1085//1007 1086//1007 1810//1007 1809//1007
f 1086//1008 1087//1008 1811//1008 1810//1008
f 1087//1009 1088//1009 1812//1009 1811//1009
f 1088//1010 1089//1010 1813//1010 1812//1010
f 1089//1011 1090//1011 1814//1011 1813//1011
f 1090//1012 1091//1012 1815//1012 1814//1012
f 1091//1013 1092//1013 1816//1013 1815//1013
f 1092//1014 1093//1014 1817//1014 1816//1014
f 1093//1015 1094//1015 1818//1015 1817//1015
f 1094//1016 1095//1016 1819//1016 1818//1016
f 1095//1017 1096//1017 1820//1017 1819//1017
f 1096//1018 1097//1018 1821//1018 1820//1018
f 1097//1019 1098//1019 1822//1019 1821//1019
f 1098//1020 1099//1020 1823//1020 1822//1020
f 1099//1021 1100//1021 1824//1021 1823//1021
f 1100//1022 1101//1022 1825//1022 1824//1022
f 1101//1023 1102//1023 1826//1023 1825//1023
f 1102//1024 1103//1024 1827//1024 1826//1024
f 1103//1025 1104//1025 1828//1025 1827//1025
f 1104//1026 1105//1026 1829//1026 1828//1026
f 1105//1027 1106//1027 1830//1027 1829//1027
f 1106//1028 1107//1028 1831//1028 1830//1028
f 1107//1029 1108//1029 1832//1029 1831//1029
f 1108//1030 1109//1030 1833//1030 1832//1030
f 1109//1031 1110//1031 1834//1031 1833//1031
f 1110//1032 1111//1032 1835//1032 1834//1032
f 1111//1033 1112//1033 1836//1033 1835//1033
f 1112//1034 1113//1034 1837//1034 1836//1034
f 1113//1035 1114//1035 1838//1035 1837//1035
f 1114//1036 1115//1036 1839//1036 1838//1036
f 1115//1037 1116//1037 1840//1037 1839//1037
f 1116//1038 1117//1038 1841//1038 1840//1038
f 1117//1039 1118//1039 1842//1039 1841//1039
f 1118//1040 1119//1040 1843//1040 1842//1040
f 1119//1041 1121//1041 1845//1041 1843//1041
f 1120//1042 1078//1042 1802//1042 1844//1042
f 1123//1043 1122//1043 1846//1043 1847//1043
f 1122//1044 989//1044 1713//1044 1846//1044
f 1125//1045 1126//1045 1850//1045 1849//1045
f 1126//1046 1124//1046 1848//1046 1850//1046
f 1013//1047 1125//1047 1849//1047 1737//1047
f 1128//1048 1127//1048 1851//1048 1852//1048
f 1015//1049 1128//1049 1852//1049 1739//1049
f 1127//1050 1014//1050 1738//1050 1851//1050
f 1121//1051 952//1051 1676//1051 1845//1051
f 951//1051 1120//1051 1844//1051 1675//1051
f 847//1052 1016//1052 1740//1052 1571//1052
f 954//1053 1123//1053 1847//1053 1678//1053
f 793//1054 963//1054 1687//1054 1517//1054
f 1124//1055 956//1055 1680//1055 1848//1055
f 964//1056 794//1056 1518//1056 1688//1056
f 1026//1057 857//1057 1581//1057 1750//1057
f 1027//1058 858//1058 1582//1058 1751//1058
f 846//1059 1015//1059 1739//1059 1570//1059
f 1014//1059 845//1059 1569//1059 1738//1059
f 868//1060 1037//1060 1761//1060 1592//1060
f 910//1061 1079//1061 1803//1061 1634//1061
f 1038//1062 869//1062 1593//1062 1762//1062
f 1129//1063 1130//1063 1854//1063 1853//1063
f 549//1064 1129//1064 1853//1064 1273//1064
f 1130//1065 709//1065 1433//1065 1854//1065
l 407 409
l 408 407
l 409 410
l 414 415
l 415 416
l 416 417
l 417 418
l 418 419
l 419 420
l 420 421
l 421 422
l 422 423
l 423 424
l 425 426
l 426 427
l 427 428
l 428 429
l 429 430
l 430 431
l 431 432
l 432 433
l 433 434
l 434 435
l 436 437
l 437 438
l 438 439
l 439 440
l 440 441
l 441 442
l 442 443
l 443 444
l 444 445
l 445 446
l 446 447
l 447 448
l 448 449
l 449 450
l 451 452
l 453 454
l 454 455
l 455 456
l 456 457
l 457 458
l 458 459
l 459 460
l 460 461
l 461 462
l 462 463
l 463 464
l 467 468
l 411 466
l 469 470
l 470 413
l 412 469
l 549 550
l 550 560
l 548 710
l 710 709
l 843 844
l 957 955
l 1131 1133
l 1132 1131
l 1133 1134
l 1138 1139
l 1139 1140
l 1140 1141
l 1141 1142
l 1142 1143
l 1143 1144
l 1144 1145
l 1145 1146
l 1146 1147
l 1147 1148
l 1149 1150
l 1150 1151
l 1151 1152
l 1152 1153
l 1153 1154
l 1154 1155
l 1155 1156
l 1156 1157
l 1157 1158
l 1158 1159
l 1160 1161
l 1161 1162
l 1162 1163
l 1163 1164
l 1164 1165
l 1165 1166
l 1166 1167
l 1167 1168
l 1168 1169
l 1169 1170
l 1170 1171
l 1171 1172
l 1172 1173
l 1173 1174
l 1175 1176
l 1177 1178
l 1178 1179
l 1179 1180
l 1180 1181
l 1181 1182
l 1182 1183
l 1183 1184
l 1184 1185
l 1185 1186
l 1186 1187
l 1187 1188
l 1191 1192
l 1135 1190
l 1193 1194
l 1194 1137
l 1136 1193
l 1273 1274
l 1274 1284
l 1272 1434
l 1434 1433
l 1567 1568
l 1681 1679
