# Zeppelin Pro OBJ generated with UVs
o Zeppelin
v 0.0000 1.0000 0.0000
v 0.0000 1.0000 0.0000
v 0.0000 1.0000 0.0000
v 0.0000 1.0000 0.0000
v 0.0000 1.0000 0.0000
v 0.0000 1.0000 0.0000
v 0.0000 1.0000 0.0000
v 0.0000 1.0000 0.0000
v 0.0000 1.0000 0.0000
v 0.0000 1.0000 0.0000
v 0.0000 1.0000 0.0000
v -0.0000 1.0000 0.0000
v -0.0000 1.0000 0.0000
v -0.0000 1.0000 0.0000
v -0.0000 1.0000 0.0000
v -0.0000 1.0000 0.0000
v -0.0000 1.0000 0.0000
v -0.0000 1.0000 0.0000
v -0.0000 1.0000 0.0000
v -0.0000 1.0000 0.0000
v -0.0000 1.0000 0.0000
v -0.0000 1.0000 -0.0000
v -0.0000 1.0000 -0.0000
v -0.0000 1.0000 -0.0000
v -0.0000 1.0000 -0.0000
v -0.0000 1.0000 -0.0000
v -0.0000 1.0000 -0.0000
v -0.0000 1.0000 -0.0000
v -0.0000 1.0000 -0.0000
v -0.0000 1.0000 -0.0000
v -0.0000 1.0000 -0.0000
v 0.0000 1.0000 -0.0000
v 0.0000 1.0000 -0.0000
v 0.0000 1.0000 -0.0000
v 0.0000 1.0000 -0.0000
v 0.0000 1.0000 -0.0000
v 0.0000 1.0000 -0.0000
v 0.0000 1.0000 -0.0000
v 0.0000 1.0000 -0.0000
v 0.0000 1.0000 -0.0000
v 0.0000 1.0000 -0.0000
v 0.4181 0.9945 0.0000
v 0.4130 0.9945 0.0164
v 0.3976 0.9945 0.0323
v 0.3725 0.9945 0.0475
v 0.3383 0.9945 0.0614
v 0.2957 0.9945 0.0739
v 0.2458 0.9945 0.0846
v 0.1898 0.9945 0.0931
v 0.1292 0.9945 0.0994
v 0.0654 0.9945 0.1032
v 0.0000 0.9945 0.1045
v -0.0654 0.9945 0.1032
v -0.1292 0.9945 0.0994
v -0.1898 0.9945 0.0931
v -0.2458 0.9945 0.0846
v -0.2957 0.9945 0.0739
v -0.3383 0.9945 0.0614
v -0.3725 0.9945 0.0475
v -0.3976 0.9945 0.0323
v -0.4130 0.9945 0.0164
v -0.4181 0.9945 0.0000
v -0.4130 0.9945 -0.0164
v -0.3976 0.9945 -0.0323
v -0.3725 0.9945 -0.0475
v -0.3383 0.9945 -0.0614
v -0.2957 0.9945 -0.0739
v -0.2458 0.9945 -0.0846
v -0.1898 0.9945 -0.0931
v -0.1292 0.9945 -0.0994
v -0.0654 0.9945 -0.1032
v -0.0000 0.9945 -0.1045
v 0.0654 0.9945 -0.1032
v 0.1292 0.9945 -0.0994
v 0.1898 0.9945 -0.0931
v 0.2458 0.9945 -0.0846
v 0.2957 0.9945 -0.0739
v 0.3383 0.9945 -0.0614
v 0.3725 0.9945 -0.0475
v 0.3976 0.9945 -0.0323
v 0.4130 0.9945 -0.0164
v 0.4181 0.9945 -0.0000
v 0.8316 0.9781 0.0000
v 0.8214 0.9781 0.0325
v 0.7909 0.9781 0.0642
v 0.7410 0.9781 0.0944
v 0.6728 0.9781 0.1222
v 0.5881 0.9781 0.1470
v 0.4888 0.9781 0.1682
v 0.3776 0.9781 0.1853
v 0.2570 0.9781 0.1977
v 0.1301 0.9781 0.2054
v 0.0000 0.9781 0.2079
v -0.1301 0.9781 0.2054
v -0.2570 0.9781 0.1977
v -0.3776 0.9781 0.1853
v -0.4888 0.9781 0.1682
v -0.5881 0.9781 0.1470
v -0.6728 0.9781 0.1222
v -0.7410 0.9781 0.0944
v -0.7909 0.9781 0.0642
v -0.8214 0.9781 0.0325
v -0.8316 0.9781 0.0000
v -0.8214 0.9781 -0.0325
v -0.7909 0.9781 -0.0642
v -0.7410 0.9781 -0.0944
v -0.6728 0.9781 -0.1222
v -0.5881 0.9781 -0.1470
v -0.4888 0.9781 -0.1682
v -0.3776 0.9781 -0.1853
v -0.2570 0.9781 -0.1977
v -0.1301 0.9781 -0.2054
v -0.0000 0.9781 -0.2079
v 0.1301 0.9781 -0.2054
v 0.2570 0.9781 -0.1977
v 0.3776 0.9781 -0.1853
v 0.4888 0.9781 -0.1682
v 0.5881 0.9781 -0.1470
v 0.6728 0.9781 -0.1222
v 0.7410 0.9781 -0.0944
v 0.7909 0.9781 -0.0642
v 0.8214 0.9781 -0.0325
v 0.8316 0.9781 -0.0000
v 1.2361 0.9511 0.0000
v 1.2208 0.9511 0.0483
v 1.1756 0.9511 0.0955
v 1.1013 0.9511 0.1403
v 1.0000 0.9511 0.1816
v 0.8740 0.9511 0.2185
v 0.7265 0.9511 0.2500
v 0.5612 0.9511 0.2753
v 0.3820 0.9511 0.2939
v 0.1934 0.9511 0.3052
v 0.0000 0.9511 0.3090
v -0.1934 0.9511 0.3052
v -0.3820 0.9511 0.2939
v -0.5612 0.9511 0.2753
v -0.7265 0.9511 0.2500
v -0.8740 0.9511 0.2185
v -1.0000 0.9511 0.1816
v -1.1013 0.9511 0.1403
v -1.1756 0.9511 0.0955
v -1.2208 0.9511 0.0483
v -1.2361 0.9511 0.0000
v -1.2208 0.9511 -0.0483
v -1.1756 0.9511 -0.0955
v -1.1013 0.9511 -0.1403
v -1.0000 0.9511 -0.1816
v -0.8740 0.9511 -0.2185
v -0.7265 0.9511 -0.2500
v -0.5612 0.9511 -0.2753
v -0.3820 0.9511 -0.2939
v -0.1934 0.9511 -0.3052
v -0.0000 0.9511 -0.3090
v 0.1934 0.9511 -0.3052
v 0.3820 0.9511 -0.2939
v 0.5612 0.9511 -0.2753
v 0.7265 0.9511 -0.2500
v 0.8740 0.9511 -0.2185
v 1.0000 0.9511 -0.1816
v 1.1013 0.9511 -0.1403
v 1.1756 0.9511 -0.0955
v 1.2208 0.9511 -0.0483
v 1.2361 0.9511 -0.0000
v 1.6269 0.9135 0.0000
v 1.6069 0.9135 0.0636
v 1.5473 0.9135 0.1257
v 1.4496 0.9135 0.1847
v 1.3162 0.9135 0.2391
v 1.1504 0.9135 0.2876
v 0.9563 0.9135 0.3291
v 0.7386 0.9135 0.3624
v 0.5028 0.9135 0.3868
v 0.2545 0.9135 0.4017
v 0.0000 0.9135 0.4067
v -0.2545 0.9135 0.4017
v -0.5028 0.9135 0.3868
v -0.7386 0.9135 0.3624
v -0.9563 0.9135 0.3291
v -1.1504 0.9135 0.2876
v -1.3162 0.9135 0.2391
v -1.4496 0.9135 0.1847
v -1.5473 0.9135 0.1257
v -1.6069 0.9135 0.0636
v -1.6269 0.9135 0.0000
v -1.6069 0.9135 -0.0636
v -1.5473 0.9135 -0.1257
v -1.4496 0.9135 -0.1847
v -1.3162 0.9135 -0.2391
v -1.1504 0.9135 -0.2876
v -0.9563 0.9135 -0.3291
v -0.7386 0.9135 -0.3624
v -0.5028 0.9135 -0.3868
v -0.2545 0.9135 -0.4017
v -0.0000 0.9135 -0.4067
v 0.2545 0.9135 -0.4017
v 0.5028 0.9135 -0.3868
v 0.7386 0.9135 -0.3624
v 0.9563 0.9135 -0.3291
v 1.1504 0.9135 -0.2876
v 1.3162 0.9135 -0.2391
v 1.4496 0.9135 -0.1847
v 1.5473 0.9135 -0.1257
v 1.6069 0.9135 -0.0636
v 1.6269 0.9135 -0.0000
v 2.0000 0.8660 0.0000
v 1.9754 0.8660 0.0782
v 1.9021 0.8660 0.1545
v 1.7820 0.8660 0.2270
v 1.6180 0.8660 0.2939
v 1.4142 0.8660 0.3536
v 1.1756 0.8660 0.4045
v 0.9080 0.8660 0.4455
v 0.6180 0.8660 0.4755
v 0.3129 0.8660 0.4938
v 0.0000 0.8660 0.5000
v -0.3129 0.8660 0.4938
v -0.6180 0.8660 0.4755
v -0.9080 0.8660 0.4455
v -1.1756 0.8660 0.4045
v -1.4142 0.8660 0.3536
v -1.6180 0.8660 0.2939
v -1.7820 0.8660 0.2270
v -1.9021 0.8660 0.1545
v -1.9754 0.8660 0.0782
v -2.0000 0.8660 0.0000
v -1.9754 0.8660 -0.0782
v -1.9021 0.8660 -0.1545
v -1.7820 0.8660 -0.2270
v -1.6180 0.8660 -0.2939
v -1.4142 0.8660 -0.3536
v -1.1756 0.8660 -0.4045
v -0.9080 0.8660 -0.4455
v -0.6180 0.8660 -0.4755
v -0.3129 0.8660 -0.4938
v -0.0000 0.8660 -0.5000
v 0.3129 0.8660 -0.4938
v 0.6180 0.8660 -0.4755
v 0.9080 0.8660 -0.4455
v 1.1756 0.8660 -0.4045
v 1.4142 0.8660 -0.3536
v 1.6180 0.8660 -0.2939
v 1.7820 0.8660 -0.2270
v 1.9021 0.8660 -0.1545
v 1.9754 0.8660 -0.0782
v 2.0000 0.8660 -0.0000
v 2.3511 0.8090 0.0000
v 2.3222 0.8090 0.0919
v 2.2361 0.8090 0.1816
v 2.0949 0.8090 0.2668
v 1.9021 0.8090 0.3455
v 1.6625 0.8090 0.4156
v 1.3820 0.8090 0.4755
v 1.0674 0.8090 0.5237
v 0.7265 0.8090 0.5590
v 0.3678 0.8090 0.5805
v 0.0000 0.8090 0.5878
v -0.3678 0.8090 0.5805
v -0.7265 0.8090 0.5590
v -1.0674 0.8090 0.5237
v -1.3820 0.8090 0.4755
v -1.6625 0.8090 0.4156
v -1.9021 0.8090 0.3455
v -2.0949 0.8090 0.2668
v -2.2361 0.8090 0.1816
v -2.3222 0.8090 0.0919
v -2.3511 0.8090 0.0000
v -2.3222 0.8090 -0.0919
v -2.2361 0.8090 -0.1816
v -2.0949 0.8090 -0.2668
v -1.9021 0.8090 -0.3455
v -1.6625 0.8090 -0.4156
v -1.3820 0.8090 -0.4755
v -1.0674 0.8090 -0.5237
v -0.7265 0.8090 -0.5590
v -0.3678 0.8090 -0.5805
v -0.0000 0.8090 -0.5878
v 0.3678 0.8090 -0.5805
v 0.7265 0.8090 -0.5590
v 1.0674 0.8090 -0.5237
v 1.3820 0.8090 -0.4755
v 1.6625 0.8090 -0.4156
v 1.9021 0.8090 -0.3455
v 2.0949 0.8090 -0.2668
v 2.2361 0.8090 -0.1816
v 2.3222 0.8090 -0.0919
v 2.3511 0.8090 -0.0000
v 2.6765 0.7431 0.0000
v 2.6436 0.7431 0.1047
v 2.5455 0.7431 0.2068
v 2.3848 0.7431 0.3038
v 2.1654 0.7431 0.3933
v 1.8926 0.7431 0.4731
v 1.5732 0.7431 0.5413
v 1.2151 0.7431 0.5962
v 0.8271 0.7431 0.6364
v 0.4187 0.7431 0.6609
v 0.0000 0.7431 0.6691
v -0.4187 0.7431 0.6609
v -0.8271 0.7431 0.6364
v -1.2151 0.7431 0.5962
v -1.5732 0.7431 0.5413
v -1.8926 0.7431 0.4731
v -2.1654 0.7431 0.3933
v -2.3848 0.7431 0.3038
v -2.5455 0.7431 0.2068
v -2.6436 0.7431 0.1047
v -2.6765 0.7431 0.0000
v -2.6436 0.7431 -0.1047
v -2.5455 0.7431 -0.2068
v -2.3848 0.7431 -0.3038
v -2.1654 0.7431 -0.3933
v -1.8926 0.7431 -0.4731
v -1.5732 0.7431 -0.5413
v -1.2151 0.7431 -0.5962
v -0.8271 0.7431 -0.6364
v -0.4187 0.7431 -0.6609
v -0.0000 0.7431 -0.6691
v 0.4187 0.7431 -0.6609
v 0.8271 0.7431 -0.6364
v 1.2151 0.7431 -0.5962
v 1.5732 0.7431 -0.5413
v 1.8926 0.7431 -0.4731
v 2.1654 0.7431 -0.3933
v 2.3848 0.7431 -0.3038
v 2.5455 0.7431 -0.2068
v 2.6436 0.7431 -0.1047
v 2.6765 0.7431 -0.0000
v 2.9726 0.6691 0.0000
v 2.9360 0.6691 0.1163
v 2.8271 0.6691 0.2296
v 2.6486 0.6691 0.3374
v 2.4049 0.6691 0.4368
v 2.1019 0.6691 0.5255
v 1.7472 0.6691 0.6012
v 1.3495 0.6691 0.6621
v 0.9186 0.6691 0.7068
v 0.4650 0.6691 0.7340
v 0.0000 0.6691 0.7431
v -0.4650 0.6691 0.7340
v -0.9186 0.6691 0.7068
v -1.3495 0.6691 0.6621
v -1.7472 0.6691 0.6012
v -2.1019 0.6691 0.5255
v -2.4049 0.6691 0.4368
v -2.6486 0.6691 0.3374
v -2.8271 0.6691 0.2296
v -2.9360 0.6691 0.1163
v -2.9726 0.6691 0.0000
v -2.9360 0.6691 -0.1163
v -2.8271 0.6691 -0.2296
v -2.6486 0.6691 -0.3374
v -2.4049 0.6691 -0.4368
v -2.1019 0.6691 -0.5255
v -1.7472 0.6691 -0.6012
v -1.3495 0.6691 -0.6621
v -0.9186 0.6691 -0.7068
v -0.4650 0.6691 -0.7340
v -0.0000 0.6691 -0.7431
v 0.4650 0.6691 -0.7340
v 0.9186 0.6691 -0.7068
v 1.3495 0.6691 -0.6621
v 1.7472 0.6691 -0.6012
v 2.1019 0.6691 -0.5255
v 2.4049 0.6691 -0.4368
v 2.6486 0.6691 -0.3374
v 2.8271 0.6691 -0.2296
v 2.9360 0.6691 -0.1163
v 2.9726 0.6691 -0.0000
v 3.2361 0.5878 0.0000
v 3.1962 0.5878 0.1266
v 3.0777 0.5878 0.2500
v 2.8834 0.5878 0.3673
v 2.6180 0.5878 0.4755
v 2.2882 0.5878 0.5721
v 1.9021 0.5878 0.6545
v 1.4691 0.5878 0.7208
v 1.0000 0.5878 0.7694
v 0.5062 0.5878 0.7991
v 0.0000 0.5878 0.8090
v -0.5062 0.5878 0.7991
v -1.0000 0.5878 0.7694
v -1.4691 0.5878 0.7208
v -1.9021 0.5878 0.6545
v -2.2882 0.5878 0.5721
v -2.6180 0.5878 0.4755
v -2.8834 0.5878 0.3673
v -3.0777 0.5878 0.2500
v -3.1962 0.5878 0.1266
v -3.2361 0.5878 0.0000
v -3.1962 0.5878 -0.1266
v -3.0777 0.5878 -0.2500
v -2.8834 0.5878 -0.3673
v -2.6180 0.5878 -0.4755
v -2.2882 0.5878 -0.5721
v -1.9021 0.5878 -0.6545
v -1.4691 0.5878 -0.7208
v -1.0000 0.5878 -0.7694
v -0.5062 0.5878 -0.7991
v -0.0000 0.5878 -0.8090
v 0.5062 0.5878 -0.7991
v 1.0000 0.5878 -0.7694
v 1.4691 0.5878 -0.7208
v 1.9021 0.5878 -0.6545
v 2.2882 0.5878 -0.5721
v 2.6180 0.5878 -0.4755
v 2.8834 0.5878 -0.3673
v 3.0777 0.5878 -0.2500
v 3.1962 0.5878 -0.1266
v 3.2361 0.5878 -0.0000
v 3.4641 0.5000 0.0000
v 3.4215 0.5000 0.1355
v 3.2946 0.5000 0.2676
v 3.0865 0.5000 0.3932
v 2.8025 0.5000 0.5090
v 2.4495 0.5000 0.6124
v 2.0361 0.5000 0.7006
v 1.5727 0.5000 0.7716
v 1.0705 0.5000 0.8236
v 0.5419 0.5000 0.8554
v 0.0000 0.5000 0.8660
v -0.5419 0.5000 0.8554
v -1.0705 0.5000 0.8236
v -1.5727 0.5000 0.7716
v -2.0361 0.5000 0.7006
v -2.4495 0.5000 0.6124
v -2.8025 0.5000 0.5090
v -3.0865 0.5000 0.3932
v -3.2946 0.5000 0.2676
v -3.4215 0.5000 0.1355
v -3.4641 0.5000 0.0000
v -3.4215 0.5000 -0.1355
v -3.2946 0.5000 -0.2676
v -3.0865 0.5000 -0.3932
v -2.8025 0.5000 -0.5090
v -2.4495 0.5000 -0.6124
v -2.0361 0.5000 -0.7006
v -1.5727 0.5000 -0.7716
v -1.0705 0.5000 -0.8236
v -0.5419 0.5000 -0.8554
v -0.0000 0.5000 -0.8660
v 0.5419 0.5000 -0.8554
v 1.0705 0.5000 -0.8236
v 1.5727 0.5000 -0.7716
v 2.0361 0.5000 -0.7006
v 2.4495 0.5000 -0.6124
v 2.8025 0.5000 -0.5090
v 3.0865 0.5000 -0.3932
v 3.2946 0.5000 -0.2676
v 3.4215 0.5000 -0.1355
v 3.4641 0.5000 -0.0000
v 3.6542 0.4067 0.0000
v 3.6092 0.4067 0.1429
v 3.4753 0.4067 0.2823
v 3.2559 0.4067 0.4147
v 2.9563 0.4067 0.5370
v 2.5839 0.4067 0.6460
v 2.1479 0.4067 0.7391
v 1.6590 0.4067 0.8140
v 1.1292 0.4067 0.8688
v 0.5716 0.4067 0.9023
v 0.0000 0.4067 0.9135
v -0.5716 0.4067 0.9023
v -1.1292 0.4067 0.8688
v -1.6590 0.4067 0.8140
v -2.1479 0.4067 0.7391
v -2.5839 0.4067 0.6460
v -2.9563 0.4067 0.5370
v -3.2559 0.4067 0.4147
v -3.4753 0.4067 0.2823
v -3.6092 0.4067 0.1429
v -3.6542 0.4067 0.0000
v -3.6092 0.4067 -0.1429
v -3.4753 0.4067 -0.2823
v -3.2559 0.4067 -0.4147
v -2.9563 0.4067 -0.5370
v -2.5839 0.4067 -0.6460
v -2.1479 0.4067 -0.7391
v -1.6590 0.4067 -0.8140
v -1.1292 0.4067 -0.8688
v -0.5716 0.4067 -0.9023
v -0.0000 0.4067 -0.9135
v 0.5716 0.4067 -0.9023
v 1.1292 0.4067 -0.8688
v 1.6590 0.4067 -0.8140
v 2.1479 0.4067 -0.7391
v 2.5839 0.4067 -0.6460
v 2.9563 0.4067 -0.5370
v 3.2559 0.4067 -0.4147
v 3.4753 0.4067 -0.2823
v 3.6092 0.4067 -0.1429
v 3.6542 0.4067 -0.0000
v 3.8042 0.3090 0.0000
v 3.7574 0.3090 0.1488
v 3.6180 0.3090 0.2939
v 3.3896 0.3090 0.4318
v 3.0777 0.3090 0.5590
v 2.6900 0.3090 0.6725
v 2.2361 0.3090 0.7694
v 1.7271 0.3090 0.8474
v 1.1756 0.3090 0.9045
v 0.5951 0.3090 0.9393
v 0.0000 0.3090 0.9511
v -0.5951 0.3090 0.9393
v -1.1756 0.3090 0.9045
v -1.7271 0.3090 0.8474
v -2.2361 0.3090 0.7694
v -2.6900 0.3090 0.6725
v -3.0777 0.3090 0.5590
v -3.3896 0.3090 0.4318
v -3.6180 0.3090 0.2939
v -3.7574 0.3090 0.1488
v -3.8042 0.3090 0.0000
v -3.7574 0.3090 -0.1488
v -3.6180 0.3090 -0.2939
v -3.3896 0.3090 -0.4318
v -3.0777 0.3090 -0.5590
v -2.6900 0.3090 -0.6725
v -2.2361 0.3090 -0.7694
v -1.7271 0.3090 -0.8474
v -1.1756 0.3090 -0.9045
v -0.5951 0.3090 -0.9393
v -0.0000 0.3090 -0.9511
v 0.5951 0.3090 -0.9393
v 1.1756 0.3090 -0.9045
v 1.7271 0.3090 -0.8474
v 2.2361 0.3090 -0.7694
v 2.6900 0.3090 -0.6725
v 3.0777 0.3090 -0.5590
v 3.3896 0.3090 -0.4318
v 3.6180 0.3090 -0.2939
v 3.7574 0.3090 -0.1488
v 3.8042 0.3090 -0.0000
v 3.9126 0.2079 0.0000
v 3.8644 0.2079 0.1530
v 3.7211 0.2079 0.3023
v 3.4861 0.2079 0.4441
v 3.1654 0.2079 0.5749
v 2.7666 0.2079 0.6917
v 2.2998 0.2079 0.7913
v 1.7763 0.2079 0.8715
v 1.2091 0.2079 0.9303
v 0.6121 0.2079 0.9661
v 0.0000 0.2079 0.9781
v -0.6121 0.2079 0.9661
v -1.2091 0.2079 0.9303
v -1.7763 0.2079 0.8715
v -2.2998 0.2079 0.7913
v -2.7666 0.2079 0.6917
v -3.1654 0.2079 0.5749
v -3.4861 0.2079 0.4441
v -3.7211 0.2079 0.3023
v -3.8644 0.2079 0.1530
v -3.9126 0.2079 0.0000
v -3.8644 0.2079 -0.1530
v -3.7211 0.2079 -0.3023
v -3.4861 0.2079 -0.4441
v -3.1654 0.2079 -0.5749
v -2.7666 0.2079 -0.6917
v -2.2998 0.2079 -0.7913
v -1.7763 0.2079 -0.8715
v -1.2091 0.2079 -0.9303
v -0.6121 0.2079 -0.9661
v -0.0000 0.2079 -0.9781
v 0.6121 0.2079 -0.9661
v 1.2091 0.2079 -0.9303
v 1.7763 0.2079 -0.8715
v 2.2998 0.2079 -0.7913
v 2.7666 0.2079 -0.6917
v 3.1654 0.2079 -0.5749
v 3.4861 0.2079 -0.4441
v 3.7211 0.2079 -0.3023
v 3.8644 0.2079 -0.1530
v 3.9126 0.2079 -0.0000
v 3.9781 0.1045 0.0000
v 3.9291 0.1045 0.1556
v 3.7834 0.1045 0.3073
v 3.5445 0.1045 0.4515
v 3.2183 0.1045 0.5846
v 2.8129 0.1045 0.7032
v 2.3383 0.1045 0.8046
v 1.8060 0.1045 0.8861
v 1.2293 0.1045 0.9458
v 0.6223 0.1045 0.9823
v 0.0000 0.1045 0.9945
v -0.6223 0.1045 0.9823
v -1.2293 0.1045 0.9458
v -1.8060 0.1045 0.8861
v -2.3383 0.1045 0.8046
v -2.8129 0.1045 0.7032
v -3.2183 0.1045 0.5846
v -3.5445 0.1045 0.4515
v -3.7834 0.1045 0.3073
v -3.9291 0.1045 0.1556
v -3.9781 0.1045 0.0000
v -3.9291 0.1045 -0.1556
v -3.7834 0.1045 -0.3073
v -3.5445 0.1045 -0.4515
v -3.2183 0.1045 -0.5846
v -2.8129 0.1045 -0.7032
v -2.3383 0.1045 -0.8046
v -1.8060 0.1045 -0.8861
v -1.2293 0.1045 -0.9458
v -0.6223 0.1045 -0.9823
v -0.0000 0.1045 -0.9945
v 0.6223 0.1045 -0.9823
v 1.2293 0.1045 -0.9458
v 1.8060 0.1045 -0.8861
v 2.3383 0.1045 -0.8046
v 2.8129 0.1045 -0.7032
v 3.2183 0.1045 -0.5846
v 3.5445 0.1045 -0.4515
v 3.7834 0.1045 -0.3073
v 3.9291 0.1045 -0.1556
v 3.9781 0.1045 -0.0000
v 4.0000 0.0000 0.0000
v 3.9508 0.0000 0.1564
v 3.8042 0.0000 0.3090
v 3.5640 0.0000 0.4540
v 3.2361 0.0000 0.5878
v 2.8284 0.0000 0.7071
v 2.3511 0.0000 0.8090
v 1.8160 0.0000 0.8910
v 1.2361 0.0000 0.9511
v 0.6257 0.0000 0.9877
v 0.0000 0.0000 1.0000
v -0.6257 0.0000 0.9877
v -1.2361 0.0000 0.9511
v -1.8160 0.0000 0.8910
v -2.3511 0.0000 0.8090
v -2.8284 0.0000 0.7071
v -3.2361 0.0000 0.5878
v -3.5640 0.0000 0.4540
v -3.8042 0.0000 0.3090
v -3.9508 0.0000 0.1564
v -4.0000 0.0000 0.0000
v -3.9508 0.0000 -0.1564
v -3.8042 0.0000 -0.3090
v -3.5640 0.0000 -0.4540
v -3.2361 0.0000 -0.5878
v -2.8284 0.0000 -0.7071
v -2.3511 0.0000 -0.8090
v -1.8160 0.0000 -0.8910
v -1.2361 0.0000 -0.9511
v -0.6257 0.0000 -0.9877
v -0.0000 0.0000 -1.0000
v 0.6257 0.0000 -0.9877
v 1.2361 0.0000 -0.9511
v 1.8160 0.0000 -0.8910
v 2.3511 0.0000 -0.8090
v 2.8284 0.0000 -0.7071
v 3.2361 0.0000 -0.5878
v 3.5640 0.0000 -0.4540
v 3.8042 0.0000 -0.3090
v 3.9508 0.0000 -0.1564
v 4.0000 0.0000 -0.0000
v 3.9781 -0.1045 0.0000
v 3.9291 -0.1045 0.1556
v 3.7834 -0.1045 0.3073
v 3.5445 -0.1045 0.4515
v 3.2183 -0.1045 0.5846
v 2.8129 -0.1045 0.7032
v 2.3383 -0.1045 0.8046
v 1.8060 -0.1045 0.8861
v 1.2293 -0.1045 0.9458
v 0.6223 -0.1045 0.9823
v 0.0000 -0.1045 0.9945
v -0.6223 -0.1045 0.9823
v -1.2293 -0.1045 0.9458
v -1.8060 -0.1045 0.8861
v -2.3383 -0.1045 0.8046
v -2.8129 -0.1045 0.7032
v -3.2183 -0.1045 0.5846
v -3.5445 -0.1045 0.4515
v -3.7834 -0.1045 0.3073
v -3.9291 -0.1045 0.1556
v -3.9781 -0.1045 0.0000
v -3.9291 -0.1045 -0.1556
v -3.7834 -0.1045 -0.3073
v -3.5445 -0.1045 -0.4515
v -3.2183 -0.1045 -0.5846
v -2.8129 -0.1045 -0.7032
v -2.3383 -0.1045 -0.8046
v -1.8060 -0.1045 -0.8861
v -1.2293 -0.1045 -0.9458
v -0.6223 -0.1045 -0.9823
v -0.0000 -0.1045 -0.9945
v 0.6223 -0.1045 -0.9823
v 1.2293 -0.1045 -0.9458
v 1.8060 -0.1045 -0.8861
v 2.3383 -0.1045 -0.8046
v 2.8129 -0.1045 -0.7032
v 3.2183 -0.1045 -0.5846
v 3.5445 -0.1045 -0.4515
v 3.7834 -0.1045 -0.3073
v 3.9291 -0.1045 -0.1556
v 3.9781 -0.1045 -0.0000
v 3.9126 -0.2079 0.0000
v 3.8644 -0.2079 0.1530
v 3.7211 -0.2079 0.3023
v 3.4861 -0.2079 0.4441
v 3.1654 -0.2079 0.5749
v 2.7666 -0.2079 0.6917
v 2.2998 -0.2079 0.7913
v 1.7763 -0.2079 0.8715
v 1.2091 -0.2079 0.9303
v 0.6121 -0.2079 0.9661
v 0.0000 -0.2079 0.9781
v -0.6121 -0.2079 0.9661
v -1.2091 -0.2079 0.9303
v -1.7763 -0.2079 0.8715
v -2.2998 -0.2079 0.7913
v -2.7666 -0.2079 0.6917
v -3.1654 -0.2079 0.5749
v -3.4861 -0.2079 0.4441
v -3.7211 -0.2079 0.3023
v -3.8644 -0.2079 0.1530
v -3.9126 -0.2079 0.0000
v -3.8644 -0.2079 -0.1530
v -3.7211 -0.2079 -0.3023
v -3.4861 -0.2079 -0.4441
v -3.1654 -0.2079 -0.5749
v -2.7666 -0.2079 -0.6917
v -2.2998 -0.2079 -0.7913
v -1.7763 -0.2079 -0.8715
v -1.2091 -0.2079 -0.9303
v -0.6121 -0.2079 -0.9661
v -0.0000 -0.2079 -0.9781
v 0.6121 -0.2079 -0.9661
v 1.2091 -0.2079 -0.9303
v 1.7763 -0.2079 -0.8715
v 2.2998 -0.2079 -0.7913
v 2.7666 -0.2079 -0.6917
v 3.1654 -0.2079 -0.5749
v 3.4861 -0.2079 -0.4441
v 3.7211 -0.2079 -0.3023
v 3.8644 -0.2079 -0.1530
v 3.9126 -0.2079 -0.0000
v 3.8042 -0.3090 0.0000
v 3.7574 -0.3090 0.1488
v 3.6180 -0.3090 0.2939
v 3.3896 -0.3090 0.4318
v 3.0777 -0.3090 0.5590
v 2.6900 -0.3090 0.6725
v 2.2361 -0.3090 0.7694
v 1.7271 -0.3090 0.8474
v 1.1756 -0.3090 0.9045
v 0.5951 -0.3090 0.9393
v 0.0000 -0.3090 0.9511
v -0.5951 -0.3090 0.9393
v -1.1756 -0.3090 0.9045
v -1.7271 -0.3090 0.8474
v -2.2361 -0.3090 0.7694
v -2.6900 -0.3090 0.6725
v -3.0777 -0.3090 0.5590
v -3.3896 -0.3090 0.4318
v -3.6180 -0.3090 0.2939
v -3.7574 -0.3090 0.1488
v -3.8042 -0.3090 0.0000
v -3.7574 -0.3090 -0.1488
v -3.6180 -0.3090 -0.2939
v -3.3896 -0.3090 -0.4318
v -3.0777 -0.3090 -0.5590
v -2.6900 -0.3090 -0.6725
v -2.2361 -0.3090 -0.7694
v -1.7271 -0.3090 -0.8474
v -1.1756 -0.3090 -0.9045
v -0.5951 -0.3090 -0.9393
v -0.0000 -0.3090 -0.9511
v 0.5951 -0.3090 -0.9393
v 1.1756 -0.3090 -0.9045
v 1.7271 -0.3090 -0.8474
v 2.2361 -0.3090 -0.7694
v 2.6900 -0.3090 -0.6725
v 3.0777 -0.3090 -0.5590
v 3.3896 -0.3090 -0.4318
v 3.6180 -0.3090 -0.2939
v 3.7574 -0.3090 -0.1488
v 3.8042 -0.3090 -0.0000
v 3.6542 -0.4067 0.0000
v 3.6092 -0.4067 0.1429
v 3.4753 -0.4067 0.2823
v 3.2559 -0.4067 0.4147
v 2.9563 -0.4067 0.5370
v 2.5839 -0.4067 0.6460
v 2.1479 -0.4067 0.7391
v 1.6590 -0.4067 0.8140
v 1.1292 -0.4067 0.8688
v 0.5716 -0.4067 0.9023
v 0.0000 -0.4067 0.9135
v -0.5716 -0.4067 0.9023
v -1.1292 -0.4067 0.8688
v -1.6590 -0.4067 0.8140
v -2.1479 -0.4067 0.7391
v -2.5839 -0.4067 0.6460
v -2.9563 -0.4067 0.5370
v -3.2559 -0.4067 0.4147
v -3.4753 -0.4067 0.2823
v -3.6092 -0.4067 0.1429
v -3.6542 -0.4067 0.0000
v -3.6092 -0.4067 -0.1429
v -3.4753 -0.4067 -0.2823
v -3.2559 -0.4067 -0.4147
v -2.9563 -0.4067 -0.5370
v -2.5839 -0.4067 -0.6460
v -2.1479 -0.4067 -0.7391
v -1.6590 -0.4067 -0.8140
v -1.1292 -0.4067 -0.8688
v -0.5716 -0.4067 -0.9023
v -0.0000 -0.4067 -0.9135
v 0.5716 -0.4067 -0.9023
v 1.1292 -0.4067 -0.8688
v 1.6590 -0.4067 -0.8140
v 2.1479 -0.4067 -0.7391
v 2.5839 -0.4067 -0.6460
v 2.9563 -0.4067 -0.5370
v 3.2559 -0.4067 -0.4147
v 3.4753 -0.4067 -0.2823
v 3.6092 -0.4067 -0.1429
v 3.6542 -0.4067 -0.0000
v 3.4641 -0.5000 0.0000
v 3.4215 -0.5000 0.1355
v 3.2946 -0.5000 0.2676
v 3.0865 -0.5000 0.3932
v 2.8025 -0.5000 0.5090
v 2.4495 -0.5000 0.6124
v 2.0361 -0.5000 0.7006
v 1.5727 -0.5000 0.7716
v 1.0705 -0.5000 0.8236
v 0.5419 -0.5000 0.8554
v 0.0000 -0.5000 0.8660
v -0.5419 -0.5000 0.8554
v -1.0705 -0.5000 0.8236
v -1.5727 -0.5000 0.7716
v -2.0361 -0.5000 0.7006
v -2.4495 -0.5000 0.6124
v -2.8025 -0.5000 0.5090
v -3.0865 -0.5000 0.3932
v -3.2946 -0.5000 0.2676
v -3.4215 -0.5000 0.1355
v -3.4641 -0.5000 0.0000
v -3.4215 -0.5000 -0.1355
v -3.2946 -0.5000 -0.2676
v -3.0865 -0.5000 -0.3932
v -2.8025 -0.5000 -0.5090
v -2.4495 -0.5000 -0.6124
v -2.0361 -0.5000 -0.7006
v -1.5727 -0.5000 -0.7716
v -1.0705 -0.5000 -0.8236
v -0.5419 -0.5000 -0.8554
v -0.0000 -0.5000 -0.8660
v 0.5419 -0.5000 -0.8554
v 1.0705 -0.5000 -0.8236
v 1.5727 -0.5000 -0.7716
v 2.0361 -0.5000 -0.7006
v 2.4495 -0.5000 -0.6124
v 2.8025 -0.5000 -0.5090
v 3.0865 -0.5000 -0.3932
v 3.2946 -0.5000 -0.2676
v 3.4215 -0.5000 -0.1355
v 3.4641 -0.5000 -0.0000
v 3.2361 -0.5878 0.0000
v 3.1962 -0.5878 0.1266
v 3.0777 -0.5878 0.2500
v 2.8834 -0.5878 0.3673
v 2.6180 -0.5878 0.4755
v 2.2882 -0.5878 0.5721
v 1.9021 -0.5878 0.6545
v 1.4691 -0.5878 0.7208
v 1.0000 -0.5878 0.7694
v 0.5062 -0.5878 0.7991
v 0.0000 -0.5878 0.8090
v -0.5062 -0.5878 0.7991
v -1.0000 -0.5878 0.7694
v -1.4691 -0.5878 0.7208
v -1.9021 -0.5878 0.6545
v -2.2882 -0.5878 0.5721
v -2.6180 -0.5878 0.4755
v -2.8834 -0.5878 0.3673
v -3.0777 -0.5878 0.2500
v -3.1962 -0.5878 0.1266
v -3.2361 -0.5878 0.0000
v -3.1962 -0.5878 -0.1266
v -3.0777 -0.5878 -0.2500
v -2.8834 -0.5878 -0.3673
v -2.6180 -0.5878 -0.4755
v -2.2882 -0.5878 -0.5721
v -1.9021 -0.5878 -0.6545
v -1.4691 -0.5878 -0.7208
v -1.0000 -0.5878 -0.7694
v -0.5062 -0.5878 -0.7991
v -0.0000 -0.5878 -0.8090
v 0.5062 -0.5878 -0.7991
v 1.0000 -0.5878 -0.7694
v 1.4691 -0.5878 -0.7208
v 1.9021 -0.5878 -0.6545
v 2.2882 -0.5878 -0.5721
v 2.6180 -0.5878 -0.4755
v 2.8834 -0.5878 -0.3673
v 3.0777 -0.5878 -0.2500
v 3.1962 -0.5878 -0.1266
v 3.2361 -0.5878 -0.0000
v 2.9726 -0.6691 0.0000
v 2.9360 -0.6691 0.1163
v 2.8271 -0.6691 0.2296
v 2.6486 -0.6691 0.3374
v 2.4049 -0.6691 0.4368
v 2.1019 -0.6691 0.5255
v 1.7472 -0.6691 0.6012
v 1.3495 -0.6691 0.6621
v 0.9186 -0.6691 0.7068
v 0.4650 -0.6691 0.7340
v 0.0000 -0.6691 0.7431
v -0.4650 -0.6691 0.7340
v -0.9186 -0.6691 0.7068
v -1.3495 -0.6691 0.6621
v -1.7472 -0.6691 0.6012
v -2.1019 -0.6691 0.5255
v -2.4049 -0.6691 0.4368
v -2.6486 -0.6691 0.3374
v -2.8271 -0.6691 0.2296
v -2.9360 -0.6691 0.1163
v -2.9726 -0.6691 0.0000
v -2.9360 -0.6691 -0.1163
v -2.8271 -0.6691 -0.2296
v -2.6486 -0.6691 -0.3374
v -2.4049 -0.6691 -0.4368
v -2.1019 -0.6691 -0.5255
v -1.7472 -0.6691 -0.6012
v -1.3495 -0.6691 -0.6621
v -0.9186 -0.6691 -0.7068
v -0.4650 -0.6691 -0.7340
v -0.0000 -0.6691 -0.7431
v 0.4650 -0.6691 -0.7340
v 0.9186 -0.6691 -0.7068
v 1.3495 -0.6691 -0.6621
v 1.7472 -0.6691 -0.6012
v 2.1019 -0.6691 -0.5255
v 2.4049 -0.6691 -0.4368
v 2.6486 -0.6691 -0.3374
v 2.8271 -0.6691 -0.2296
v 2.9360 -0.6691 -0.1163
v 2.9726 -0.6691 -0.0000
v 2.6765 -0.7431 0.0000
v 2.6436 -0.7431 0.1047
v 2.5455 -0.7431 0.2068
v 2.3848 -0.7431 0.3038
v 2.1654 -0.7431 0.3933
v 1.8926 -0.7431 0.4731
v 1.5732 -0.7431 0.5413
v 1.2151 -0.7431 0.5962
v 0.8271 -0.7431 0.6364
v 0.4187 -0.7431 0.6609
v 0.0000 -0.7431 0.6691
v -0.4187 -0.7431 0.6609
v -0.8271 -0.7431 0.6364
v -1.2151 -0.7431 0.5962
v -1.5732 -0.7431 0.5413
v -1.8926 -0.7431 0.4731
v -2.1654 -0.7431 0.3933
v -2.3848 -0.7431 0.3038
v -2.5455 -0.7431 0.2068
v -2.6436 -0.7431 0.1047
v -2.6765 -0.7431 0.0000
v -2.6436 -0.7431 -0.1047
v -2.5455 -0.7431 -0.2068
v -2.3848 -0.7431 -0.3038
v -2.1654 -0.7431 -0.3933
v -1.8926 -0.7431 -0.4731
v -1.5732 -0.7431 -0.5413
v -1.2151 -0.7431 -0.5962
v -0.8271 -0.7431 -0.6364
v -0.4187 -0.7431 -0.6609
v -0.0000 -0.7431 -0.6691
v 0.4187 -0.7431 -0.6609
v 0.8271 -0.7431 -0.6364
v 1.2151 -0.7431 -0.5962
v 1.5732 -0.7431 -0.5413
v 1.8926 -0.7431 -0.4731
v 2.1654 -0.7431 -0.3933
v 2.3848 -0.7431 -0.3038
v 2.5455 -0.7431 -0.2068
v 2.6436 -0.7431 -0.1047
v 2.6765 -0.7431 -0.0000
v 2.3511 -0.8090 0.0000
v 2.3222 -0.8090 0.0919
v 2.2361 -0.8090 0.1816
v 2.0949 -0.8090 0.2668
v 1.9021 -0.8090 0.3455
v 1.6625 -0.8090 0.4156
v 1.3820 -0.8090 0.4755
v 1.0674 -0.8090 0.5237
v 0.7265 -0.8090 0.5590
v 0.3678 -0.8090 0.5805
v 0.0000 -0.8090 0.5878
v -0.3678 -0.8090 0.5805
v -0.7265 -0.8090 0.5590
v -1.0674 -0.8090 0.5237
v -1.3820 -0.8090 0.4755
v -1.6625 -0.8090 0.4156
v -1.9021 -0.8090 0.3455
v -2.0949 -0.8090 0.2668
v -2.2361 -0.8090 0.1816
v -2.3222 -0.8090 0.0919
v -2.3511 -0.8090 0.0000
v -2.3222 -0.8090 -0.0919
v -2.2361 -0.8090 -0.1816
v -2.0949 -0.8090 -0.2668
v -1.9021 -0.8090 -0.3455
v -1.6625 -0.8090 -0.4156
v -1.3820 -0.8090 -0.4755
v -1.0674 -0.8090 -0.5237
v -0.7265 -0.8090 -0.5590
v -0.3678 -0.8090 -0.5805
v -0.0000 -0.8090 -0.5878
v 0.3678 -0.8090 -0.5805
v 0.7265 -0.8090 -0.5590
v 1.0674 -0.8090 -0.5237
v 1.3820 -0.8090 -0.4755
v 1.6625 -0.8090 -0.4156
v 1.9021 -0.8090 -0.3455
v 2.0949 -0.8090 -0.2668
v 2.2361 -0.8090 -0.1816
v 2.3222 -0.8090 -0.0919
v 2.3511 -0.8090 -0.0000
v 2.0000 -0.8660 0.0000
v 1.9754 -0.8660 0.0782
v 1.9021 -0.8660 0.1545
v 1.7820 -0.8660 0.2270
v 1.6180 -0.8660 0.2939
v 1.4142 -0.8660 0.3536
v 1.1756 -0.8660 0.4045
v 0.9080 -0.8660 0.4455
v 0.6180 -0.8660 0.4755
v 0.3129 -0.8660 0.4938
v 0.0000 -0.8660 0.5000
v -0.3129 -0.8660 0.4938
v -0.6180 -0.8660 0.4755
v -0.9080 -0.8660 0.4455
v -1.1756 -0.8660 0.4045
v -1.4142 -0.8660 0.3536
v -1.6180 -0.8660 0.2939
v -1.7820 -0.8660 0.2270
v -1.9021 -0.8660 0.1545
v -1.9754 -0.8660 0.0782
v -2.0000 -0.8660 0.0000
v -1.9754 -0.8660 -0.0782
v -1.9021 -0.8660 -0.1545
v -1.7820 -0.8660 -0.2270
v -1.6180 -0.8660 -0.2939
v -1.4142 -0.8660 -0.3536
v -1.1756 -0.8660 -0.4045
v -0.9080 -0.8660 -0.4455
v -0.6180 -0.8660 -0.4755
v -0.3129 -0.8660 -0.4938
v -0.0000 -0.8660 -0.5000
v 0.3129 -0.8660 -0.4938
v 0.6180 -0.8660 -0.4755
v 0.9080 -0.8660 -0.4455
v 1.1756 -0.8660 -0.4045
v 1.4142 -0.8660 -0.3536
v 1.6180 -0.8660 -0.2939
v 1.7820 -0.8660 -0.2270
v 1.9021 -0.8660 -0.1545
v 1.9754 -0.8660 -0.0782
v 2.0000 -0.8660 -0.0000
v 1.6269 -0.9135 0.0000
v 1.6069 -0.9135 0.0636
v 1.5473 -0.9135 0.1257
v 1.4496 -0.9135 0.1847
v 1.3162 -0.9135 0.2391
v 1.1504 -0.9135 0.2876
v 0.9563 -0.9135 0.3291
v 0.7386 -0.9135 0.3624
v 0.5028 -0.9135 0.3868
v 0.2545 -0.9135 0.4017
v 0.0000 -0.9135 0.4067
v -0.2545 -0.9135 0.4017
v -0.5028 -0.9135 0.3868
v -0.7386 -0.9135 0.3624
v -0.9563 -0.9135 0.3291
v -1.1504 -0.9135 0.2876
v -1.3162 -0.9135 0.2391
v -1.4496 -0.9135 0.1847
v -1.5473 -0.9135 0.1257
v -1.6069 -0.9135 0.0636
v -1.6269 -0.9135 0.0000
v -1.6069 -0.9135 -0.0636
v -1.5473 -0.9135 -0.1257
v -1.4496 -0.9135 -0.1847
v -1.3162 -0.9135 -0.2391
v -1.1504 -0.9135 -0.2876
v -0.9563 -0.9135 -0.3291
v -0.7386 -0.9135 -0.3624
v -0.5028 -0.9135 -0.3868
v -0.2545 -0.9135 -0.4017
v -0.0000 -0.9135 -0.4067
v 0.2545 -0.9135 -0.4017
v 0.5028 -0.9135 -0.3868
v 0.7386 -0.9135 -0.3624
v 0.9563 -0.9135 -0.3291
v 1.1504 -0.9135 -0.2876
v 1.3162 -0.9135 -0.2391
v 1.4496 -0.9135 -0.1847
v 1.5473 -0.9135 -0.1257
v 1.6069 -0.9135 -0.0636
v 1.6269 -0.9135 -0.0000
v 1.2361 -0.9511 0.0000
v 1.2208 -0.9511 0.0483
v 1.1756 -0.9511 0.0955
v 1.1013 -0.9511 0.1403
v 1.0000 -0.9511 0.1816
v 0.8740 -0.9511 0.2185
v 0.7265 -0.9511 0.2500
v 0.5612 -0.9511 0.2753
v 0.3820 -0.9511 0.2939
v 0.1934 -0.9511 0.3052
v 0.0000 -0.9511 0.3090
v -0.1934 -0.9511 0.3052
v -0.3820 -0.9511 0.2939
v -0.5612 -0.9511 0.2753
v -0.7265 -0.9511 0.2500
v -0.8740 -0.9511 0.2185
v -1.0000 -0.9511 0.1816
v -1.1013 -0.9511 0.1403
v -1.1756 -0.9511 0.0955
v -1.2208 -0.9511 0.0483
v -1.2361 -0.9511 0.0000
v -1.2208 -0.9511 -0.0483
v -1.1756 -0.9511 -0.0955
v -1.1013 -0.9511 -0.1403
v -1.0000 -0.9511 -0.1816
v -0.8740 -0.9511 -0.2185
v -0.7265 -0.9511 -0.2500
v -0.5612 -0.9511 -0.2753
v -0.3820 -0.9511 -0.2939
v -0.1934 -0.9511 -0.3052
v -0.0000 -0.9511 -0.3090
v 0.1934 -0.9511 -0.3052
v 0.3820 -0.9511 -0.2939
v 0.5612 -0.9511 -0.2753
v 0.7265 -0.9511 -0.2500
v 0.8740 -0.9511 -0.2185
v 1.0000 -0.9511 -0.1816
v 1.1013 -0.9511 -0.1403
v 1.1756 -0.9511 -0.0955
v 1.2208 -0.9511 -0.0483
v 1.2361 -0.9511 -0.0000
v 0.8316 -0.9781 0.0000
v 0.8214 -0.9781 0.0325
v 0.7909 -0.9781 0.0642
v 0.7410 -0.9781 0.0944
v 0.6728 -0.9781 0.1222
v 0.5881 -0.9781 0.1470
v 0.4888 -0.9781 0.1682
v 0.3776 -0.9781 0.1853
v 0.2570 -0.9781 0.1977
v 0.1301 -0.9781 0.2054
v 0.0000 -0.9781 0.2079
v -0.1301 -0.9781 0.2054
v -0.2570 -0.9781 0.1977
v -0.3776 -0.9781 0.1853
v -0.4888 -0.9781 0.1682
v -0.5881 -0.9781 0.1470
v -0.6728 -0.9781 0.1222
v -0.7410 -0.9781 0.0944
v -0.7909 -0.9781 0.0642
v -0.8214 -0.9781 0.0325
v -0.8316 -0.9781 0.0000
v -0.8214 -0.9781 -0.0325
v -0.7909 -0.9781 -0.0642
v -0.7410 -0.9781 -0.0944
v -0.6728 -0.9781 -0.1222
v -0.5881 -0.9781 -0.1470
v -0.4888 -0.9781 -0.1682
v -0.3776 -0.9781 -0.1853
v -0.2570 -0.9781 -0.1977
v -0.1301 -0.9781 -0.2054
v -0.0000 -0.9781 -0.2079
v 0.1301 -0.9781 -0.2054
v 0.2570 -0.9781 -0.1977
v 0.3776 -0.9781 -0.1853
v 0.4888 -0.9781 -0.1682
v 0.5881 -0.9781 -0.1470
v 0.6728 -0.9781 -0.1222
v 0.7410 -0.9781 -0.0944
v 0.7909 -0.9781 -0.0642
v 0.8214 -0.9781 -0.0325
v 0.8316 -0.9781 -0.0000
v 0.4181 -0.9945 0.0000
v 0.4130 -0.9945 0.0164
v 0.3976 -0.9945 0.0323
v 0.3725 -0.9945 0.0475
v 0.3383 -0.9945 0.0614
v 0.2957 -0.9945 0.0739
v 0.2458 -0.9945 0.0846
v 0.1898 -0.9945 0.0931
v 0.1292 -0.9945 0.0994
v 0.0654 -0.9945 0.1032
v 0.0000 -0.9945 0.1045
v -0.0654 -0.9945 0.1032
v -0.1292 -0.9945 0.0994
v -0.1898 -0.9945 0.0931
v -0.2458 -0.9945 0.0846
v -0.2957 -0.9945 0.0739
v -0.3383 -0.9945 0.0614
v -0.3725 -0.9945 0.0475
v -0.3976 -0.9945 0.0323
v -0.4130 -0.9945 0.0164
v -0.4181 -0.9945 0.0000
v -0.4130 -0.9945 -0.0164
v -0.3976 -0.9945 -0.0323
v -0.3725 -0.9945 -0.0475
v -0.3383 -0.9945 -0.0614
v -0.2957 -0.9945 -0.0739
v -0.2458 -0.9945 -0.0846
v -0.1898 -0.9945 -0.0931
v -0.1292 -0.9945 -0.0994
v -0.0654 -0.9945 -0.1032
v -0.0000 -0.9945 -0.1045
v 0.0654 -0.9945 -0.1032
v 0.1292 -0.9945 -0.0994
v 0.1898 -0.9945 -0.0931
v 0.2458 -0.9945 -0.0846
v 0.2957 -0.9945 -0.0739
v 0.3383 -0.9945 -0.0614
v 0.3725 -0.9945 -0.0475
v 0.3976 -0.9945 -0.0323
v 0.4130 -0.9945 -0.0164
v 0.4181 -0.9945 -0.0000
v 0.0000 -1.0000 0.0000
v 0.0000 -1.0000 0.0000
v 0.0000 -1.0000 0.0000
v 0.0000 -1.0000 0.0000
v 0.0000 -1.0000 0.0000
v 0.0000 -1.0000 0.0000
v 0.0000 -1.0000 0.0000
v 0.0000 -1.0000 0.0000
v 0.0000 -1.0000 0.0000
v 0.0000 -1.0000 0.0000
v 0.0000 -1.0000 0.0000
v -0.0000 -1.0000 0.0000
v -0.0000 -1.0000 0.0000
v -0.0000 -1.0000 0.0000
v -0.0000 -1.0000 0.0000
v -0.0000 -1.0000 0.0000
v -0.0000 -1.0000 0.0000
v -0.0000 -1.0000 0.0000
v -0.0000 -1.0000 0.0000
v -0.0000 -1.0000 0.0000
v -0.0000 -1.0000 0.0000
v -0.0000 -1.0000 -0.0000
v -0.0000 -1.0000 -0.0000
v -0.0000 -1.0000 -0.0000
v -0.0000 -1.0000 -0.0000
v -0.0000 -1.0000 -0.0000
v -0.0000 -1.0000 -0.0000
v -0.0000 -1.0000 -0.0000
v -0.0000 -1.0000 -0.0000
v -0.0000 -1.0000 -0.0000
v -0.0000 -1.0000 -0.0000
v 0.0000 -1.0000 -0.0000
v 0.0000 -1.0000 -0.0000
v 0.0000 -1.0000 -0.0000
v 0.0000 -1.0000 -0.0000
v 0.0000 -1.0000 -0.0000
v 0.0000 -1.0000 -0.0000
v 0.0000 -1.0000 -0.0000
v 0.0000 -1.0000 -0.0000
v 0.0000 -1.0000 -0.0000
v 0.0000 -1.0000 -0.0000
v -0.8000 -1.2000 -0.2500
v 0.8000 -1.2000 -0.2500
v 0.8000 -0.8000 -0.2500
v -0.8000 -0.8000 -0.2500
v -0.8000 -1.2000 0.2500
v 0.8000 -1.2000 0.2500
v 0.8000 -0.8000 0.2500
v -0.8000 -0.8000 0.2500
v -3.7000 0.0000 -0.0500
v -2.7000 0.0000 -0.0500
v -2.7000 1.2000 -0.0500
v -3.7000 1.2000 -0.0500
v -3.7000 0.0000 0.0500
v -2.7000 0.0000 0.0500
v -2.7000 1.2000 0.0500
v -3.7000 1.2000 0.0500
v -3.7000 -1.2000 -0.0500
v -2.7000 -1.2000 -0.0500
v -2.7000 0.0000 -0.0500
v -3.7000 0.0000 -0.0500
v -3.7000 -1.2000 0.0500
v -2.7000 -1.2000 0.0500
v -2.7000 0.0000 0.0500
v -3.7000 0.0000 0.0500
v -3.7000 -0.0500 0.0000
v -2.7000 -0.0500 0.0000
v -2.7000 0.0500 0.0000
v -3.7000 0.0500 0.0000
v -3.7000 -0.0500 1.2000
v -2.7000 -0.0500 1.2000
v -2.7000 0.0500 1.2000
v -3.7000 0.0500 1.2000
v -3.7000 -0.0500 -1.2000
v -2.7000 -0.0500 -1.2000
v -2.7000 0.0500 -1.2000
v -3.7000 0.0500 -1.2000
v -3.7000 -0.0500 0.0000
v -2.7000 -0.0500 0.0000
v -2.7000 0.0500 0.0000
v -3.7000 0.0500 0.0000
vt 0.0000 0.0000
vt 0.0250 0.0000
vt 0.0500 0.0000
vt 0.0750 0.0000
vt 0.1000 0.0000
vt 0.1250 0.0000
vt 0.1500 0.0000
vt 0.1750 0.0000
vt 0.2000 0.0000
vt 0.2250 0.0000
vt 0.2500 0.0000
vt 0.2750 0.0000
vt 0.3000 0.0000
vt 0.3250 0.0000
vt 0.3500 0.0000
vt 0.3750 0.0000
vt 0.4000 0.0000
vt 0.4250 0.0000
vt 0.4500 0.0000
vt 0.4750 0.0000
vt 0.5000 0.0000
vt 0.5250 0.0000
vt 0.5500 0.0000
vt 0.5750 0.0000
vt 0.6000 0.0000
vt 0.6250 0.0000
vt 0.6500 0.0000
vt 0.6750 0.0000
vt 0.7000 0.0000
vt 0.7250 0.0000
vt 0.7500 0.0000
vt 0.7750 0.0000
vt 0.8000 0.0000
vt 0.8250 0.0000
vt 0.8500 0.0000
vt 0.8750 0.0000
vt 0.9000 0.0000
vt 0.9250 0.0000
vt 0.9500 0.0000
vt 0.9750 0.0000
vt 1.0000 0.0000
vt 0.0000 0.0333
vt 0.0250 0.0333
vt 0.0500 0.0333
vt 0.0750 0.0333
vt 0.1000 0.0333
vt 0.1250 0.0333
vt 0.1500 0.0333
vt 0.1750 0.0333
vt 0.2000 0.0333
vt 0.2250 0.0333
vt 0.2500 0.0333
vt 0.2750 0.0333
vt 0.3000 0.0333
vt 0.3250 0.0333
vt 0.3500 0.0333
vt 0.3750 0.0333
vt 0.4000 0.0333
vt 0.4250 0.0333
vt 0.4500 0.0333
vt 0.4750 0.0333
vt 0.5000 0.0333
vt 0.5250 0.0333
vt 0.5500 0.0333
vt 0.5750 0.0333
vt 0.6000 0.0333
vt 0.6250 0.0333
vt 0.6500 0.0333
vt 0.6750 0.0333
vt 0.7000 0.0333
vt 0.7250 0.0333
vt 0.7500 0.0333
vt 0.7750 0.0333
vt 0.8000 0.0333
vt 0.8250 0.0333
vt 0.8500 0.0333
vt 0.8750 0.0333
vt 0.9000 0.0333
vt 0.9250 0.0333
vt 0.9500 0.0333
vt 0.9750 0.0333
vt 1.0000 0.0333
vt 0.0000 0.0667
vt 0.0250 0.0667
vt 0.0500 0.0667
vt 0.0750 0.0667
vt 0.1000 0.0667
vt 0.1250 0.0667
vt 0.1500 0.0667
vt 0.1750 0.0667
vt 0.2000 0.0667
vt 0.2250 0.0667
vt 0.2500 0.0667
vt 0.2750 0.0667
vt 0.3000 0.0667
vt 0.3250 0.0667
vt 0.3500 0.0667
vt 0.3750 0.0667
vt 0.4000 0.0667
vt 0.4250 0.0667
vt 0.4500 0.0667
vt 0.4750 0.0667
vt 0.5000 0.0667
vt 0.5250 0.0667
vt 0.5500 0.0667
vt 0.5750 0.0667
vt 0.6000 0.0667
vt 0.6250 0.0667
vt 0.6500 0.0667
vt 0.6750 0.0667
vt 0.7000 0.0667
vt 0.7250 0.0667
vt 0.7500 0.0667
vt 0.7750 0.0667
vt 0.8000 0.0667
vt 0.8250 0.0667
vt 0.8500 0.0667
vt 0.8750 0.0667
vt 0.9000 0.0667
vt 0.9250 0.0667
vt 0.9500 0.0667
vt 0.9750 0.0667
vt 1.0000 0.0667
vt 0.0000 0.1000
vt 0.0250 0.1000
vt 0.0500 0.1000
vt 0.0750 0.1000
vt 0.1000 0.1000
vt 0.1250 0.1000
vt 0.1500 0.1000
vt 0.1750 0.1000
vt 0.2000 0.1000
vt 0.2250 0.1000
vt 0.2500 0.1000
vt 0.2750 0.1000
vt 0.3000 0.1000
vt 0.3250 0.1000
vt 0.3500 0.1000
vt 0.3750 0.1000
vt 0.4000 0.1000
vt 0.4250 0.1000
vt 0.4500 0.1000
vt 0.4750 0.1000
vt 0.5000 0.1000
vt 0.5250 0.1000
vt 0.5500 0.1000
vt 0.5750 0.1000
vt 0.6000 0.1000
vt 0.6250 0.1000
vt 0.6500 0.1000
vt 0.6750 0.1000
vt 0.7000 0.1000
vt 0.7250 0.1000
vt 0.7500 0.1000
vt 0.7750 0.1000
vt 0.8000 0.1000
vt 0.8250 0.1000
vt 0.8500 0.1000
vt 0.8750 0.1000
vt 0.9000 0.1000
vt 0.9250 0.1000
vt 0.9500 0.1000
vt 0.9750 0.1000
vt 1.0000 0.1000
vt 0.0000 0.1333
vt 0.0250 0.1333
vt 0.0500 0.1333
vt 0.0750 0.1333
vt 0.1000 0.1333
vt 0.1250 0.1333
vt 0.1500 0.1333
vt 0.1750 0.1333
vt 0.2000 0.1333
vt 0.2250 0.1333
vt 0.2500 0.1333
vt 0.2750 0.1333
vt 0.3000 0.1333
vt 0.3250 0.1333
vt 0.3500 0.1333
vt 0.3750 0.1333
vt 0.4000 0.1333
vt 0.4250 0.1333
vt 0.4500 0.1333
vt 0.4750 0.1333
vt 0.5000 0.1333
vt 0.5250 0.1333
vt 0.5500 0.1333
vt 0.5750 0.1333
vt 0.6000 0.1333
vt 0.6250 0.1333
vt 0.6500 0.1333
vt 0.6750 0.1333
vt 0.7000 0.1333
vt 0.7250 0.1333
vt 0.7500 0.1333
vt 0.7750 0.1333
vt 0.8000 0.1333
vt 0.8250 0.1333
vt 0.8500 0.1333
vt 0.8750 0.1333
vt 0.9000 0.1333
vt 0.9250 0.1333
vt 0.9500 0.1333
vt 0.9750 0.1333
vt 1.0000 0.1333
vt 0.0000 0.1667
vt 0.0250 0.1667
vt 0.0500 0.1667
vt 0.0750 0.1667
vt 0.1000 0.1667
vt 0.1250 0.1667
vt 0.1500 0.1667
vt 0.1750 0.1667
vt 0.2000 0.1667
vt 0.2250 0.1667
vt 0.2500 0.1667
vt 0.2750 0.1667
vt 0.3000 0.1667
vt 0.3250 0.1667
vt 0.3500 0.1667
vt 0.3750 0.1667
vt 0.4000 0.1667
vt 0.4250 0.1667
vt 0.4500 0.1667
vt 0.4750 0.1667
vt 0.5000 0.1667
vt 0.5250 0.1667
vt 0.5500 0.1667
vt 0.5750 0.1667
vt 0.6000 0.1667
vt 0.6250 0.1667
vt 0.6500 0.1667
vt 0.6750 0.1667
vt 0.7000 0.1667
vt 0.7250 0.1667
vt 0.7500 0.1667
vt 0.7750 0.1667
vt 0.8000 0.1667
vt 0.8250 0.1667
vt 0.8500 0.1667
vt 0.8750 0.1667
vt 0.9000 0.1667
vt 0.9250 0.1667
vt 0.9500 0.1667
vt 0.9750 0.1667
vt 1.0000 0.1667
vt 0.0000 0.2000
vt 0.0250 0.2000
vt 0.0500 0.2000
vt 0.0750 0.2000
vt 0.1000 0.2000
vt 0.1250 0.2000
vt 0.1500 0.2000
vt 0.1750 0.2000
vt 0.2000 0.2000
vt 0.2250 0.2000
vt 0.2500 0.2000
vt 0.2750 0.2000
vt 0.3000 0.2000
vt 0.3250 0.2000
vt 0.3500 0.2000
vt 0.3750 0.2000
vt 0.4000 0.2000
vt 0.4250 0.2000
vt 0.4500 0.2000
vt 0.4750 0.2000
vt 0.5000 0.2000
vt 0.5250 0.2000
vt 0.5500 0.2000
vt 0.5750 0.2000
vt 0.6000 0.2000
vt 0.6250 0.2000
vt 0.6500 0.2000
vt 0.6750 0.2000
vt 0.7000 0.2000
vt 0.7250 0.2000
vt 0.7500 0.2000
vt 0.7750 0.2000
vt 0.8000 0.2000
vt 0.8250 0.2000
vt 0.8500 0.2000
vt 0.8750 0.2000
vt 0.9000 0.2000
vt 0.9250 0.2000
vt 0.9500 0.2000
vt 0.9750 0.2000
vt 1.0000 0.2000
vt 0.0000 0.2333
vt 0.0250 0.2333
vt 0.0500 0.2333
vt 0.0750 0.2333
vt 0.1000 0.2333
vt 0.1250 0.2333
vt 0.1500 0.2333
vt 0.1750 0.2333
vt 0.2000 0.2333
vt 0.2250 0.2333
vt 0.2500 0.2333
vt 0.2750 0.2333
vt 0.3000 0.2333
vt 0.3250 0.2333
vt 0.3500 0.2333
vt 0.3750 0.2333
vt 0.4000 0.2333
vt 0.4250 0.2333
vt 0.4500 0.2333
vt 0.4750 0.2333
vt 0.5000 0.2333
vt 0.5250 0.2333
vt 0.5500 0.2333
vt 0.5750 0.2333
vt 0.6000 0.2333
vt 0.6250 0.2333
vt 0.6500 0.2333
vt 0.6750 0.2333
vt 0.7000 0.2333
vt 0.7250 0.2333
vt 0.7500 0.2333
vt 0.7750 0.2333
vt 0.8000 0.2333
vt 0.8250 0.2333
vt 0.8500 0.2333
vt 0.8750 0.2333
vt 0.9000 0.2333
vt 0.9250 0.2333
vt 0.9500 0.2333
vt 0.9750 0.2333
vt 1.0000 0.2333
vt 0.0000 0.2667
vt 0.0250 0.2667
vt 0.0500 0.2667
vt 0.0750 0.2667
vt 0.1000 0.2667
vt 0.1250 0.2667
vt 0.1500 0.2667
vt 0.1750 0.2667
vt 0.2000 0.2667
vt 0.2250 0.2667
vt 0.2500 0.2667
vt 0.2750 0.2667
vt 0.3000 0.2667
vt 0.3250 0.2667
vt 0.3500 0.2667
vt 0.3750 0.2667
vt 0.4000 0.2667
vt 0.4250 0.2667
vt 0.4500 0.2667
vt 0.4750 0.2667
vt 0.5000 0.2667
vt 0.5250 0.2667
vt 0.5500 0.2667
vt 0.5750 0.2667
vt 0.6000 0.2667
vt 0.6250 0.2667
vt 0.6500 0.2667
vt 0.6750 0.2667
vt 0.7000 0.2667
vt 0.7250 0.2667
vt 0.7500 0.2667
vt 0.7750 0.2667
vt 0.8000 0.2667
vt 0.8250 0.2667
vt 0.8500 0.2667
vt 0.8750 0.2667
vt 0.9000 0.2667
vt 0.9250 0.2667
vt 0.9500 0.2667
vt 0.9750 0.2667
vt 1.0000 0.2667
vt 0.0000 0.3000
vt 0.0250 0.3000
vt 0.0500 0.3000
vt 0.0750 0.3000
vt 0.1000 0.3000
vt 0.1250 0.3000
vt 0.1500 0.3000
vt 0.1750 0.3000
vt 0.2000 0.3000
vt 0.2250 0.3000
vt 0.2500 0.3000
vt 0.2750 0.3000
vt 0.3000 0.3000
vt 0.3250 0.3000
vt 0.3500 0.3000
vt 0.3750 0.3000
vt 0.4000 0.3000
vt 0.4250 0.3000
vt 0.4500 0.3000
vt 0.4750 0.3000
vt 0.5000 0.3000
vt 0.5250 0.3000
vt 0.5500 0.3000
vt 0.5750 0.3000
vt 0.6000 0.3000
vt 0.6250 0.3000
vt 0.6500 0.3000
vt 0.6750 0.3000
vt 0.7000 0.3000
vt 0.7250 0.3000
vt 0.7500 0.3000
vt 0.7750 0.3000
vt 0.8000 0.3000
vt 0.8250 0.3000
vt 0.8500 0.3000
vt 0.8750 0.3000
vt 0.9000 0.3000
vt 0.9250 0.3000
vt 0.9500 0.3000
vt 0.9750 0.3000
vt 1.0000 0.3000
vt 0.0000 0.3333
vt 0.0250 0.3333
vt 0.0500 0.3333
vt 0.0750 0.3333
vt 0.1000 0.3333
vt 0.1250 0.3333
vt 0.1500 0.3333
vt 0.1750 0.3333
vt 0.2000 0.3333
vt 0.2250 0.3333
vt 0.2500 0.3333
vt 0.2750 0.3333
vt 0.3000 0.3333
vt 0.3250 0.3333
vt 0.3500 0.3333
vt 0.3750 0.3333
vt 0.4000 0.3333
vt 0.4250 0.3333
vt 0.4500 0.3333
vt 0.4750 0.3333
vt 0.5000 0.3333
vt 0.5250 0.3333
vt 0.5500 0.3333
vt 0.5750 0.3333
vt 0.6000 0.3333
vt 0.6250 0.3333
vt 0.6500 0.3333
vt 0.6750 0.3333
vt 0.7000 0.3333
vt 0.7250 0.3333
vt 0.7500 0.3333
vt 0.7750 0.3333
vt 0.8000 0.3333
vt 0.8250 0.3333
vt 0.8500 0.3333
vt 0.8750 0.3333
vt 0.9000 0.3333
vt 0.9250 0.3333
vt 0.9500 0.3333
vt 0.9750 0.3333
vt 1.0000 0.3333
vt 0.0000 0.3667
vt 0.0250 0.3667
vt 0.0500 0.3667
vt 0.0750 0.3667
vt 0.1000 0.3667
vt 0.1250 0.3667
vt 0.1500 0.3667
vt 0.1750 0.3667
vt 0.2000 0.3667
vt 0.2250 0.3667
vt 0.2500 0.3667
vt 0.2750 0.3667
vt 0.3000 0.3667
vt 0.3250 0.3667
vt 0.3500 0.3667
vt 0.3750 0.3667
vt 0.4000 0.3667
vt 0.4250 0.3667
vt 0.4500 0.3667
vt 0.4750 0.3667
vt 0.5000 0.3667
vt 0.5250 0.3667
vt 0.5500 0.3667
vt 0.5750 0.3667
vt 0.6000 0.3667
vt 0.6250 0.3667
vt 0.6500 0.3667
vt 0.6750 0.3667
vt 0.7000 0.3667
vt 0.7250 0.3667
vt 0.7500 0.3667
vt 0.7750 0.3667
vt 0.8000 0.3667
vt 0.8250 0.3667
vt 0.8500 0.3667
vt 0.8750 0.3667
vt 0.9000 0.3667
vt 0.9250 0.3667
vt 0.9500 0.3667
vt 0.9750 0.3667
vt 1.0000 0.3667
vt 0.0000 0.4000
vt 0.0250 0.4000
vt 0.0500 0.4000
vt 0.0750 0.4000
vt 0.1000 0.4000
vt 0.1250 0.4000
vt 0.1500 0.4000
vt 0.1750 0.4000
vt 0.2000 0.4000
vt 0.2250 0.4000
vt 0.2500 0.4000
vt 0.2750 0.4000
vt 0.3000 0.4000
vt 0.3250 0.4000
vt 0.3500 0.4000
vt 0.3750 0.4000
vt 0.4000 0.4000
vt 0.4250 0.4000
vt 0.4500 0.4000
vt 0.4750 0.4000
vt 0.5000 0.4000
vt 0.5250 0.4000
vt 0.5500 0.4000
vt 0.5750 0.4000
vt 0.6000 0.4000
vt 0.6250 0.4000
vt 0.6500 0.4000
vt 0.6750 0.4000
vt 0.7000 0.4000
vt 0.7250 0.4000
vt 0.7500 0.4000
vt 0.7750 0.4000
vt 0.8000 0.4000
vt 0.8250 0.4000
vt 0.8500 0.4000
vt 0.8750 0.4000
vt 0.9000 0.4000
vt 0.9250 0.4000
vt 0.9500 0.4000
vt 0.9750 0.4000
vt 1.0000 0.4000
vt 0.0000 0.4333
vt 0.0250 0.4333
vt 0.0500 0.4333
vt 0.0750 0.4333
vt 0.1000 0.4333
vt 0.1250 0.4333
vt 0.1500 0.4333
vt 0.1750 0.4333
vt 0.2000 0.4333
vt 0.2250 0.4333
vt 0.2500 0.4333
vt 0.2750 0.4333
vt 0.3000 0.4333
vt 0.3250 0.4333
vt 0.3500 0.4333
vt 0.3750 0.4333
vt 0.4000 0.4333
vt 0.4250 0.4333
vt 0.4500 0.4333
vt 0.4750 0.4333
vt 0.5000 0.4333
vt 0.5250 0.4333
vt 0.5500 0.4333
vt 0.5750 0.4333
vt 0.6000 0.4333
vt 0.6250 0.4333
vt 0.6500 0.4333
vt 0.6750 0.4333
vt 0.7000 0.4333
vt 0.7250 0.4333
vt 0.7500 0.4333
vt 0.7750 0.4333
vt 0.8000 0.4333
vt 0.8250 0.4333
vt 0.8500 0.4333
vt 0.8750 0.4333
vt 0.9000 0.4333
vt 0.9250 0.4333
vt 0.9500 0.4333
vt 0.9750 0.4333
vt 1.0000 0.4333
vt 0.0000 0.4667
vt 0.0250 0.4667
vt 0.0500 0.4667
vt 0.0750 0.4667
vt 0.1000 0.4667
vt 0.1250 0.4667
vt 0.1500 0.4667
vt 0.1750 0.4667
vt 0.2000 0.4667
vt 0.2250 0.4667
vt 0.2500 0.4667
vt 0.2750 0.4667
vt 0.3000 0.4667
vt 0.3250 0.4667
vt 0.3500 0.4667
vt 0.3750 0.4667
vt 0.4000 0.4667
vt 0.4250 0.4667
vt 0.4500 0.4667
vt 0.4750 0.4667
vt 0.5000 0.4667
vt 0.5250 0.4667
vt 0.5500 0.4667
vt 0.5750 0.4667
vt 0.6000 0.4667
vt 0.6250 0.4667
vt 0.6500 0.4667
vt 0.6750 0.4667
vt 0.7000 0.4667
vt 0.7250 0.4667
vt 0.7500 0.4667
vt 0.7750 0.4667
vt 0.8000 0.4667
vt 0.8250 0.4667
vt 0.8500 0.4667
vt 0.8750 0.4667
vt 0.9000 0.4667
vt 0.9250 0.4667
vt 0.9500 0.4667
vt 0.9750 0.4667
vt 1.0000 0.4667
vt 0.0000 0.5000
vt 0.0250 0.5000
vt 0.0500 0.5000
vt 0.0750 0.5000
vt 0.1000 0.5000
vt 0.1250 0.5000
vt 0.1500 0.5000
vt 0.1750 0.5000
vt 0.2000 0.5000
vt 0.2250 0.5000
vt 0.2500 0.5000
vt 0.2750 0.5000
vt 0.3000 0.5000
vt 0.3250 0.5000
vt 0.3500 0.5000
vt 0.3750 0.5000
vt 0.4000 0.5000
vt 0.4250 0.5000
vt 0.4500 0.5000
vt 0.4750 0.5000
vt 0.5000 0.5000
vt 0.5250 0.5000
vt 0.5500 0.5000
vt 0.5750 0.5000
vt 0.6000 0.5000
vt 0.6250 0.5000
vt 0.6500 0.5000
vt 0.6750 0.5000
vt 0.7000 0.5000
vt 0.7250 0.5000
vt 0.7500 0.5000
vt 0.7750 0.5000
vt 0.8000 0.5000
vt 0.8250 0.5000
vt 0.8500 0.5000
vt 0.8750 0.5000
vt 0.9000 0.5000
vt 0.9250 0.5000
vt 0.9500 0.5000
vt 0.9750 0.5000
vt 1.0000 0.5000
vt 0.0000 0.5333
vt 0.0250 0.5333
vt 0.0500 0.5333
vt 0.0750 0.5333
vt 0.1000 0.5333
vt 0.1250 0.5333
vt 0.1500 0.5333
vt 0.1750 0.5333
vt 0.2000 0.5333
vt 0.2250 0.5333
vt 0.2500 0.5333
vt 0.2750 0.5333
vt 0.3000 0.5333
vt 0.3250 0.5333
vt 0.3500 0.5333
vt 0.3750 0.5333
vt 0.4000 0.5333
vt 0.4250 0.5333
vt 0.4500 0.5333
vt 0.4750 0.5333
vt 0.5000 0.5333
vt 0.5250 0.5333
vt 0.5500 0.5333
vt 0.5750 0.5333
vt 0.6000 0.5333
vt 0.6250 0.5333
vt 0.6500 0.5333
vt 0.6750 0.5333
vt 0.7000 0.5333
vt 0.7250 0.5333
vt 0.7500 0.5333
vt 0.7750 0.5333
vt 0.8000 0.5333
vt 0.8250 0.5333
vt 0.8500 0.5333
vt 0.8750 0.5333
vt 0.9000 0.5333
vt 0.9250 0.5333
vt 0.9500 0.5333
vt 0.9750 0.5333
vt 1.0000 0.5333
vt 0.0000 0.5667
vt 0.0250 0.5667
vt 0.0500 0.5667
vt 0.0750 0.5667
vt 0.1000 0.5667
vt 0.1250 0.5667
vt 0.1500 0.5667
vt 0.1750 0.5667
vt 0.2000 0.5667
vt 0.2250 0.5667
vt 0.2500 0.5667
vt 0.2750 0.5667
vt 0.3000 0.5667
vt 0.3250 0.5667
vt 0.3500 0.5667
vt 0.3750 0.5667
vt 0.4000 0.5667
vt 0.4250 0.5667
vt 0.4500 0.5667
vt 0.4750 0.5667
vt 0.5000 0.5667
vt 0.5250 0.5667
vt 0.5500 0.5667
vt 0.5750 0.5667
vt 0.6000 0.5667
vt 0.6250 0.5667
vt 0.6500 0.5667
vt 0.6750 0.5667
vt 0.7000 0.5667
vt 0.7250 0.5667
vt 0.7500 0.5667
vt 0.7750 0.5667
vt 0.8000 0.5667
vt 0.8250 0.5667
vt 0.8500 0.5667
vt 0.8750 0.5667
vt 0.9000 0.5667
vt 0.9250 0.5667
vt 0.9500 0.5667
vt 0.9750 0.5667
vt 1.0000 0.5667
vt 0.0000 0.6000
vt 0.0250 0.6000
vt 0.0500 0.6000
vt 0.0750 0.6000
vt 0.1000 0.6000
vt 0.1250 0.6000
vt 0.1500 0.6000
vt 0.1750 0.6000
vt 0.2000 0.6000
vt 0.2250 0.6000
vt 0.2500 0.6000
vt 0.2750 0.6000
vt 0.3000 0.6000
vt 0.3250 0.6000
vt 0.3500 0.6000
vt 0.3750 0.6000
vt 0.4000 0.6000
vt 0.4250 0.6000
vt 0.4500 0.6000
vt 0.4750 0.6000
vt 0.5000 0.6000
vt 0.5250 0.6000
vt 0.5500 0.6000
vt 0.5750 0.6000
vt 0.6000 0.6000
vt 0.6250 0.6000
vt 0.6500 0.6000
vt 0.6750 0.6000
vt 0.7000 0.6000
vt 0.7250 0.6000
vt 0.7500 0.6000
vt 0.7750 0.6000
vt 0.8000 0.6000
vt 0.8250 0.6000
vt 0.8500 0.6000
vt 0.8750 0.6000
vt 0.9000 0.6000
vt 0.9250 0.6000
vt 0.9500 0.6000
vt 0.9750 0.6000
vt 1.0000 0.6000
vt 0.0000 0.6333
vt 0.0250 0.6333
vt 0.0500 0.6333
vt 0.0750 0.6333
vt 0.1000 0.6333
vt 0.1250 0.6333
vt 0.1500 0.6333
vt 0.1750 0.6333
vt 0.2000 0.6333
vt 0.2250 0.6333
vt 0.2500 0.6333
vt 0.2750 0.6333
vt 0.3000 0.6333
vt 0.3250 0.6333
vt 0.3500 0.6333
vt 0.3750 0.6333
vt 0.4000 0.6333
vt 0.4250 0.6333
vt 0.4500 0.6333
vt 0.4750 0.6333
vt 0.5000 0.6333
vt 0.5250 0.6333
vt 0.5500 0.6333
vt 0.5750 0.6333
vt 0.6000 0.6333
vt 0.6250 0.6333
vt 0.6500 0.6333
vt 0.6750 0.6333
vt 0.7000 0.6333
vt 0.7250 0.6333
vt 0.7500 0.6333
vt 0.7750 0.6333
vt 0.8000 0.6333
vt 0.8250 0.6333
vt 0.8500 0.6333
vt 0.8750 0.6333
vt 0.9000 0.6333
vt 0.9250 0.6333
vt 0.9500 0.6333
vt 0.9750 0.6333
vt 1.0000 0.6333
vt 0.0000 0.6667
vt 0.0250 0.6667
vt 0.0500 0.6667
vt 0.0750 0.6667
vt 0.1000 0.6667
vt 0.1250 0.6667
vt 0.1500 0.6667
vt 0.1750 0.6667
vt 0.2000 0.6667
vt 0.2250 0.6667
vt 0.2500 0.6667
vt 0.2750 0.6667
vt 0.3000 0.6667
vt 0.3250 0.6667
vt 0.3500 0.6667
vt 0.3750 0.6667
vt 0.4000 0.6667
vt 0.4250 0.6667
vt 0.4500 0.6667
vt 0.4750 0.6667
vt 0.5000 0.6667
vt 0.5250 0.6667
vt 0.5500 0.6667
vt 0.5750 0.6667
vt 0.6000 0.6667
vt 0.6250 0.6667
vt 0.6500 0.6667
vt 0.6750 0.6667
vt 0.7000 0.6667
vt 0.7250 0.6667
vt 0.7500 0.6667
vt 0.7750 0.6667
vt 0.8000 0.6667
vt 0.8250 0.6667
vt 0.8500 0.6667
vt 0.8750 0.6667
vt 0.9000 0.6667
vt 0.9250 0.6667
vt 0.9500 0.6667
vt 0.9750 0.6667
vt 1.0000 0.6667
vt 0.0000 0.7000
vt 0.0250 0.7000
vt 0.0500 0.7000
vt 0.0750 0.7000
vt 0.1000 0.7000
vt 0.1250 0.7000
vt 0.1500 0.7000
vt 0.1750 0.7000
vt 0.2000 0.7000
vt 0.2250 0.7000
vt 0.2500 0.7000
vt 0.2750 0.7000
vt 0.3000 0.7000
vt 0.3250 0.7000
vt 0.3500 0.7000
vt 0.3750 0.7000
vt 0.4000 0.7000
vt 0.4250 0.7000
vt 0.4500 0.7000
vt 0.4750 0.7000
vt 0.5000 0.7000
vt 0.5250 0.7000
vt 0.5500 0.7000
vt 0.5750 0.7000
vt 0.6000 0.7000
vt 0.6250 0.7000
vt 0.6500 0.7000
vt 0.6750 0.7000
vt 0.7000 0.7000
vt 0.7250 0.7000
vt 0.7500 0.7000
vt 0.7750 0.7000
vt 0.8000 0.7000
vt 0.8250 0.7000
vt 0.8500 0.7000
vt 0.8750 0.7000
vt 0.9000 0.7000
vt 0.9250 0.7000
vt 0.9500 0.7000
vt 0.9750 0.7000
vt 1.0000 0.7000
vt 0.0000 0.7333
vt 0.0250 0.7333
vt 0.0500 0.7333
vt 0.0750 0.7333
vt 0.1000 0.7333
vt 0.1250 0.7333
vt 0.1500 0.7333
vt 0.1750 0.7333
vt 0.2000 0.7333
vt 0.2250 0.7333
vt 0.2500 0.7333
vt 0.2750 0.7333
vt 0.3000 0.7333
vt 0.3250 0.7333
vt 0.3500 0.7333
vt 0.3750 0.7333
vt 0.4000 0.7333
vt 0.4250 0.7333
vt 0.4500 0.7333
vt 0.4750 0.7333
vt 0.5000 0.7333
vt 0.5250 0.7333
vt 0.5500 0.7333
vt 0.5750 0.7333
vt 0.6000 0.7333
vt 0.6250 0.7333
vt 0.6500 0.7333
vt 0.6750 0.7333
vt 0.7000 0.7333
vt 0.7250 0.7333
vt 0.7500 0.7333
vt 0.7750 0.7333
vt 0.8000 0.7333
vt 0.8250 0.7333
vt 0.8500 0.7333
vt 0.8750 0.7333
vt 0.9000 0.7333
vt 0.9250 0.7333
vt 0.9500 0.7333
vt 0.9750 0.7333
vt 1.0000 0.7333
vt 0.0000 0.7667
vt 0.0250 0.7667
vt 0.0500 0.7667
vt 0.0750 0.7667
vt 0.1000 0.7667
vt 0.1250 0.7667
vt 0.1500 0.7667
vt 0.1750 0.7667
vt 0.2000 0.7667
vt 0.2250 0.7667
vt 0.2500 0.7667
vt 0.2750 0.7667
vt 0.3000 0.7667
vt 0.3250 0.7667
vt 0.3500 0.7667
vt 0.3750 0.7667
vt 0.4000 0.7667
vt 0.4250 0.7667
vt 0.4500 0.7667
vt 0.4750 0.7667
vt 0.5000 0.7667
vt 0.5250 0.7667
vt 0.5500 0.7667
vt 0.5750 0.7667
vt 0.6000 0.7667
vt 0.6250 0.7667
vt 0.6500 0.7667
vt 0.6750 0.7667
vt 0.7000 0.7667
vt 0.7250 0.7667
vt 0.7500 0.7667
vt 0.7750 0.7667
vt 0.8000 0.7667
vt 0.8250 0.7667
vt 0.8500 0.7667
vt 0.8750 0.7667
vt 0.9000 0.7667
vt 0.9250 0.7667
vt 0.9500 0.7667
vt 0.9750 0.7667
vt 1.0000 0.7667
vt 0.0000 0.8000
vt 0.0250 0.8000
vt 0.0500 0.8000
vt 0.0750 0.8000
vt 0.1000 0.8000
vt 0.1250 0.8000
vt 0.1500 0.8000
vt 0.1750 0.8000
vt 0.2000 0.8000
vt 0.2250 0.8000
vt 0.2500 0.8000
vt 0.2750 0.8000
vt 0.3000 0.8000
vt 0.3250 0.8000
vt 0.3500 0.8000
vt 0.3750 0.8000
vt 0.4000 0.8000
vt 0.4250 0.8000
vt 0.4500 0.8000
vt 0.4750 0.8000
vt 0.5000 0.8000
vt 0.5250 0.8000
vt 0.5500 0.8000
vt 0.5750 0.8000
vt 0.6000 0.8000
vt 0.6250 0.8000
vt 0.6500 0.8000
vt 0.6750 0.8000
vt 0.7000 0.8000
vt 0.7250 0.8000
vt 0.7500 0.8000
vt 0.7750 0.8000
vt 0.8000 0.8000
vt 0.8250 0.8000
vt 0.8500 0.8000
vt 0.8750 0.8000
vt 0.9000 0.8000
vt 0.9250 0.8000
vt 0.9500 0.8000
vt 0.9750 0.8000
vt 1.0000 0.8000
vt 0.0000 0.8333
vt 0.0250 0.8333
vt 0.0500 0.8333
vt 0.0750 0.8333
vt 0.1000 0.8333
vt 0.1250 0.8333
vt 0.1500 0.8333
vt 0.1750 0.8333
vt 0.2000 0.8333
vt 0.2250 0.8333
vt 0.2500 0.8333
vt 0.2750 0.8333
vt 0.3000 0.8333
vt 0.3250 0.8333
vt 0.3500 0.8333
vt 0.3750 0.8333
vt 0.4000 0.8333
vt 0.4250 0.8333
vt 0.4500 0.8333
vt 0.4750 0.8333
vt 0.5000 0.8333
vt 0.5250 0.8333
vt 0.5500 0.8333
vt 0.5750 0.8333
vt 0.6000 0.8333
vt 0.6250 0.8333
vt 0.6500 0.8333
vt 0.6750 0.8333
vt 0.7000 0.8333
vt 0.7250 0.8333
vt 0.7500 0.8333
vt 0.7750 0.8333
vt 0.8000 0.8333
vt 0.8250 0.8333
vt 0.8500 0.8333
vt 0.8750 0.8333
vt 0.9000 0.8333
vt 0.9250 0.8333
vt 0.9500 0.8333
vt 0.9750 0.8333
vt 1.0000 0.8333
vt 0.0000 0.8667
vt 0.0250 0.8667
vt 0.0500 0.8667
vt 0.0750 0.8667
vt 0.1000 0.8667
vt 0.1250 0.8667
vt 0.1500 0.8667
vt 0.1750 0.8667
vt 0.2000 0.8667
vt 0.2250 0.8667
vt 0.2500 0.8667
vt 0.2750 0.8667
vt 0.3000 0.8667
vt 0.3250 0.8667
vt 0.3500 0.8667
vt 0.3750 0.8667
vt 0.4000 0.8667
vt 0.4250 0.8667
vt 0.4500 0.8667
vt 0.4750 0.8667
vt 0.5000 0.8667
vt 0.5250 0.8667
vt 0.5500 0.8667
vt 0.5750 0.8667
vt 0.6000 0.8667
vt 0.6250 0.8667
vt 0.6500 0.8667
vt 0.6750 0.8667
vt 0.7000 0.8667
vt 0.7250 0.8667
vt 0.7500 0.8667
vt 0.7750 0.8667
vt 0.8000 0.8667
vt 0.8250 0.8667
vt 0.8500 0.8667
vt 0.8750 0.8667
vt 0.9000 0.8667
vt 0.9250 0.8667
vt 0.9500 0.8667
vt 0.9750 0.8667
vt 1.0000 0.8667
vt 0.0000 0.9000
vt 0.0250 0.9000
vt 0.0500 0.9000
vt 0.0750 0.9000
vt 0.1000 0.9000
vt 0.1250 0.9000
vt 0.1500 0.9000
vt 0.1750 0.9000
vt 0.2000 0.9000
vt 0.2250 0.9000
vt 0.2500 0.9000
vt 0.2750 0.9000
vt 0.3000 0.9000
vt 0.3250 0.9000
vt 0.3500 0.9000
vt 0.3750 0.9000
vt 0.4000 0.9000
vt 0.4250 0.9000
vt 0.4500 0.9000
vt 0.4750 0.9000
vt 0.5000 0.9000
vt 0.5250 0.9000
vt 0.5500 0.9000
vt 0.5750 0.9000
vt 0.6000 0.9000
vt 0.6250 0.9000
vt 0.6500 0.9000
vt 0.6750 0.9000
vt 0.7000 0.9000
vt 0.7250 0.9000
vt 0.7500 0.9000
vt 0.7750 0.9000
vt 0.8000 0.9000
vt 0.8250 0.9000
vt 0.8500 0.9000
vt 0.8750 0.9000
vt 0.9000 0.9000
vt 0.9250 0.9000
vt 0.9500 0.9000
vt 0.9750 0.9000
vt 1.0000 0.9000
vt 0.0000 0.9333
vt 0.0250 0.9333
vt 0.0500 0.9333
vt 0.0750 0.9333
vt 0.1000 0.9333
vt 0.1250 0.9333
vt 0.1500 0.9333
vt 0.1750 0.9333
vt 0.2000 0.9333
vt 0.2250 0.9333
vt 0.2500 0.9333
vt 0.2750 0.9333
vt 0.3000 0.9333
vt 0.3250 0.9333
vt 0.3500 0.9333
vt 0.3750 0.9333
vt 0.4000 0.9333
vt 0.4250 0.9333
vt 0.4500 0.9333
vt 0.4750 0.9333
vt 0.5000 0.9333
vt 0.5250 0.9333
vt 0.5500 0.9333
vt 0.5750 0.9333
vt 0.6000 0.9333
vt 0.6250 0.9333
vt 0.6500 0.9333
vt 0.6750 0.9333
vt 0.7000 0.9333
vt 0.7250 0.9333
vt 0.7500 0.9333
vt 0.7750 0.9333
vt 0.8000 0.9333
vt 0.8250 0.9333
vt 0.8500 0.9333
vt 0.8750 0.9333
vt 0.9000 0.9333
vt 0.9250 0.9333
vt 0.9500 0.9333
vt 0.9750 0.9333
vt 1.0000 0.9333
vt 0.0000 0.9667
vt 0.0250 0.9667
vt 0.0500 0.9667
vt 0.0750 0.9667
vt 0.1000 0.9667
vt 0.1250 0.9667
vt 0.1500 0.9667
vt 0.1750 0.9667
vt 0.2000 0.9667
vt 0.2250 0.9667
vt 0.2500 0.9667
vt 0.2750 0.9667
vt 0.3000 0.9667
vt 0.3250 0.9667
vt 0.3500 0.9667
vt 0.3750 0.9667
vt 0.4000 0.9667
vt 0.4250 0.9667
vt 0.4500 0.9667
vt 0.4750 0.9667
vt 0.5000 0.9667
vt 0.5250 0.9667
vt 0.5500 0.9667
vt 0.5750 0.9667
vt 0.6000 0.9667
vt 0.6250 0.9667
vt 0.6500 0.9667
vt 0.6750 0.9667
vt 0.7000 0.9667
vt 0.7250 0.9667
vt 0.7500 0.9667
vt 0.7750 0.9667
vt 0.8000 0.9667
vt 0.8250 0.9667
vt 0.8500 0.9667
vt 0.8750 0.9667
vt 0.9000 0.9667
vt 0.9250 0.9667
vt 0.9500 0.9667
vt 0.9750 0.9667
vt 1.0000 0.9667
vt 0.0000 1.0000
vt 0.0250 1.0000
vt 0.0500 1.0000
vt 0.0750 1.0000
vt 0.1000 1.0000
vt 0.1250 1.0000
vt 0.1500 1.0000
vt 0.1750 1.0000
vt 0.2000 1.0000
vt 0.2250 1.0000
vt 0.2500 1.0000
vt 0.2750 1.0000
vt 0.3000 1.0000
vt 0.3250 1.0000
vt 0.3500 1.0000
vt 0.3750 1.0000
vt 0.4000 1.0000
vt 0.4250 1.0000
vt 0.4500 1.0000
vt 0.4750 1.0000
vt 0.5000 1.0000
vt 0.5250 1.0000
vt 0.5500 1.0000
vt 0.5750 1.0000
vt 0.6000 1.0000
vt 0.6250 1.0000
vt 0.6500 1.0000
vt 0.6750 1.0000
vt 0.7000 1.0000
vt 0.7250 1.0000
vt 0.7500 1.0000
vt 0.7750 1.0000
vt 0.8000 1.0000
vt 0.8250 1.0000
vt 0.8500 1.0000
vt 0.8750 1.0000
vt 0.9000 1.0000
vt 0.9250 1.0000
vt 0.9500 1.0000
vt 0.9750 1.0000
vt 1.0000 1.0000
vt 0.0000 0.0000
vt 1.0000 0.0000
vt 1.0000 1.0000
vt 0.0000 1.0000
vt 0.0000 0.0000
vt 1.0000 0.0000
vt 1.0000 1.0000
vt 0.0000 1.0000
vt 0.0000 0.0000
vt 1.0000 0.0000
vt 1.0000 1.0000
vt 0.0000 1.0000
vt 0.0000 0.0000
vt 1.0000 0.0000
vt 1.0000 1.0000
vt 0.0000 1.0000
vt 0.0000 0.0000
vt 1.0000 0.0000
vt 1.0000 1.0000
vt 0.0000 1.0000
vt 0.0000 0.0000
vt 1.0000 0.0000
vt 1.0000 1.0000
vt 0.0000 1.0000
vt 0.0000 0.0000
vt 1.0000 0.0000
vt 1.0000 1.0000
vt 0.0000 1.0000
vt 0.0000 0.0000
vt 1.0000 0.0000
vt 1.0000 1.0000
vt 0.0000 1.0000
vt 0.0000 0.0000
vt 1.0000 0.0000
vt 1.0000 1.0000
vt 0.0000 1.0000
vt 0.0000 0.0000
vt 1.0000 0.0000
vt 1.0000 1.0000
vt 0.0000 1.0000
vt 0.0000 0.0000
vt 1.0000 0.0000
vt 1.0000 1.0000
vt 0.0000 1.0000
vt 0.0000 0.0000
vt 1.0000 0.0000
vt 1.0000 1.0000
vt 0.0000 1.0000
vt 0.0000 0.0000
vt 1.0000 0.0000
vt 1.0000 1.0000
vt 0.0000 1.0000
vt 0.0000 0.0000
vt 1.0000 0.0000
vt 1.0000 1.0000
vt 0.0000 1.0000
vt 0.0000 0.0000
vt 1.0000 0.0000
vt 1.0000 1.0000
vt 0.0000 1.0000
vt 0.0000 0.0000
vt 1.0000 0.0000
vt 1.0000 1.0000
vt 0.0000 1.0000
vt 0.0000 0.0000
vt 1.0000 0.0000
vt 1.0000 1.0000
vt 0.0000 1.0000
vt 0.0000 0.0000
vt 1.0000 0.0000
vt 1.0000 1.0000
vt 0.0000 1.0000
vt 0.0000 0.0000
vt 1.0000 0.0000
vt 1.0000 1.0000
vt 0.0000 1.0000
vt 0.0000 0.0000
vt 1.0000 0.0000
vt 1.0000 1.0000
vt 0.0000 1.0000
vt 0.0000 0.0000
vt 1.0000 0.0000
vt 1.0000 1.0000
vt 0.0000 1.0000
vt 0.0000 0.0000
vt 1.0000 0.0000
vt 1.0000 1.0000
vt 0.0000 1.0000
vt 0.0000 0.0000
vt 1.0000 0.0000
vt 1.0000 1.0000
vt 0.0000 1.0000
vt 0.0000 0.0000
vt 1.0000 0.0000
vt 1.0000 1.0000
vt 0.0000 1.0000
vt 0.0000 0.0000
vt 1.0000 0.0000
vt 1.0000 1.0000
vt 0.0000 1.0000
vt 0.0000 0.0000
vt 1.0000 0.0000
vt 1.0000 1.0000
vt 0.0000 1.0000
vt 0.0000 0.0000
vt 1.0000 0.0000
vt 1.0000 1.0000
vt 0.0000 1.0000
vt 0.0000 0.0000
vt 1.0000 0.0000
vt 1.0000 1.0000
vt 0.0000 1.0000
vt 0.0000 0.0000
vt 1.0000 0.0000
vt 1.0000 1.0000
vt 0.0000 1.0000
vt 0.0000 0.0000
vt 1.0000 0.0000
vt 1.0000 1.0000
vt 0.0000 1.0000
vn 0.0000 1.0000 0.0000
vn 0.0000 1.0000 0.0000
vn 0.0000 1.0000 0.0000
vn 0.0000 1.0000 0.0000
vn 0.0000 1.0000 0.0000
vn 0.0000 1.0000 0.0000
vn 0.0000 1.0000 0.0000
vn 0.0000 1.0000 0.0000
vn 0.0000 1.0000 0.0000
vn 0.0000 1.0000 0.0000
vn 0.0000 1.0000 0.0000
vn -0.0000 1.0000 0.0000
vn -0.0000 1.0000 0.0000
vn -0.0000 1.0000 0.0000
vn -0.0000 1.0000 0.0000
vn -0.0000 1.0000 0.0000
vn -0.0000 1.0000 0.0000
vn -0.0000 1.0000 0.0000
vn -0.0000 1.0000 0.0000
vn -0.0000 1.0000 0.0000
vn -0.0000 1.0000 0.0000
vn -0.0000 1.0000 -0.0000
vn -0.0000 1.0000 -0.0000
vn -0.0000 1.0000 -0.0000
vn -0.0000 1.0000 -0.0000
vn -0.0000 1.0000 -0.0000
vn -0.0000 1.0000 -0.0000
vn -0.0000 1.0000 -0.0000
vn -0.0000 1.0000 -0.0000
vn -0.0000 1.0000 -0.0000
vn -0.0000 1.0000 -0.0000
vn 0.0000 1.0000 -0.0000
vn 0.0000 1.0000 -0.0000
vn 0.0000 1.0000 -0.0000
vn 0.0000 1.0000 -0.0000
vn 0.0000 1.0000 -0.0000
vn 0.0000 1.0000 -0.0000
vn 0.0000 1.0000 -0.0000
vn 0.0000 1.0000 -0.0000
vn 0.0000 1.0000 -0.0000
vn 0.0000 1.0000 -0.0000
vn 0.0263 0.9997 0.0000
vn 0.0259 0.9995 0.0164
vn 0.0250 0.9992 0.0325
vn 0.0234 0.9986 0.0476
vn 0.0212 0.9979 0.0616
vn 0.0185 0.9971 0.0741
vn 0.0154 0.9963 0.0847
vn 0.0119 0.9956 0.0932
vn 0.0081 0.9950 0.0995
vn 0.0041 0.9946 0.1033
vn 0.0000 0.9945 0.1045
vn -0.0041 0.9946 0.1033
vn -0.0081 0.9950 0.0995
vn -0.0119 0.9956 0.0932
vn -0.0154 0.9963 0.0847
vn -0.0185 0.9971 0.0741
vn -0.0212 0.9979 0.0616
vn -0.0234 0.9986 0.0476
vn -0.0250 0.9992 0.0325
vn -0.0259 0.9995 0.0164
vn -0.0263 0.9997 0.0000
vn -0.0259 0.9995 -0.0164
vn -0.0250 0.9992 -0.0325
vn -0.0234 0.9986 -0.0476
vn -0.0212 0.9979 -0.0616
vn -0.0185 0.9971 -0.0741
vn -0.0154 0.9963 -0.0847
vn -0.0119 0.9956 -0.0932
vn -0.0081 0.9950 -0.0995
vn -0.0041 0.9946 -0.1033
vn -0.0000 0.9945 -0.1045
vn 0.0041 0.9946 -0.1033
vn 0.0081 0.9950 -0.0995
vn 0.0119 0.9956 -0.0932
vn 0.0154 0.9963 -0.0847
vn 0.0185 0.9971 -0.0741
vn 0.0212 0.9979 -0.0616
vn 0.0234 0.9986 -0.0476
vn 0.0250 0.9992 -0.0325
vn 0.0259 0.9995 -0.0164
vn 0.0263 0.9997 -0.0000
vn 0.0531 0.9986 0.0000
vn 0.0524 0.9981 0.0332
vn 0.0504 0.9966 0.0655
vn 0.0471 0.9943 0.0959
vn 0.0426 0.9914 0.1239
vn 0.0371 0.9882 0.1485
vn 0.0308 0.9851 0.1694
vn 0.0237 0.9823 0.1860
vn 0.0161 0.9800 0.1981
vn 0.0081 0.9786 0.2055
vn 0.0000 0.9781 0.2079
vn -0.0081 0.9786 0.2055
vn -0.0161 0.9800 0.1981
vn -0.0237 0.9823 0.1860
vn -0.0308 0.9851 0.1694
vn -0.0371 0.9882 0.1485
vn -0.0426 0.9914 0.1239
vn -0.0471 0.9943 0.0959
vn -0.0504 0.9966 0.0655
vn -0.0524 0.9981 0.0332
vn -0.0531 0.9986 0.0000
vn -0.0524 0.9981 -0.0332
vn -0.0504 0.9966 -0.0655
vn -0.0471 0.9943 -0.0959
vn -0.0426 0.9914 -0.1239
vn -0.0371 0.9882 -0.1485
vn -0.0308 0.9851 -0.1694
vn -0.0237 0.9823 -0.1860
vn -0.0161 0.9800 -0.1981
vn -0.0081 0.9786 -0.2055
vn -0.0000 0.9781 -0.2079
vn 0.0081 0.9786 -0.2055
vn 0.0161 0.9800 -0.1981
vn 0.0237 0.9823 -0.1860
vn 0.0308 0.9851 -0.1694
vn 0.0371 0.9882 -0.1485
vn 0.0426 0.9914 -0.1239
vn 0.0471 0.9943 -0.0959
vn 0.0504 0.9966 -0.0655
vn 0.0524 0.9981 -0.0332
vn 0.0531 0.9986 -0.0000
vn 0.0810 0.9967 0.0000
vn 0.0799 0.9955 0.0506
vn 0.0766 0.9921 0.0996
vn 0.0714 0.9868 0.1456
vn 0.0644 0.9802 0.1872
vn 0.0559 0.9731 0.2236
vn 0.0461 0.9661 0.2540
vn 0.0354 0.9600 0.2779
vn 0.0240 0.9551 0.2952
vn 0.0121 0.9521 0.3055
vn 0.0000 0.9511 0.3090
vn -0.0121 0.9521 0.3055
vn -0.0240 0.9551 0.2952
vn -0.0354 0.9600 0.2779
vn -0.0461 0.9661 0.2540
vn -0.0559 0.9731 0.2236
vn -0.0644 0.9802 0.1872
vn -0.0714 0.9868 0.1456
vn -0.0766 0.9921 0.0996
vn -0.0799 0.9955 0.0506
vn -0.0810 0.9967 0.0000
vn -0.0799 0.9955 -0.0506
vn -0.0766 0.9921 -0.0996
vn -0.0714 0.9868 -0.1456
vn -0.0644 0.9802 -0.1872
vn -0.0559 0.9731 -0.2236
vn -0.0461 0.9661 -0.2540
vn -0.0354 0.9600 -0.2779
vn -0.0240 0.9551 -0.2952
vn -0.0121 0.9521 -0.3055
vn -0.0000 0.9511 -0.3090
vn 0.0121 0.9521 -0.3055
vn 0.0240 0.9551 -0.2952
vn 0.0354 0.9600 -0.2779
vn 0.0461 0.9661 -0.2540
vn 0.0559 0.9731 -0.2236
vn 0.0644 0.9802 -0.1872
vn 0.0714 0.9868 -0.1456
vn 0.0766 0.9921 -0.0996
vn 0.0799 0.9955 -0.0506
vn 0.0810 0.9967 -0.0000
vn 0.1106 0.9939 0.0000
vn 0.1090 0.9916 0.0691
vn 0.1043 0.9853 0.1356
vn 0.0968 0.9756 0.1972
vn 0.0868 0.9638 0.2522
vn 0.0749 0.9512 0.2995
vn 0.0614 0.9391 0.3382
vn 0.0469 0.9285 0.3683
vn 0.0317 0.9204 0.3897
vn 0.0159 0.9153 0.4025
vn 0.0000 0.9135 0.4067
vn -0.0159 0.9153 0.4025
vn -0.0317 0.9204 0.3897
vn -0.0469 0.9285 0.3683
vn -0.0614 0.9391 0.3382
vn -0.0749 0.9512 0.2995
vn -0.0868 0.9638 0.2522
vn -0.0968 0.9756 0.1972
vn -0.1043 0.9853 0.1356
vn -0.1090 0.9916 0.0691
vn -0.1106 0.9939 0.0000
vn -0.1090 0.9916 -0.0691
vn -0.1043 0.9853 -0.1356
vn -0.0968 0.9756 -0.1972
vn -0.0868 0.9638 -0.2522
vn -0.0749 0.9512 -0.2995
vn -0.0614 0.9391 -0.3382
vn -0.0469 0.9285 -0.3683
vn -0.0317 0.9204 -0.3897
vn -0.0159 0.9153 -0.4025
vn -0.0000 0.9135 -0.4067
vn 0.0159 0.9153 -0.4025
vn 0.0317 0.9204 -0.3897
vn 0.0469 0.9285 -0.3683
vn 0.0614 0.9391 -0.3382
vn 0.0749 0.9512 -0.2995
vn 0.0868 0.9638 -0.2522
vn 0.0968 0.9756 -0.1972
vn 0.1043 0.9853 -0.1356
vn 0.1090 0.9916 -0.0691
vn 0.1106 0.9939 -0.0000
vn 0.1429 0.9897 0.0000
vn 0.1406 0.9861 0.0891
vn 0.1339 0.9756 0.1741
vn 0.1235 0.9599 0.2516
vn 0.1099 0.9412 0.3194
vn 0.0941 0.9217 0.3763
vn 0.0766 0.9034 0.4220
vn 0.0582 0.8877 0.4567
vn 0.0391 0.8759 0.4809
vn 0.0196 0.8685 0.4953
vn 0.0000 0.8660 0.5000
vn -0.0196 0.8685 0.4953
vn -0.0391 0.8759 0.4809
vn -0.0582 0.8877 0.4567
vn -0.0766 0.9034 0.4220
vn -0.0941 0.9217 0.3763
vn -0.1099 0.9412 0.3194
vn -0.1235 0.9599 0.2516
vn -0.1339 0.9756 0.1741
vn -0.1406 0.9861 0.0891
vn -0.1429 0.9897 0.0000
vn -0.1406 0.9861 -0.0891
vn -0.1339 0.9756 -0.1741
vn -0.1235 0.9599 -0.2516
vn -0.1099 0.9412 -0.3194
vn -0.0941 0.9217 -0.3763
vn -0.0766 0.9034 -0.4220
vn -0.0582 0.8877 -0.4567
vn -0.0391 0.8759 -0.4809
vn -0.0196 0.8685 -0.4953
vn -0.0000 0.8660 -0.5000
vn 0.0196 0.8685 -0.4953
vn 0.0391 0.8759 -0.4809
vn 0.0582 0.8877 -0.4567
vn 0.0766 0.9034 -0.4220
vn 0.0941 0.9217 -0.3763
vn 0.1099 0.9412 -0.3194
vn 0.1235 0.9599 -0.2516
vn 0.1339 0.9756 -0.1741
vn 0.1406 0.9861 -0.0891
vn 0.1429 0.9897 -0.0000
vn 0.1787 0.9839 0.0000
vn 0.1755 0.9782 0.1112
vn 0.1662 0.9621 0.2160
vn 0.1519 0.9387 0.3096
vn 0.1339 0.9114 0.3892
vn 0.1135 0.8837 0.4540
vn 0.0917 0.8585 0.5046
vn 0.0691 0.8375 0.5421
vn 0.0461 0.8218 0.5679
vn 0.0231 0.8122 0.5829
vn 0.0000 0.8090 0.5878
vn -0.0231 0.8122 0.5829
vn -0.0461 0.8218 0.5679
vn -0.0691 0.8375 0.5421
vn -0.0917 0.8585 0.5046
vn -0.1135 0.8837 0.4540
vn -0.1339 0.9114 0.3892
vn -0.1519 0.9387 0.3096
vn -0.1662 0.9621 0.2160
vn -0.1755 0.9782 0.1112
vn -0.1787 0.9839 0.0000
vn -0.1755 0.9782 -0.1112
vn -0.1662 0.9621 -0.2160
vn -0.1519 0.9387 -0.3096
vn -0.1339 0.9114 -0.3892
vn -0.1135 0.8837 -0.4540
vn -0.0917 0.8585 -0.5046
vn -0.0691 0.8375 -0.5421
vn -0.0461 0.8218 -0.5679
vn -0.0231 0.8122 -0.5829
vn -0.0000 0.8090 -0.5878
vn 0.0231 0.8122 -0.5829
vn 0.0461 0.8218 -0.5679
vn 0.0691 0.8375 -0.5421
vn 0.0917 0.8585 -0.5046
vn 0.1135 0.8837 -0.4540
vn 0.1339 0.9114 -0.3892
vn 0.1519 0.9387 -0.3096
vn 0.1662 0.9621 -0.2160
vn 0.1755 0.9782 -0.1112
vn 0.1787 0.9839 -0.0000
vn 0.2196 0.9756 0.0000
vn 0.2150 0.9671 0.1362
vn 0.2020 0.9435 0.2625
vn 0.1825 0.9101 0.3720
vn 0.1589 0.8726 0.4618
vn 0.1331 0.8360 0.5323
vn 0.1063 0.8037 0.5855
vn 0.0795 0.7775 0.6238
vn 0.0528 0.7585 0.6495
vn 0.0263 0.7470 0.6643
vn 0.0000 0.7431 0.6691
vn -0.0263 0.7470 0.6643
vn -0.0528 0.7585 0.6495
vn -0.0795 0.7775 0.6238
vn -0.1063 0.8037 0.5855
vn -0.1331 0.8360 0.5323
vn -0.1589 0.8726 0.4618
vn -0.1825 0.9101 0.3720
vn -0.2020 0.9435 0.2625
vn -0.2150 0.9671 0.1362
vn -0.2196 0.9756 0.0000
vn -0.2150 0.9671 -0.1362
vn -0.2020 0.9435 -0.2625
vn -0.1825 0.9101 -0.3720
vn -0.1589 0.8726 -0.4618
vn -0.1331 0.8360 -0.5323
vn -0.1063 0.8037 -0.5855
vn -0.0795 0.7775 -0.6238
vn -0.0528 0.7585 -0.6495
vn -0.0263 0.7470 -0.6643
vn -0.0000 0.7431 -0.6691
vn 0.0263 0.7470 -0.6643
vn 0.0528 0.7585 -0.6495
vn 0.0795 0.7775 -0.6238
vn 0.1063 0.8037 -0.5855
vn 0.1331 0.8360 -0.5323
vn 0.1589 0.8726 -0.4618
vn 0.1825 0.9101 -0.3720
vn 0.2020 0.9435 -0.2625
vn 0.2150 0.9671 -0.1362
vn 0.2196 0.9756 -0.0000
vn 0.2675 0.9635 0.0000
vn 0.2608 0.9511 0.1652
vn 0.2423 0.9177 0.3149
vn 0.2157 0.8719 0.4396
vn 0.1849 0.8229 0.5372
vn 0.1526 0.7773 0.6104
vn 0.1205 0.7384 0.6635
vn 0.0892 0.7080 0.7006
vn 0.0589 0.6863 0.7249
vn 0.0292 0.6734 0.7387
vn 0.0000 0.6691 0.7431
vn -0.0292 0.6734 0.7387
vn -0.0589 0.6863 0.7249
vn -0.0892 0.7080 0.7006
vn -0.1205 0.7384 0.6635
vn -0.1526 0.7773 0.6104
vn -0.1849 0.8229 0.5372
vn -0.2157 0.8719 0.4396
vn -0.2423 0.9177 0.3149
vn -0.2608 0.9511 0.1652
vn -0.2675 0.9635 0.0000
vn -0.2608 0.9511 -0.1652
vn -0.2423 0.9177 -0.3149
vn -0.2157 0.8719 -0.4396
vn -0.1849 0.8229 -0.5372
vn -0.1526 0.7773 -0.6104
vn -0.1205 0.7384 -0.6635
vn -0.0892 0.7080 -0.7006
vn -0.0589 0.6863 -0.7249
vn -0.0292 0.6734 -0.7387
vn -0.0000 0.6691 -0.7431
vn 0.0292 0.6734 -0.7387
vn 0.0589 0.6863 -0.7249
vn 0.0892 0.7080 -0.7006
vn 0.1205 0.7384 -0.6635
vn 0.1526 0.7773 -0.6104
vn 0.1849 0.8229 -0.5372
vn 0.2157 0.8719 -0.4396
vn 0.2423 0.9177 -0.3149
vn 0.2608 0.9511 -0.1652
vn 0.2675 0.9635 -0.0000
vn 0.3254 0.9456 0.0000
vn 0.3153 0.9277 0.1998
vn 0.2884 0.8811 0.3748
vn 0.2516 0.8208 0.5129
vn 0.2115 0.7598 0.6147
vn 0.1718 0.7060 0.6871
vn 0.1339 0.6621 0.7373
vn 0.0982 0.6289 0.7713
vn 0.0644 0.6058 0.7930
vn 0.0319 0.5922 0.8051
vn 0.0000 0.5878 0.8090
vn -0.0319 0.5922 0.8051
vn -0.0644 0.6058 0.7930
vn -0.0982 0.6289 0.7713
vn -0.1339 0.6621 0.7373
vn -0.1718 0.7060 0.6871
vn -0.2115 0.7598 0.6147
vn -0.2516 0.8208 0.5129
vn -0.2884 0.8811 0.3748
vn -0.3153 0.9277 0.1998
vn -0.3254 0.9456 0.0000
vn -0.3153 0.9277 -0.1998
vn -0.2884 0.8811 -0.3748
vn -0.2516 0.8208 -0.5129
vn -0.2115 0.7598 -0.6147
vn -0.1718 0.7060 -0.6871
vn -0.1339 0.6621 -0.7373
vn -0.0982 0.6289 -0.7713
vn -0.0644 0.6058 -0.7930
vn -0.0319 0.5922 -0.8051
vn -0.0000 0.5878 -0.8090
vn 0.0319 0.5922 -0.8051
vn 0.0644 0.6058 -0.7930
vn 0.0982 0.6289 -0.7713
vn 0.1339 0.6621 -0.7373
vn 0.1718 0.7060 -0.6871
vn 0.2115 0.7598 -0.6147
vn 0.2516 0.8208 -0.5129
vn 0.2884 0.8811 -0.3748
vn 0.3153 0.9277 -0.1998
vn 0.3254 0.9456 -0.0000
vn 0.3974 0.9177 0.0000
vn 0.3816 0.8922 0.2417
vn 0.3413 0.8287 0.4436
vn 0.2902 0.7522 0.5915
vn 0.2384 0.6805 0.6928
vn 0.1901 0.6209 0.7605
vn 0.1463 0.5746 0.8052
vn 0.1063 0.5407 0.8345
vn 0.0693 0.5177 0.8528
vn 0.0342 0.5044 0.8628
vn 0.0000 0.5000 0.8660
vn -0.0342 0.5044 0.8628
vn -0.0693 0.5177 0.8528
vn -0.1063 0.5407 0.8345
vn -0.1463 0.5746 0.8052
vn -0.1901 0.6209 0.7605
vn -0.2384 0.6805 0.6928
vn -0.2902 0.7522 0.5915
vn -0.3413 0.8287 0.4436
vn -0.3816 0.8922 0.2417
vn -0.3974 0.9177 0.0000
vn -0.3816 0.8922 -0.2417
vn -0.3413 0.8287 -0.4436
vn -0.2902 0.7522 -0.5915
vn -0.2384 0.6805 -0.6928
vn -0.1901 0.6209 -0.7605
vn -0.1463 0.5746 -0.8052
vn -0.1063 0.5407 -0.8345
vn -0.0693 0.5177 -0.8528
vn -0.0342 0.5044 -0.8628
vn -0.0000 0.5000 -0.8660
vn 0.0342 0.5044 -0.8628
vn 0.0693 0.5177 -0.8528
vn 0.1063 0.5407 -0.8345
vn 0.1463 0.5746 -0.8052
vn 0.1901 0.6209 -0.7605
vn 0.2384 0.6805 -0.6928
vn 0.2902 0.7522 -0.5915
vn 0.3413 0.8287 -0.4436
vn 0.3816 0.8922 -0.2417
vn 0.3974 0.9177 -0.0000
vn 0.4896 0.8719 0.0000
vn 0.4636 0.8359 0.2937
vn 0.4018 0.7523 0.5221
vn 0.3306 0.6608 0.6738
vn 0.2645 0.5823 0.7687
vn 0.2070 0.5213 0.8279
vn 0.1572 0.4762 0.8652
vn 0.1132 0.4441 0.8888
vn 0.0734 0.4228 0.9032
vn 0.0361 0.4107 0.9111
vn 0.0000 0.4067 0.9135
vn -0.0361 0.4107 0.9111
vn -0.0734 0.4228 0.9032
vn -0.1132 0.4441 0.8888
vn -0.1572 0.4762 0.8652
vn -0.2070 0.5213 0.8279
vn -0.2645 0.5823 0.7687
vn -0.3306 0.6608 0.6738
vn -0.4018 0.7523 0.5221
vn -0.4636 0.8359 0.2937
vn -0.4896 0.8719 0.0000
vn -0.4636 0.8359 -0.2937
vn -0.4018 0.7523 -0.5221
vn -0.3306 0.6608 -0.6738
vn -0.2645 0.5823 -0.7687
vn -0.2070 0.5213 -0.8279
vn -0.1572 0.4762 -0.8652
vn -0.1132 0.4441 -0.8888
vn -0.0734 0.4228 -0.9032
vn -0.0361 0.4107 -0.9111
vn -0.0000 0.4067 -0.9135
vn 0.0361 0.4107 -0.9111
vn 0.0734 0.4228 -0.9032
vn 0.1132 0.4441 -0.8888
vn 0.1572 0.4762 -0.8652
vn 0.2070 0.5213 -0.8279
vn 0.2645 0.5823 -0.7687
vn 0.3306 0.6608 -0.6738
vn 0.4018 0.7523 -0.5221
vn 0.4636 0.8359 -0.2937
vn 0.4896 0.8719 -0.0000
vn 0.6098 0.7926 0.0000
vn 0.5650 0.7434 0.3579
vn 0.4685 0.6402 0.6089
vn 0.3706 0.5406 0.7553
vn 0.2884 0.4632 0.8380
vn 0.2215 0.4072 0.8861
vn 0.1662 0.3675 0.9150
vn 0.1188 0.3402 0.9328
vn 0.0766 0.3223 0.9435
vn 0.0376 0.3123 0.9492
vn 0.0000 0.3090 0.9511
vn -0.0376 0.3123 0.9492
vn -0.0766 0.3223 0.9435
vn -0.1188 0.3402 0.9328
vn -0.1662 0.3675 0.9150
vn -0.2215 0.4072 0.8861
vn -0.2884 0.4632 0.8380
vn -0.3706 0.5406 0.7553
vn -0.4685 0.6402 0.6089
vn -0.5650 0.7434 0.3579
vn -0.6098 0.7926 0.0000
vn -0.5650 0.7434 -0.3579
vn -0.4685 0.6402 -0.6089
vn -0.3706 0.5406 -0.7553
vn -0.2884 0.4632 -0.8380
vn -0.2215 0.4072 -0.8861
vn -0.1662 0.3675 -0.9150
vn -0.1188 0.3402 -0.9328
vn -0.0766 0.3223 -0.9435
vn -0.0376 0.3123 -0.9492
vn -0.0000 0.3090 -0.9511
vn 0.0376 0.3123 -0.9492
vn 0.0766 0.3223 -0.9435
vn 0.1188 0.3402 -0.9328
vn 0.1662 0.3675 -0.9150
vn 0.2215 0.4072 -0.8861
vn 0.2884 0.4632 -0.8380
vn 0.3706 0.5406 -0.7553
vn 0.4685 0.6402 -0.6089
vn 0.5650 0.7434 -0.3579
vn 0.6098 0.7926 -0.0000
vn 0.7619 0.6477 0.0000
vn 0.6832 0.5881 0.4328
vn 0.5354 0.4786 0.6959
vn 0.4061 0.3875 0.8276
vn 0.3079 0.3236 0.8947
vn 0.2328 0.2800 0.9313
vn 0.1730 0.2503 0.9526
vn 0.1230 0.2303 0.9653
vn 0.0790 0.2174 0.9729
vn 0.0387 0.2102 0.9769
vn 0.0000 0.2079 0.9781
vn -0.0387 0.2102 0.9769
vn -0.0790 0.2174 0.9729
vn -0.1230 0.2303 0.9653
vn -0.1730 0.2503 0.9526
vn -0.2328 0.2800 0.9313
vn -0.3079 0.3236 0.8947
vn -0.4061 0.3875 0.8276
vn -0.5354 0.4786 0.6959
vn -0.6832 0.5881 0.4328
vn -0.7619 0.6477 0.0000
vn -0.6832 0.5881 -0.4328
vn -0.5354 0.4786 -0.6959
vn -0.4061 0.3875 -0.8276
vn -0.3079 0.3236 -0.8947
vn -0.2328 0.2800 -0.9313
vn -0.1730 0.2503 -0.9526
vn -0.1230 0.2303 -0.9653
vn -0.0790 0.2174 -0.9729
vn -0.0387 0.2102 -0.9769
vn -0.0000 0.2079 -0.9781
vn 0.0387 0.2102 -0.9769
vn 0.0790 0.2174 -0.9729
vn 0.1230 0.2303 -0.9653
vn 0.1730 0.2503 -0.9526
vn 0.2328 0.2800 -0.9313
vn 0.3079 0.3236 -0.8947
vn 0.4061 0.3875 -0.8276
vn 0.5354 0.4786 -0.6959
vn 0.6832 0.5881 -0.4328
vn 0.7619 0.6477 -0.0000
vn 0.9218 0.3876 0.0000
vn 0.7949 0.3384 0.5036
vn 0.5888 0.2603 0.7652
vn 0.4313 0.2035 0.8790
vn 0.3208 0.1667 0.9324
vn 0.2401 0.1427 0.9602
vn 0.1773 0.1268 0.9760
vn 0.1255 0.1162 0.9853
vn 0.0805 0.1095 0.9907
vn 0.0393 0.1057 0.9936
vn 0.0000 0.1045 0.9945
vn -0.0393 0.1057 0.9936
vn -0.0805 0.1095 0.9907
vn -0.1255 0.1162 0.9853
vn -0.1773 0.1268 0.9760
vn -0.2401 0.1427 0.9602
vn -0.3208 0.1667 0.9324
vn -0.4313 0.2035 0.8790
vn -0.5888 0.2603 0.7652
vn -0.7949 0.3384 0.5036
vn -0.9218 0.3876 0.0000
vn -0.7949 0.3384 -0.5036
vn -0.5888 0.2603 -0.7652
vn -0.4313 0.2035 -0.8790
vn -0.3208 0.1667 -0.9324
vn -0.2401 0.1427 -0.9602
vn -0.1773 0.1268 -0.9760
vn -0.1255 0.1162 -0.9853
vn -0.0805 0.1095 -0.9907
vn -0.0393 0.1057 -0.9936
vn -0.0000 0.1045 -0.9945
vn 0.0393 0.1057 -0.9936
vn 0.0805 0.1095 -0.9907
vn 0.1255 0.1162 -0.9853
vn 0.1773 0.1268 -0.9760
vn 0.2401 0.1427 -0.9602
vn 0.3208 0.1667 -0.9324
vn 0.4313 0.2035 -0.8790
vn 0.5888 0.2603 -0.7652
vn 0.7949 0.3384 -0.5036
vn 0.9218 0.3876 -0.0000
vn 1.0000 0.0000 0.0000
vn 0.8447 0.0000 0.5352
vn 0.6098 0.0000 0.7926
vn 0.4405 0.0000 0.8978
vn 0.3254 0.0000 0.9456
vn 0.2425 0.0000 0.9701
vn 0.1787 0.0000 0.9839
vn 0.1264 0.0000 0.9920
vn 0.0810 0.0000 0.9967
vn 0.0396 0.0000 0.9992
vn 0.0000 0.0000 1.0000
vn -0.0396 0.0000 0.9992
vn -0.0810 0.0000 0.9967
vn -0.1264 0.0000 0.9920
vn -0.1787 0.0000 0.9839
vn -0.2425 0.0000 0.9701
vn -0.3254 0.0000 0.9456
vn -0.4405 0.0000 0.8978
vn -0.6098 0.0000 0.7926
vn -0.8447 0.0000 0.5352
vn -1.0000 0.0000 0.0000
vn -0.8447 0.0000 -0.5352
vn -0.6098 0.0000 -0.7926
vn -0.4405 0.0000 -0.8978
vn -0.3254 0.0000 -0.9456
vn -0.2425 0.0000 -0.9701
vn -0.1787 0.0000 -0.9839
vn -0.1264 0.0000 -0.9920
vn -0.0810 0.0000 -0.9967
vn -0.0396 0.0000 -0.9992
vn -0.0000 0.0000 -1.0000
vn 0.0396 0.0000 -0.9992
vn 0.0810 0.0000 -0.9967
vn 0.1264 0.0000 -0.9920
vn 0.1787 0.0000 -0.9839
vn 0.2425 0.0000 -0.9701
vn 0.3254 0.0000 -0.9456
vn 0.4405 0.0000 -0.8978
vn 0.6098 0.0000 -0.7926
vn 0.8447 0.0000 -0.5352
vn 1.0000 0.0000 -0.0000
vn 0.9218 -0.3876 0.0000
vn 0.7949 -0.3384 0.5036
vn 0.5888 -0.2603 0.7652
vn 0.4313 -0.2035 0.8790
vn 0.3208 -0.1667 0.9324
vn 0.2401 -0.1427 0.9602
vn 0.1773 -0.1268 0.9760
vn 0.1255 -0.1162 0.9853
vn 0.0805 -0.1095 0.9907
vn 0.0393 -0.1057 0.9936
vn 0.0000 -0.1045 0.9945
vn -0.0393 -0.1057 0.9936
vn -0.0805 -0.1095 0.9907
vn -0.1255 -0.1162 0.9853
vn -0.1773 -0.1268 0.9760
vn -0.2401 -0.1427 0.9602
vn -0.3208 -0.1667 0.9324
vn -0.4313 -0.2035 0.8790
vn -0.5888 -0.2603 0.7652
vn -0.7949 -0.3384 0.5036
vn -0.9218 -0.3876 0.0000
vn -0.7949 -0.3384 -0.5036
vn -0.5888 -0.2603 -0.7652
vn -0.4313 -0.2035 -0.8790
vn -0.3208 -0.1667 -0.9324
vn -0.2401 -0.1427 -0.9602
vn -0.1773 -0.1268 -0.9760
vn -0.1255 -0.1162 -0.9853
vn -0.0805 -0.1095 -0.9907
vn -0.0393 -0.1057 -0.9936
vn -0.0000 -0.1045 -0.9945
vn 0.0393 -0.1057 -0.9936
vn 0.0805 -0.1095 -0.9907
vn 0.1255 -0.1162 -0.9853
vn 0.1773 -0.1268 -0.9760
vn 0.2401 -0.1427 -0.9602
vn 0.3208 -0.1667 -0.9324
vn 0.4313 -0.2035 -0.8790
vn 0.5888 -0.2603 -0.7652
vn 0.7949 -0.3384 -0.5036
vn 0.9218 -0.3876 -0.0000
vn 0.7619 -0.6477 0.0000
vn 0.6832 -0.5881 0.4328
vn 0.5354 -0.4786 0.6959
vn 0.4061 -0.3875 0.8276
vn 0.3079 -0.3236 0.8947
vn 0.2328 -0.2800 0.9313
vn 0.1730 -0.2503 0.9526
vn 0.1230 -0.2303 0.9653
vn 0.0790 -0.2174 0.9729
vn 0.0387 -0.2102 0.9769
vn 0.0000 -0.2079 0.9781
vn -0.0387 -0.2102 0.9769
vn -0.0790 -0.2174 0.9729
vn -0.1230 -0.2303 0.9653
vn -0.1730 -0.2503 0.9526
vn -0.2328 -0.2800 0.9313
vn -0.3079 -0.3236 0.8947
vn -0.4061 -0.3875 0.8276
vn -0.5354 -0.4786 0.6959
vn -0.6832 -0.5881 0.4328
vn -0.7619 -0.6477 0.0000
vn -0.6832 -0.5881 -0.4328
vn -0.5354 -0.4786 -0.6959
vn -0.4061 -0.3875 -0.8276
vn -0.3079 -0.3236 -0.8947
vn -0.2328 -0.2800 -0.9313
vn -0.1730 -0.2503 -0.9526
vn -0.1230 -0.2303 -0.9653
vn -0.0790 -0.2174 -0.9729
vn -0.0387 -0.2102 -0.9769
vn -0.0000 -0.2079 -0.9781
vn 0.0387 -0.2102 -0.9769
vn 0.0790 -0.2174 -0.9729
vn 0.1230 -0.2303 -0.9653
vn 0.1730 -0.2503 -0.9526
vn 0.2328 -0.2800 -0.9313
vn 0.3079 -0.3236 -0.8947
vn 0.4061 -0.3875 -0.8276
vn 0.5354 -0.4786 -0.6959
vn 0.6832 -0.5881 -0.4328
vn 0.7619 -0.6477 -0.0000
vn 0.6098 -0.7926 0.0000
vn 0.5650 -0.7434 0.3579
vn 0.4685 -0.6402 0.6089
vn 0.3706 -0.5406 0.7553
vn 0.2884 -0.4632 0.8380
vn 0.2215 -0.4072 0.8861
vn 0.1662 -0.3675 0.9150
vn 0.1188 -0.3402 0.9328
vn 0.0766 -0.3223 0.9435
vn 0.0376 -0.3123 0.9492
vn 0.0000 -0.3090 0.9511
vn -0.0376 -0.3123 0.9492
vn -0.0766 -0.3223 0.9435
vn -0.1188 -0.3402 0.9328
vn -0.1662 -0.3675 0.9150
vn -0.2215 -0.4072 0.8861
vn -0.2884 -0.4632 0.8380
vn -0.3706 -0.5406 0.7553
vn -0.4685 -0.6402 0.6089
vn -0.5650 -0.7434 0.3579
vn -0.6098 -0.7926 0.0000
vn -0.5650 -0.7434 -0.3579
vn -0.4685 -0.6402 -0.6089
vn -0.3706 -0.5406 -0.7553
vn -0.2884 -0.4632 -0.8380
vn -0.2215 -0.4072 -0.8861
vn -0.1662 -0.3675 -0.9150
vn -0.1188 -0.3402 -0.9328
vn -0.0766 -0.3223 -0.9435
vn -0.0376 -0.3123 -0.9492
vn -0.0000 -0.3090 -0.9511
vn 0.0376 -0.3123 -0.9492
vn 0.0766 -0.3223 -0.9435
vn 0.1188 -0.3402 -0.9328
vn 0.1662 -0.3675 -0.9150
vn 0.2215 -0.4072 -0.8861
vn 0.2884 -0.4632 -0.8380
vn 0.3706 -0.5406 -0.7553
vn 0.4685 -0.6402 -0.6089
vn 0.5650 -0.7434 -0.3579
vn 0.6098 -0.7926 -0.0000
vn 0.4896 -0.8719 0.0000
vn 0.4636 -0.8359 0.2937
vn 0.4018 -0.7523 0.5221
vn 0.3306 -0.6608 0.6738
vn 0.2645 -0.5823 0.7687
vn 0.2070 -0.5213 0.8279
vn 0.1572 -0.4762 0.8652
vn 0.1132 -0.4441 0.8888
vn 0.0734 -0.4228 0.9032
vn 0.0361 -0.4107 0.9111
vn 0.0000 -0.4067 0.9135
vn -0.0361 -0.4107 0.9111
vn -0.0734 -0.4228 0.9032
vn -0.1132 -0.4441 0.8888
vn -0.1572 -0.4762 0.8652
vn -0.2070 -0.5213 0.8279
vn -0.2645 -0.5823 0.7687
vn -0.3306 -0.6608 0.6738
vn -0.4018 -0.7523 0.5221
vn -0.4636 -0.8359 0.2937
vn -0.4896 -0.8719 0.0000
vn -0.4636 -0.8359 -0.2937
vn -0.4018 -0.7523 -0.5221
vn -0.3306 -0.6608 -0.6738
vn -0.2645 -0.5823 -0.7687
vn -0.2070 -0.5213 -0.8279
vn -0.1572 -0.4762 -0.8652
vn -0.1132 -0.4441 -0.8888
vn -0.0734 -0.4228 -0.9032
vn -0.0361 -0.4107 -0.9111
vn -0.0000 -0.4067 -0.9135
vn 0.0361 -0.4107 -0.9111
vn 0.0734 -0.4228 -0.9032
vn 0.1132 -0.4441 -0.8888
vn 0.1572 -0.4762 -0.8652
vn 0.2070 -0.5213 -0.8279
vn 0.2645 -0.5823 -0.7687
vn 0.3306 -0.6608 -0.6738
vn 0.4018 -0.7523 -0.5221
vn 0.4636 -0.8359 -0.2937
vn 0.4896 -0.8719 -0.0000
vn 0.3974 -0.9177 0.0000
vn 0.3816 -0.8922 0.2417
vn 0.3413 -0.8287 0.4436
vn 0.2902 -0.7522 0.5915
vn 0.2384 -0.6805 0.6928
vn 0.1901 -0.6209 0.7605
vn 0.1463 -0.5746 0.8052
vn 0.1063 -0.5407 0.8345
vn 0.0693 -0.5177 0.8528
vn 0.0342 -0.5044 0.8628
vn 0.0000 -0.5000 0.8660
vn -0.0342 -0.5044 0.8628
vn -0.0693 -0.5177 0.8528
vn -0.1063 -0.5407 0.8345
vn -0.1463 -0.5746 0.8052
vn -0.1901 -0.6209 0.7605
vn -0.2384 -0.6805 0.6928
vn -0.2902 -0.7522 0.5915
vn -0.3413 -0.8287 0.4436
vn -0.3816 -0.8922 0.2417
vn -0.3974 -0.9177 0.0000
vn -0.3816 -0.8922 -0.2417
vn -0.3413 -0.8287 -0.4436
vn -0.2902 -0.7522 -0.5915
vn -0.2384 -0.6805 -0.6928
vn -0.1901 -0.6209 -0.7605
vn -0.1463 -0.5746 -0.8052
vn -0.1063 -0.5407 -0.8345
vn -0.0693 -0.5177 -0.8528
vn -0.0342 -0.5044 -0.8628
vn -0.0000 -0.5000 -0.8660
vn 0.0342 -0.5044 -0.8628
vn 0.0693 -0.5177 -0.8528
vn 0.1063 -0.5407 -0.8345
vn 0.1463 -0.5746 -0.8052
vn 0.1901 -0.6209 -0.7605
vn 0.2384 -0.6805 -0.6928
vn 0.2902 -0.7522 -0.5915
vn 0.3413 -0.8287 -0.4436
vn 0.3816 -0.8922 -0.2417
vn 0.3974 -0.9177 -0.0000
vn 0.3254 -0.9456 0.0000
vn 0.3153 -0.9277 0.1998
vn 0.2884 -0.8811 0.3748
vn 0.2516 -0.8208 0.5129
vn 0.2115 -0.7598 0.6147
vn 0.1718 -0.7060 0.6871
vn 0.1339 -0.6621 0.7373
vn 0.0982 -0.6289 0.7713
vn 0.0644 -0.6058 0.7930
vn 0.0319 -0.5922 0.8051
vn 0.0000 -0.5878 0.8090
vn -0.0319 -0.5922 0.8051
vn -0.0644 -0.6058 0.7930
vn -0.0982 -0.6289 0.7713
vn -0.1339 -0.6621 0.7373
vn -0.1718 -0.7060 0.6871
vn -0.2115 -0.7598 0.6147
vn -0.2516 -0.8208 0.5129
vn -0.2884 -0.8811 0.3748
vn -0.3153 -0.9277 0.1998
vn -0.3254 -0.9456 0.0000
vn -0.3153 -0.9277 -0.1998
vn -0.2884 -0.8811 -0.3748
vn -0.2516 -0.8208 -0.5129
vn -0.2115 -0.7598 -0.6147
vn -0.1718 -0.7060 -0.6871
vn -0.1339 -0.6621 -0.7373
vn -0.0982 -0.6289 -0.7713
vn -0.0644 -0.6058 -0.7930
vn -0.0319 -0.5922 -0.8051
vn -0.0000 -0.5878 -0.8090
vn 0.0319 -0.5922 -0.8051
vn 0.0644 -0.6058 -0.7930
vn 0.0982 -0.6289 -0.7713
vn 0.1339 -0.6621 -0.7373
vn 0.1718 -0.7060 -0.6871
vn 0.2115 -0.7598 -0.6147
vn 0.2516 -0.8208 -0.5129
vn 0.2884 -0.8811 -0.3748
vn 0.3153 -0.9277 -0.1998
vn 0.3254 -0.9456 -0.0000
vn 0.2675 -0.9635 0.0000
vn 0.2608 -0.9511 0.1652
vn 0.2423 -0.9177 0.3149
vn 0.2157 -0.8719 0.4396
vn 0.1849 -0.8229 0.5372
vn 0.1526 -0.7773 0.6104
vn 0.1205 -0.7384 0.6635
vn 0.0892 -0.7080 0.7006
vn 0.0589 -0.6863 0.7249
vn 0.0292 -0.6734 0.7387
vn 0.0000 -0.6691 0.7431
vn -0.0292 -0.6734 0.7387
vn -0.0589 -0.6863 0.7249
vn -0.0892 -0.7080 0.7006
vn -0.1205 -0.7384 0.6635
vn -0.1526 -0.7773 0.6104
vn -0.1849 -0.8229 0.5372
vn -0.2157 -0.8719 0.4396
vn -0.2423 -0.9177 0.3149
vn -0.2608 -0.9511 0.1652
vn -0.2675 -0.9635 0.0000
vn -0.2608 -0.9511 -0.1652
vn -0.2423 -0.9177 -0.3149
vn -0.2157 -0.8719 -0.4396
vn -0.1849 -0.8229 -0.5372
vn -0.1526 -0.7773 -0.6104
vn -0.1205 -0.7384 -0.6635
vn -0.0892 -0.7080 -0.7006
vn -0.0589 -0.6863 -0.7249
vn -0.0292 -0.6734 -0.7387
vn -0.0000 -0.6691 -0.7431
vn 0.0292 -0.6734 -0.7387
vn 0.0589 -0.6863 -0.7249
vn 0.0892 -0.7080 -0.7006
vn 0.1205 -0.7384 -0.6635
vn 0.1526 -0.7773 -0.6104
vn 0.1849 -0.8229 -0.5372
vn 0.2157 -0.8719 -0.4396
vn 0.2423 -0.9177 -0.3149
vn 0.2608 -0.9511 -0.1652
vn 0.2675 -0.9635 -0.0000
vn 0.2196 -0.9756 0.0000
vn 0.2150 -0.9671 0.1362
vn 0.2020 -0.9435 0.2625
vn 0.1825 -0.9101 0.3720
vn 0.1589 -0.8726 0.4618
vn 0.1331 -0.8360 0.5323
vn 0.1063 -0.8037 0.5855
vn 0.0795 -0.7775 0.6238
vn 0.0528 -0.7585 0.6495
vn 0.0263 -0.7470 0.6643
vn 0.0000 -0.7431 0.6691
vn -0.0263 -0.7470 0.6643
vn -0.0528 -0.7585 0.6495
vn -0.0795 -0.7775 0.6238
vn -0.1063 -0.8037 0.5855
vn -0.1331 -0.8360 0.5323
vn -0.1589 -0.8726 0.4618
vn -0.1825 -0.9101 0.3720
vn -0.2020 -0.9435 0.2625
vn -0.2150 -0.9671 0.1362
vn -0.2196 -0.9756 0.0000
vn -0.2150 -0.9671 -0.1362
vn -0.2020 -0.9435 -0.2625
vn -0.1825 -0.9101 -0.3720
vn -0.1589 -0.8726 -0.4618
vn -0.1331 -0.8360 -0.5323
vn -0.1063 -0.8037 -0.5855
vn -0.0795 -0.7775 -0.6238
vn -0.0528 -0.7585 -0.6495
vn -0.0263 -0.7470 -0.6643
vn -0.0000 -0.7431 -0.6691
vn 0.0263 -0.7470 -0.6643
vn 0.0528 -0.7585 -0.6495
vn 0.0795 -0.7775 -0.6238
vn 0.1063 -0.8037 -0.5855
vn 0.1331 -0.8360 -0.5323
vn 0.1589 -0.8726 -0.4618
vn 0.1825 -0.9101 -0.3720
vn 0.2020 -0.9435 -0.2625
vn 0.2150 -0.9671 -0.1362
vn 0.2196 -0.9756 -0.0000
vn 0.1787 -0.9839 0.0000
vn 0.1755 -0.9782 0.1112
vn 0.1662 -0.9621 0.2160
vn 0.1519 -0.9387 0.3096
vn 0.1339 -0.9114 0.3892
vn 0.1135 -0.8837 0.4540
vn 0.0917 -0.8585 0.5046
vn 0.0691 -0.8375 0.5421
vn 0.0461 -0.8218 0.5679
vn 0.0231 -0.8122 0.5829
vn 0.0000 -0.8090 0.5878
vn -0.0231 -0.8122 0.5829
vn -0.0461 -0.8218 0.5679
vn -0.0691 -0.8375 0.5421
vn -0.0917 -0.8585 0.5046
vn -0.1135 -0.8837 0.4540
vn -0.1339 -0.9114 0.3892
vn -0.1519 -0.9387 0.3096
vn -0.1662 -0.9621 0.2160
vn -0.1755 -0.9782 0.1112
vn -0.1787 -0.9839 0.0000
vn -0.1755 -0.9782 -0.1112
vn -0.1662 -0.9621 -0.2160
vn -0.1519 -0.9387 -0.3096
vn -0.1339 -0.9114 -0.3892
vn -0.1135 -0.8837 -0.4540
vn -0.0917 -0.8585 -0.5046
vn -0.0691 -0.8375 -0.5421
vn -0.0461 -0.8218 -0.5679
vn -0.0231 -0.8122 -0.5829
vn -0.0000 -0.8090 -0.5878
vn 0.0231 -0.8122 -0.5829
vn 0.0461 -0.8218 -0.5679
vn 0.0691 -0.8375 -0.5421
vn 0.0917 -0.8585 -0.5046
vn 0.1135 -0.8837 -0.4540
vn 0.1339 -0.9114 -0.3892
vn 0.1519 -0.9387 -0.3096
vn 0.1662 -0.9621 -0.2160
vn 0.1755 -0.9782 -0.1112
vn 0.1787 -0.9839 -0.0000
vn 0.1429 -0.9897 0.0000
vn 0.1406 -0.9861 0.0891
vn 0.1339 -0.9756 0.1741
vn 0.1235 -0.9599 0.2516
vn 0.1099 -0.9412 0.3194
vn 0.0941 -0.9217 0.3763
vn 0.0766 -0.9034 0.4220
vn 0.0582 -0.8877 0.4567
vn 0.0391 -0.8759 0.4809
vn 0.0196 -0.8685 0.4953
vn 0.0000 -0.8660 0.5000
vn -0.0196 -0.8685 0.4953
vn -0.0391 -0.8759 0.4809
vn -0.0582 -0.8877 0.4567
vn -0.0766 -0.9034 0.4220
vn -0.0941 -0.9217 0.3763
vn -0.1099 -0.9412 0.3194
vn -0.1235 -0.9599 0.2516
vn -0.1339 -0.9756 0.1741
vn -0.1406 -0.9861 0.0891
vn -0.1429 -0.9897 0.0000
vn -0.1406 -0.9861 -0.0891
vn -0.1339 -0.9756 -0.1741
vn -0.1235 -0.9599 -0.2516
vn -0.1099 -0.9412 -0.3194
vn -0.0941 -0.9217 -0.3763
vn -0.0766 -0.9034 -0.4220
vn -0.0582 -0.8877 -0.4567
vn -0.0391 -0.8759 -0.4809
vn -0.0196 -0.8685 -0.4953
vn -0.0000 -0.8660 -0.5000
vn 0.0196 -0.8685 -0.4953
vn 0.0391 -0.8759 -0.4809
vn 0.0582 -0.8877 -0.4567
vn 0.0766 -0.9034 -0.4220
vn 0.0941 -0.9217 -0.3763
vn 0.1099 -0.9412 -0.3194
vn 0.1235 -0.9599 -0.2516
vn 0.1339 -0.9756 -0.1741
vn 0.1406 -0.9861 -0.0891
vn 0.1429 -0.9897 -0.0000
vn 0.1106 -0.9939 0.0000
vn 0.1090 -0.9916 0.0691
vn 0.1043 -0.9853 0.1356
vn 0.0968 -0.9756 0.1972
vn 0.0868 -0.9638 0.2522
vn 0.0749 -0.9512 0.2995
vn 0.0614 -0.9391 0.3382
vn 0.0469 -0.9285 0.3683
vn 0.0317 -0.9204 0.3897
vn 0.0159 -0.9153 0.4025
vn 0.0000 -0.9135 0.4067
vn -0.0159 -0.9153 0.4025
vn -0.0317 -0.9204 0.3897
vn -0.0469 -0.9285 0.3683
vn -0.0614 -0.9391 0.3382
vn -0.0749 -0.9512 0.2995
vn -0.0868 -0.9638 0.2522
vn -0.0968 -0.9756 0.1972
vn -0.1043 -0.9853 0.1356
vn -0.1090 -0.9916 0.0691
vn -0.1106 -0.9939 0.0000
vn -0.1090 -0.9916 -0.0691
vn -0.1043 -0.9853 -0.1356
vn -0.0968 -0.9756 -0.1972
vn -0.0868 -0.9638 -0.2522
vn -0.0749 -0.9512 -0.2995
vn -0.0614 -0.9391 -0.3382
vn -0.0469 -0.9285 -0.3683
vn -0.0317 -0.9204 -0.3897
vn -0.0159 -0.9153 -0.4025
vn -0.0000 -0.9135 -0.4067
vn 0.0159 -0.9153 -0.4025
vn 0.0317 -0.9204 -0.3897
vn 0.0469 -0.9285 -0.3683
vn 0.0614 -0.9391 -0.3382
vn 0.0749 -0.9512 -0.2995
vn 0.0868 -0.9638 -0.2522
vn 0.0968 -0.9756 -0.1972
vn 0.1043 -0.9853 -0.1356
vn 0.1090 -0.9916 -0.0691
vn 0.1106 -0.9939 -0.0000
vn 0.0810 -0.9967 0.0000
vn 0.0799 -0.9955 0.0506
vn 0.0766 -0.9921 0.0996
vn 0.0714 -0.9868 0.1456
vn 0.0644 -0.9802 0.1872
vn 0.0559 -0.9731 0.2236
vn 0.0461 -0.9661 0.2540
vn 0.0354 -0.9600 0.2779
vn 0.0240 -0.9551 0.2952
vn 0.0121 -0.9521 0.3055
vn 0.0000 -0.9511 0.3090
vn -0.0121 -0.9521 0.3055
vn -0.0240 -0.9551 0.2952
vn -0.0354 -0.9600 0.2779
vn -0.0461 -0.9661 0.2540
vn -0.0559 -0.9731 0.2236
vn -0.0644 -0.9802 0.1872
vn -0.0714 -0.9868 0.1456
vn -0.0766 -0.9921 0.0996
vn -0.0799 -0.9955 0.0506
vn -0.0810 -0.9967 0.0000
vn -0.0799 -0.9955 -0.0506
vn -0.0766 -0.9921 -0.0996
vn -0.0714 -0.9868 -0.1456
vn -0.0644 -0.9802 -0.1872
vn -0.0559 -0.9731 -0.2236
vn -0.0461 -0.9661 -0.2540
vn -0.0354 -0.9600 -0.2779
vn -0.0240 -0.9551 -0.2952
vn -0.0121 -0.9521 -0.3055
vn -0.0000 -0.9511 -0.3090
vn 0.0121 -0.9521 -0.3055
vn 0.0240 -0.9551 -0.2952
vn 0.0354 -0.9600 -0.2779
vn 0.0461 -0.9661 -0.2540
vn 0.0559 -0.9731 -0.2236
vn 0.0644 -0.9802 -0.1872
vn 0.0714 -0.9868 -0.1456
vn 0.0766 -0.9921 -0.0996
vn 0.0799 -0.9955 -0.0506
vn 0.0810 -0.9967 -0.0000
vn 0.0531 -0.9986 0.0000
vn 0.0524 -0.9981 0.0332
vn 0.0504 -0.9966 0.0655
vn 0.0471 -0.9943 0.0959
vn 0.0426 -0.9914 0.1239
vn 0.0371 -0.9882 0.1485
vn 0.0308 -0.9851 0.1694
vn 0.0237 -0.9823 0.1860
vn 0.0161 -0.9800 0.1981
vn 0.0081 -0.9786 0.2055
vn 0.0000 -0.9781 0.2079
vn -0.0081 -0.9786 0.2055
vn -0.0161 -0.9800 0.1981
vn -0.0237 -0.9823 0.1860
vn -0.0308 -0.9851 0.1694
vn -0.0371 -0.9882 0.1485
vn -0.0426 -0.9914 0.1239
vn -0.0471 -0.9943 0.0959
vn -0.0504 -0.9966 0.0655
vn -0.0524 -0.9981 0.0332
vn -0.0531 -0.9986 0.0000
vn -0.0524 -0.9981 -0.0332
vn -0.0504 -0.9966 -0.0655
vn -0.0471 -0.9943 -0.0959
vn -0.0426 -0.9914 -0.1239
vn -0.0371 -0.9882 -0.1485
vn -0.0308 -0.9851 -0.1694
vn -0.0237 -0.9823 -0.1860
vn -0.0161 -0.9800 -0.1981
vn -0.0081 -0.9786 -0.2055
vn -0.0000 -0.9781 -0.2079
vn 0.0081 -0.9786 -0.2055
vn 0.0161 -0.9800 -0.1981
vn 0.0237 -0.9823 -0.1860
vn 0.0308 -0.9851 -0.1694
vn 0.0371 -0.9882 -0.1485
vn 0.0426 -0.9914 -0.1239
vn 0.0471 -0.9943 -0.0959
vn 0.0504 -0.9966 -0.0655
vn 0.0524 -0.9981 -0.0332
vn 0.0531 -0.9986 -0.0000
vn 0.0263 -0.9997 0.0000
vn 0.0259 -0.9995 0.0164
vn 0.0250 -0.9992 0.0325
vn 0.0234 -0.9986 0.0476
vn 0.0212 -0.9979 0.0616
vn 0.0185 -0.9971 0.0741
vn 0.0154 -0.9963 0.0847
vn 0.0119 -0.9956 0.0932
vn 0.0081 -0.9950 0.0995
vn 0.0041 -0.9946 0.1033
vn 0.0000 -0.9945 0.1045
vn -0.0041 -0.9946 0.1033
vn -0.0081 -0.9950 0.0995
vn -0.0119 -0.9956 0.0932
vn -0.0154 -0.9963 0.0847
vn -0.0185 -0.9971 0.0741
vn -0.0212 -0.9979 0.0616
vn -0.0234 -0.9986 0.0476
vn -0.0250 -0.9992 0.0325
vn -0.0259 -0.9995 0.0164
vn -0.0263 -0.9997 0.0000
vn -0.0259 -0.9995 -0.0164
vn -0.0250 -0.9992 -0.0325
vn -0.0234 -0.9986 -0.0476
vn -0.0212 -0.9979 -0.0616
vn -0.0185 -0.9971 -0.0741
vn -0.0154 -0.9963 -0.0847
vn -0.0119 -0.9956 -0.0932
vn -0.0081 -0.9950 -0.0995
vn -0.0041 -0.9946 -0.1033
vn -0.0000 -0.9945 -0.1045
vn 0.0041 -0.9946 -0.1033
vn 0.0081 -0.9950 -0.0995
vn 0.0119 -0.9956 -0.0932
vn 0.0154 -0.9963 -0.0847
vn 0.0185 -0.9971 -0.0741
vn 0.0212 -0.9979 -0.0616
vn 0.0234 -0.9986 -0.0476
vn 0.0250 -0.9992 -0.0325
vn 0.0259 -0.9995 -0.0164
vn 0.0263 -0.9997 -0.0000
vn 0.0000 -1.0000 0.0000
vn 0.0000 -1.0000 0.0000
vn 0.0000 -1.0000 0.0000
vn 0.0000 -1.0000 0.0000
vn 0.0000 -1.0000 0.0000
vn 0.0000 -1.0000 0.0000
vn 0.0000 -1.0000 0.0000
vn 0.0000 -1.0000 0.0000
vn 0.0000 -1.0000 0.0000
vn 0.0000 -1.0000 0.0000
vn 0.0000 -1.0000 0.0000
vn -0.0000 -1.0000 0.0000
vn -0.0000 -1.0000 0.0000
vn -0.0000 -1.0000 0.0000
vn -0.0000 -1.0000 0.0000
vn -0.0000 -1.0000 0.0000
vn -0.0000 -1.0000 0.0000
vn -0.0000 -1.0000 0.0000
vn -0.0000 -1.0000 0.0000
vn -0.0000 -1.0000 0.0000
vn -0.0000 -1.0000 0.0000
vn -0.0000 -1.0000 -0.0000
vn -0.0000 -1.0000 -0.0000
vn -0.0000 -1.0000 -0.0000
vn -0.0000 -1.0000 -0.0000
vn -0.0000 -1.0000 -0.0000
vn -0.0000 -1.0000 -0.0000
vn -0.0000 -1.0000 -0.0000
vn -0.0000 -1.0000 -0.0000
vn -0.0000 -1.0000 -0.0000
vn -0.0000 -1.0000 -0.0000
vn 0.0000 -1.0000 -0.0000
vn 0.0000 -1.0000 -0.0000
vn 0.0000 -1.0000 -0.0000
vn 0.0000 -1.0000 -0.0000
vn 0.0000 -1.0000 -0.0000
vn 0.0000 -1.0000 -0.0000
vn 0.0000 -1.0000 -0.0000
vn 0.0000 -1.0000 -0.0000
vn 0.0000 -1.0000 -0.0000
vn 0.0000 -1.0000 -0.0000
vn 0.0000 0.0000 -1.0000
vn 0.0000 0.0000 -1.0000
vn 0.0000 0.0000 -1.0000
vn 0.0000 0.0000 -1.0000
vn 0.0000 0.0000 1.0000
vn 0.0000 0.0000 1.0000
vn 0.0000 0.0000 1.0000
vn 0.0000 0.0000 1.0000
vn 0.0000 -1.0000 0.0000
vn 0.0000 -1.0000 0.0000
vn 0.0000 -1.0000 0.0000
vn 0.0000 -1.0000 0.0000
vn 0.0000 1.0000 0.0000
vn 0.0000 1.0000 0.0000
vn 0.0000 1.0000 0.0000
vn 0.0000 1.0000 0.0000
vn -1.0000 0.0000 0.0000
vn -1.0000 0.0000 0.0000
vn -1.0000 0.0000 0.0000
vn -1.0000 0.0000 0.0000
vn 1.0000 0.0000 0.0000
vn 1.0000 0.0000 0.0000
vn 1.0000 0.0000 0.0000
vn 1.0000 0.0000 0.0000
vn 0.0000 0.0000 -1.0000
vn 0.0000 0.0000 -1.0000
vn 0.0000 0.0000 -1.0000
vn 0.0000 0.0000 -1.0000
vn 0.0000 0.0000 1.0000
vn 0.0000 0.0000 1.0000
vn 0.0000 0.0000 1.0000
vn 0.0000 0.0000 1.0000
vn 0.0000 -1.0000 0.0000
vn 0.0000 -1.0000 0.0000
vn 0.0000 -1.0000 0.0000
vn 0.0000 -1.0000 0.0000
vn 0.0000 1.0000 0.0000
vn 0.0000 1.0000 0.0000
vn 0.0000 1.0000 0.0000
vn 0.0000 1.0000 0.0000
vn -1.0000 0.0000 0.0000
vn -1.0000 0.0000 0.0000
vn -1.0000 0.0000 0.0000
vn -1.0000 0.0000 0.0000
vn 1.0000 0.0000 0.0000
vn 1.0000 0.0000 0.0000
vn 1.0000 0.0000 0.0000
vn 1.0000 0.0000 0.0000
vn 0.0000 0.0000 -1.0000
vn 0.0000 0.0000 -1.0000
vn 0.0000 0.0000 -1.0000
vn 0.0000 0.0000 -1.0000
vn 0.0000 0.0000 1.0000
vn 0.0000 0.0000 1.0000
vn 0.0000 0.0000 1.0000
vn 0.0000 0.0000 1.0000
vn 0.0000 -1.0000 0.0000
vn 0.0000 -1.0000 0.0000
vn 0.0000 -1.0000 0.0000
vn 0.0000 -1.0000 0.0000
vn 0.0000 1.0000 0.0000
vn 0.0000 1.0000 0.0000
vn 0.0000 1.0000 0.0000
vn 0.0000 1.0000 0.0000
vn -1.0000 0.0000 0.0000
vn -1.0000 0.0000 0.0000
vn -1.0000 0.0000 0.0000
vn -1.0000 0.0000 0.0000
vn 1.0000 0.0000 0.0000
vn 1.0000 0.0000 0.0000
vn 1.0000 0.0000 0.0000
vn 1.0000 0.0000 0.0000
vn 0.0000 0.0000 -1.0000
vn 0.0000 0.0000 -1.0000
vn 0.0000 0.0000 -1.0000
vn 0.0000 0.0000 -1.0000
vn 0.0000 0.0000 1.0000
vn 0.0000 0.0000 1.0000
vn 0.0000 0.0000 1.0000
vn 0.0000 0.0000 1.0000
vn 0.0000 -1.0000 0.0000
vn 0.0000 -1.0000 0.0000
vn 0.0000 -1.0000 0.0000
vn 0.0000 -1.0000 0.0000
vn 0.0000 1.0000 0.0000
vn 0.0000 1.0000 0.0000
vn 0.0000 1.0000 0.0000
vn 0.0000 1.0000 0.0000
vn -1.0000 0.0000 0.0000
vn -1.0000 0.0000 0.0000
vn -1.0000 0.0000 0.0000
vn -1.0000 0.0000 0.0000
vn 1.0000 0.0000 0.0000
vn 1.0000 0.0000 0.0000
vn 1.0000 0.0000 0.0000
vn 1.0000 0.0000 0.0000
vn 0.0000 0.0000 -1.0000
vn 0.0000 0.0000 -1.0000
vn 0.0000 0.0000 -1.0000
vn 0.0000 0.0000 -1.0000
vn 0.0000 0.0000 1.0000
vn 0.0000 0.0000 1.0000
vn 0.0000 0.0000 1.0000
vn 0.0000 0.0000 1.0000
vn 0.0000 -1.0000 0.0000
vn 0.0000 -1.0000 0.0000
vn 0.0000 -1.0000 0.0000
vn 0.0000 -1.0000 0.0000
vn 0.0000 1.0000 0.0000
vn 0.0000 1.0000 0.0000
vn 0.0000 1.0000 0.0000
vn 0.0000 1.0000 0.0000
vn -1.0000 0.0000 0.0000
vn -1.0000 0.0000 0.0000
vn -1.0000 0.0000 0.0000
vn -1.0000 0.0000 0.0000
vn 1.0000 0.0000 0.0000
vn 1.0000 0.0000 0.0000
vn 1.0000 0.0000 0.0000
vn 1.0000 0.0000 0.0000
f 1/1/1 2/2/2 43/43/43
f 1/1/1 43/43/43 42/42/42
f 2/2/2 3/3/3 44/44/44
f 2/2/2 44/44/44 43/43/43
f 3/3/3 4/4/4 45/45/45
f 3/3/3 45/45/45 44/44/44
f 4/4/4 5/5/5 46/46/46
f 4/4/4 46/46/46 45/45/45
f 5/5/5 6/6/6 47/47/47
f 5/5/5 47/47/47 46/46/46
f 6/6/6 7/7/7 48/48/48
f 6/6/6 48/48/48 47/47/47
f 7/7/7 8/8/8 49/49/49
f 7/7/7 49/49/49 48/48/48
f 8/8/8 9/9/9 50/50/50
f 8/8/8 50/50/50 49/49/49
f 9/9/9 10/10/10 51/51/51
f 9/9/9 51/51/51 50/50/50
f 10/10/10 11/11/11 52/52/52
f 10/10/10 52/52/52 51/51/51
f 11/11/11 12/12/12 53/53/53
f 11/11/11 53/53/53 52/52/52
f 12/12/12 13/13/13 54/54/54
f 12/12/12 54/54/54 53/53/53
f 13/13/13 14/14/14 55/55/55
f 13/13/13 55/55/55 54/54/54
f 14/14/14 15/15/15 56/56/56
f 14/14/14 56/56/56 55/55/55
f 15/15/15 16/16/16 57/57/57
f 15/15/15 57/57/57 56/56/56
f 16/16/16 17/17/17 58/58/58
f 16/16/16 58/58/58 57/57/57
f 17/17/17 18/18/18 59/59/59
f 17/17/17 59/59/59 58/58/58
f 18/18/18 19/19/19 60/60/60
f 18/18/18 60/60/60 59/59/59
f 19/19/19 20/20/20 61/61/61
f 19/19/19 61/61/61 60/60/60
f 20/20/20 21/21/21 62/62/62
f 20/20/20 62/62/62 61/61/61
f 21/21/21 22/22/22 63/63/63
f 21/21/21 63/63/63 62/62/62
f 22/22/22 23/23/23 64/64/64
f 22/22/22 64/64/64 63/63/63
f 23/23/23 24/24/24 65/65/65
f 23/23/23 65/65/65 64/64/64
f 24/24/24 25/25/25 66/66/66
f 24/24/24 66/66/66 65/65/65
f 25/25/25 26/26/26 67/67/67
f 25/25/25 67/67/67 66/66/66
f 26/26/26 27/27/27 68/68/68
f 26/26/26 68/68/68 67/67/67
f 27/27/27 28/28/28 69/69/69
f 27/27/27 69/69/69 68/68/68
f 28/28/28 29/29/29 70/70/70
f 28/28/28 70/70/70 69/69/69
f 29/29/29 30/30/30 71/71/71
f 29/29/29 71/71/71 70/70/70
f 30/30/30 31/31/31 72/72/72
f 30/30/30 72/72/72 71/71/71
f 31/31/31 32/32/32 73/73/73
f 31/31/31 73/73/73 72/72/72
f 32/32/32 33/33/33 74/74/74
f 32/32/32 74/74/74 73/73/73
f 33/33/33 34/34/34 75/75/75
f 33/33/33 75/75/75 74/74/74
f 34/34/34 35/35/35 76/76/76
f 34/34/34 76/76/76 75/75/75
f 35/35/35 36/36/36 77/77/77
f 35/35/35 77/77/77 76/76/76
f 36/36/36 37/37/37 78/78/78
f 36/36/36 78/78/78 77/77/77
f 37/37/37 38/38/38 79/79/79
f 37/37/37 79/79/79 78/78/78
f 38/38/38 39/39/39 80/80/80
f 38/38/38 80/80/80 79/79/79
f 39/39/39 40/40/40 81/81/81
f 39/39/39 81/81/81 80/80/80
f 40/40/40 41/41/41 82/82/82
f 40/40/40 82/82/82 81/81/81
f 42/42/42 43/43/43 84/84/84
f 42/42/42 84/84/84 83/83/83
f 43/43/43 44/44/44 85/85/85
f 43/43/43 85/85/85 84/84/84
f 44/44/44 45/45/45 86/86/86
f 44/44/44 86/86/86 85/85/85
f 45/45/45 46/46/46 87/87/87
f 45/45/45 87/87/87 86/86/86
f 46/46/46 47/47/47 88/88/88
f 46/46/46 88/88/88 87/87/87
f 47/47/47 48/48/48 89/89/89
f 47/47/47 89/89/89 88/88/88
f 48/48/48 49/49/49 90/90/90
f 48/48/48 90/90/90 89/89/89
f 49/49/49 50/50/50 91/91/91
f 49/49/49 91/91/91 90/90/90
f 50/50/50 51/51/51 92/92/92
f 50/50/50 92/92/92 91/91/91
f 51/51/51 52/52/52 93/93/93
f 51/51/51 93/93/93 92/92/92
f 52/52/52 53/53/53 94/94/94
f 52/52/52 94/94/94 93/93/93
f 53/53/53 54/54/54 95/95/95
f 53/53/53 95/95/95 94/94/94
f 54/54/54 55/55/55 96/96/96
f 54/54/54 96/96/96 95/95/95
f 55/55/55 56/56/56 97/97/97
f 55/55/55 97/97/97 96/96/96
f 56/56/56 57/57/57 98/98/98
f 56/56/56 98/98/98 97/97/97
f 57/57/57 58/58/58 99/99/99
f 57/57/57 99/99/99 98/98/98
f 58/58/58 59/59/59 100/100/100
f 58/58/58 100/100/100 99/99/99
f 59/59/59 60/60/60 101/101/101
f 59/59/59 101/101/101 100/100/100
f 60/60/60 61/61/61 102/102/102
f 60/60/60 102/102/102 101/101/101
f 61/61/61 62/62/62 103/103/103
f 61/61/61 103/103/103 102/102/102
f 62/62/62 63/63/63 104/104/104
f 62/62/62 104/104/104 103/103/103
f 63/63/63 64/64/64 105/105/105
f 63/63/63 105/105/105 104/104/104
f 64/64/64 65/65/65 106/106/106
f 64/64/64 106/106/106 105/105/105
f 65/65/65 66/66/66 107/107/107
f 65/65/65 107/107/107 106/106/106
f 66/66/66 67/67/67 108/108/108
f 66/66/66 108/108/108 107/107/107
f 67/67/67 68/68/68 109/109/109
f 67/67/67 109/109/109 108/108/108
f 68/68/68 69/69/69 110/110/110
f 68/68/68 110/110/110 109/109/109
f 69/69/69 70/70/70 111/111/111
f 69/69/69 111/111/111 110/110/110
f 70/70/70 71/71/71 112/112/112
f 70/70/70 112/112/112 111/111/111
f 71/71/71 72/72/72 113/113/113
f 71/71/71 113/113/113 112/112/112
f 72/72/72 73/73/73 114/114/114
f 72/72/72 114/114/114 113/113/113
f 73/73/73 74/74/74 115/115/115
f 73/73/73 115/115/115 114/114/114
f 74/74/74 75/75/75 116/116/116
f 74/74/74 116/116/116 115/115/115
f 75/75/75 76/76/76 117/117/117
f 75/75/75 117/117/117 116/116/116
f 76/76/76 77/77/77 118/118/118
f 76/76/76 118/118/118 117/117/117
f 77/77/77 78/78/78 119/119/119
f 77/77/77 119/119/119 118/118/118
f 78/78/78 79/79/79 120/120/120
f 78/78/78 120/120/120 119/119/119
f 79/79/79 80/80/80 121/121/121
f 79/79/79 121/121/121 120/120/120
f 80/80/80 81/81/81 122/122/122
f 80/80/80 122/122/122 121/121/121
f 81/81/81 82/82/82 123/123/123
f 81/81/81 123/123/123 122/122/122
f 83/83/83 84/84/84 125/125/125
f 83/83/83 125/125/125 124/124/124
f 84/84/84 85/85/85 126/126/126
f 84/84/84 126/126/126 125/125/125
f 85/85/85 86/86/86 127/127/127
f 85/85/85 127/127/127 126/126/126
f 86/86/86 87/87/87 128/128/128
f 86/86/86 128/128/128 127/127/127
f 87/87/87 88/88/88 129/129/129
f 87/87/87 129/129/129 128/128/128
f 88/88/88 89/89/89 130/130/130
f 88/88/88 130/130/130 129/129/129
f 89/89/89 90/90/90 131/131/131
f 89/89/89 131/131/131 130/130/130
f 90/90/90 91/91/91 132/132/132
f 90/90/90 132/132/132 131/131/131
f 91/91/91 92/92/92 133/133/133
f 91/91/91 133/133/133 132/132/132
f 92/92/92 93/93/93 134/134/134
f 92/92/92 134/134/134 133/133/133
f 93/93/93 94/94/94 135/135/135
f 93/93/93 135/135/135 134/134/134
f 94/94/94 95/95/95 136/136/136
f 94/94/94 136/136/136 135/135/135
f 95/95/95 96/96/96 137/137/137
f 95/95/95 137/137/137 136/136/136
f 96/96/96 97/97/97 138/138/138
f 96/96/96 138/138/138 137/137/137
f 97/97/97 98/98/98 139/139/139
f 97/97/97 139/139/139 138/138/138
f 98/98/98 99/99/99 140/140/140
f 98/98/98 140/140/140 139/139/139
f 99/99/99 100/100/100 141/141/141
f 99/99/99 141/141/141 140/140/140
f 100/100/100 101/101/101 142/142/142
f 100/100/100 142/142/142 141/141/141
f 101/101/101 102/102/102 143/143/143
f 101/101/101 143/143/143 142/142/142
f 102/102/102 103/103/103 144/144/144
f 102/102/102 144/144/144 143/143/143
f 103/103/103 104/104/104 145/145/145
f 103/103/103 145/145/145 144/144/144
f 104/104/104 105/105/105 146/146/146
f 104/104/104 146/146/146 145/145/145
f 105/105/105 106/106/106 147/147/147
f 105/105/105 147/147/147 146/146/146
f 106/106/106 107/107/107 148/148/148
f 106/106/106 148/148/148 147/147/147
f 107/107/107 108/108/108 149/149/149
f 107/107/107 149/149/149 148/148/148
f 108/108/108 109/109/109 150/150/150
f 108/108/108 150/150/150 149/149/149
f 109/109/109 110/110/110 151/151/151
f 109/109/109 151/151/151 150/150/150
f 110/110/110 111/111/111 152/152/152
f 110/110/110 152/152/152 151/151/151
f 111/111/111 112/112/112 153/153/153
f 111/111/111 153/153/153 152/152/152
f 112/112/112 113/113/113 154/154/154
f 112/112/112 154/154/154 153/153/153
f 113/113/113 114/114/114 155/155/155
f 113/113/113 155/155/155 154/154/154
f 114/114/114 115/115/115 156/156/156
f 114/114/114 156/156/156 155/155/155
f 115/115/115 116/116/116 157/157/157
f 115/115/115 157/157/157 156/156/156
f 116/116/116 117/117/117 158/158/158
f 116/116/116 158/158/158 157/157/157
f 117/117/117 118/118/118 159/159/159
f 117/117/117 159/159/159 158/158/158
f 118/118/118 119/119/119 160/160/160
f 118/118/118 160/160/160 159/159/159
f 119/119/119 120/120/120 161/161/161
f 119/119/119 161/161/161 160/160/160
f 120/120/120 121/121/121 162/162/162
f 120/120/120 162/162/162 161/161/161
f 121/121/121 122/122/122 163/163/163
f 121/121/121 163/163/163 162/162/162
f 122/122/122 123/123/123 164/164/164
f 122/122/122 164/164/164 163/163/163
f 124/124/124 125/125/125 166/166/166
f 124/124/124 166/166/166 165/165/165
f 125/125/125 126/126/126 167/167/167
f 125/125/125 167/167/167 166/166/166
f 126/126/126 127/127/127 168/168/168
f 126/126/126 168/168/168 167/167/167
f 127/127/127 128/128/128 169/169/169
f 127/127/127 169/169/169 168/168/168
f 128/128/128 129/129/129 170/170/170
f 128/128/128 170/170/170 169/169/169
f 129/129/129 130/130/130 171/171/171
f 129/129/129 171/171/171 170/170/170
f 130/130/130 131/131/131 172/172/172
f 130/130/130 172/172/172 171/171/171
f 131/131/131 132/132/132 173/173/173
f 131/131/131 173/173/173 172/172/172
f 132/132/132 133/133/133 174/174/174
f 132/132/132 174/174/174 173/173/173
f 133/133/133 134/134/134 175/175/175
f 133/133/133 175/175/175 174/174/174
f 134/134/134 135/135/135 176/176/176
f 134/134/134 176/176/176 175/175/175
f 135/135/135 136/136/136 177/177/177
f 135/135/135 177/177/177 176/176/176
f 136/136/136 137/137/137 178/178/178
f 136/136/136 178/178/178 177/177/177
f 137/137/137 138/138/138 179/179/179
f 137/137/137 179/179/179 178/178/178
f 138/138/138 139/139/139 180/180/180
f 138/138/138 180/180/180 179/179/179
f 139/139/139 140/140/140 181/181/181
f 139/139/139 181/181/181 180/180/180
f 140/140/140 141/141/141 182/182/182
f 140/140/140 182/182/182 181/181/181
f 141/141/141 142/142/142 183/183/183
f 141/141/141 183/183/183 182/182/182
f 142/142/142 143/143/143 184/184/184
f 142/142/142 184/184/184 183/183/183
f 143/143/143 144/144/144 185/185/185
f 143/143/143 185/185/185 184/184/184
f 144/144/144 145/145/145 186/186/186
f 144/144/144 186/186/186 185/185/185
f 145/145/145 146/146/146 187/187/187
f 145/145/145 187/187/187 186/186/186
f 146/146/146 147/147/147 188/188/188
f 146/146/146 188/188/188 187/187/187
f 147/147/147 148/148/148 189/189/189
f 147/147/147 189/189/189 188/188/188
f 148/148/148 149/149/149 190/190/190
f 148/148/148 190/190/190 189/189/189
f 149/149/149 150/150/150 191/191/191
f 149/149/149 191/191/191 190/190/190
f 150/150/150 151/151/151 192/192/192
f 150/150/150 192/192/192 191/191/191
f 151/151/151 152/152/152 193/193/193
f 151/151/151 193/193/193 192/192/192
f 152/152/152 153/153/153 194/194/194
f 152/152/152 194/194/194 193/193/193
f 153/153/153 154/154/154 195/195/195
f 153/153/153 195/195/195 194/194/194
f 154/154/154 155/155/155 196/196/196
f 154/154/154 196/196/196 195/195/195
f 155/155/155 156/156/156 197/197/197
f 155/155/155 197/197/197 196/196/196
f 156/156/156 157/157/157 198/198/198
f 156/156/156 198/198/198 197/197/197
f 157/157/157 158/158/158 199/199/199
f 157/157/157 199/199/199 198/198/198
f 158/158/158 159/159/159 200/200/200
f 158/158/158 200/200/200 199/199/199
f 159/159/159 160/160/160 201/201/201
f 159/159/159 201/201/201 200/200/200
f 160/160/160 161/161/161 202/202/202
f 160/160/160 202/202/202 201/201/201
f 161/161/161 162/162/162 203/203/203
f 161/161/161 203/203/203 202/202/202
f 162/162/162 163/163/163 204/204/204
f 162/162/162 204/204/204 203/203/203
f 163/163/163 164/164/164 205/205/205
f 163/163/163 205/205/205 204/204/204
f 165/165/165 166/166/166 207/207/207
f 165/165/165 207/207/207 206/206/206
f 166/166/166 167/167/167 208/208/208
f 166/166/166 208/208/208 207/207/207
f 167/167/167 168/168/168 209/209/209
f 167/167/167 209/209/209 208/208/208
f 168/168/168 169/169/169 210/210/210
f 168/168/168 210/210/210 209/209/209
f 169/169/169 170/170/170 211/211/211
f 169/169/169 211/211/211 210/210/210
f 170/170/170 171/171/171 212/212/212
f 170/170/170 212/212/212 211/211/211
f 171/171/171 172/172/172 213/213/213
f 171/171/171 213/213/213 212/212/212
f 172/172/172 173/173/173 214/214/214
f 172/172/172 214/214/214 213/213/213
f 173/173/173 174/174/174 215/215/215
f 173/173/173 215/215/215 214/214/214
f 174/174/174 175/175/175 216/216/216
f 174/174/174 216/216/216 215/215/215
f 175/175/175 176/176/176 217/217/217
f 175/175/175 217/217/217 216/216/216
f 176/176/176 177/177/177 218/218/218
f 176/176/176 218/218/218 217/217/217
f 177/177/177 178/178/178 219/219/219
f 177/177/177 219/219/219 218/218/218
f 178/178/178 179/179/179 220/220/220
f 178/178/178 220/220/220 219/219/219
f 179/179/179 180/180/180 221/221/221
f 179/179/179 221/221/221 220/220/220
f 180/180/180 181/181/181 222/222/222
f 180/180/180 222/222/222 221/221/221
f 181/181/181 182/182/182 223/223/223
f 181/181/181 223/223/223 222/222/222
f 182/182/182 183/183/183 224/224/224
f 182/182/182 224/224/224 223/223/223
f 183/183/183 184/184/184 225/225/225
f 183/183/183 225/225/225 224/224/224
f 184/184/184 185/185/185 226/226/226
f 184/184/184 226/226/226 225/225/225
f 185/185/185 186/186/186 227/227/227
f 185/185/185 227/227/227 226/226/226
f 186/186/186 187/187/187 228/228/228
f 186/186/186 228/228/228 227/227/227
f 187/187/187 188/188/188 229/229/229
f 187/187/187 229/229/229 228/228/228
f 188/188/188 189/189/189 230/230/230
f 188/188/188 230/230/230 229/229/229
f 189/189/189 190/190/190 231/231/231
f 189/189/189 231/231/231 230/230/230
f 190/190/190 191/191/191 232/232/232
f 190/190/190 232/232/232 231/231/231
f 191/191/191 192/192/192 233/233/233
f 191/191/191 233/233/233 232/232/232
f 192/192/192 193/193/193 234/234/234
f 192/192/192 234/234/234 233/233/233
f 193/193/193 194/194/194 235/235/235
f 193/193/193 235/235/235 234/234/234
f 194/194/194 195/195/195 236/236/236
f 194/194/194 236/236/236 235/235/235
f 195/195/195 196/196/196 237/237/237
f 195/195/195 237/237/237 236/236/236
f 196/196/196 197/197/197 238/238/238
f 196/196/196 238/238/238 237/237/237
f 197/197/197 198/198/198 239/239/239
f 197/197/197 239/239/239 238/238/238
f 198/198/198 199/199/199 240/240/240
f 198/198/198 240/240/240 239/239/239
f 199/199/199 200/200/200 241/241/241
f 199/199/199 241/241/241 240/240/240
f 200/200/200 201/201/201 242/242/242
f 200/200/200 242/242/242 241/241/241
f 201/201/201 202/202/202 243/243/243
f 201/201/201 243/243/243 242/242/242
f 202/202/202 203/203/203 244/244/244
f 202/202/202 244/244/244 243/243/243
f 203/203/203 204/204/204 245/245/245
f 203/203/203 245/245/245 244/244/244
f 204/204/204 205/205/205 246/246/246
f 204/204/204 246/246/246 245/245/245
f 206/206/206 207/207/207 248/248/248
f 206/206/206 248/248/248 247/247/247
f 207/207/207 208/208/208 249/249/249
f 207/207/207 249/249/249 248/248/248
f 208/208/208 209/209/209 250/250/250
f 208/208/208 250/250/250 249/249/249
f 209/209/209 210/210/210 251/251/251
f 209/209/209 251/251/251 250/250/250
f 210/210/210 211/211/211 252/252/252
f 210/210/210 252/252/252 251/251/251
f 211/211/211 212/212/212 253/253/253
f 211/211/211 253/253/253 252/252/252
f 212/212/212 213/213/213 254/254/254
f 212/212/212 254/254/254 253/253/253
f 213/213/213 214/214/214 255/255/255
f 213/213/213 255/255/255 254/254/254
f 214/214/214 215/215/215 256/256/256
f 214/214/214 256/256/256 255/255/255
f 215/215/215 216/216/216 257/257/257
f 215/215/215 257/257/257 256/256/256
f 216/216/216 217/217/217 258/258/258
f 216/216/216 258/258/258 257/257/257
f 217/217/217 218/218/218 259/259/259
f 217/217/217 259/259/259 258/258/258
f 218/218/218 219/219/219 260/260/260
f 218/218/218 260/260/260 259/259/259
f 219/219/219 220/220/220 261/261/261
f 219/219/219 261/261/261 260/260/260
f 220/220/220 221/221/221 262/262/262
f 220/220/220 262/262/262 261/261/261
f 221/221/221 222/222/222 263/263/263
f 221/221/221 263/263/263 262/262/262
f 222/222/222 223/223/223 264/264/264
f 222/222/222 264/264/264 263/263/263
f 223/223/223 224/224/224 265/265/265
f 223/223/223 265/265/265 264/264/264
f 224/224/224 225/225/225 266/266/266
f 224/224/224 266/266/266 265/265/265
f 225/225/225 226/226/226 267/267/267
f 225/225/225 267/267/267 266/266/266
f 226/226/226 227/227/227 268/268/268
f 226/226/226 268/268/268 267/267/267
f 227/227/227 228/228/228 269/269/269
f 227/227/227 269/269/269 268/268/268
f 228/228/228 229/229/229 270/270/270
f 228/228/228 270/270/270 269/269/269
f 229/229/229 230/230/230 271/271/271
f 229/229/229 271/271/271 270/270/270
f 230/230/230 231/231/231 272/272/272
f 230/230/230 272/272/272 271/271/271
f 231/231/231 232/232/232 273/273/273
f 231/231/231 273/273/273 272/272/272
f 232/232/232 233/233/233 274/274/274
f 232/232/232 274/274/274 273/273/273
f 233/233/233 234/234/234 275/275/275
f 233/233/233 275/275/275 274/274/274
f 234/234/234 235/235/235 276/276/276
f 234/234/234 276/276/276 275/275/275
f 235/235/235 236/236/236 277/277/277
f 235/235/235 277/277/277 276/276/276
f 236/236/236 237/237/237 278/278/278
f 236/236/236 278/278/278 277/277/277
f 237/237/237 238/238/238 279/279/279
f 237/237/237 279/279/279 278/278/278
f 238/238/238 239/239/239 280/280/280
f 238/238/238 280/280/280 279/279/279
f 239/239/239 240/240/240 281/281/281
f 239/239/239 281/281/281 280/280/280
f 240/240/240 241/241/241 282/282/282
f 240/240/240 282/282/282 281/281/281
f 241/241/241 242/242/242 283/283/283
f 241/241/241 283/283/283 282/282/282
f 242/242/242 243/243/243 284/284/284
f 242/242/242 284/284/284 283/283/283
f 243/243/243 244/244/244 285/285/285
f 243/243/243 285/285/285 284/284/284
f 244/244/244 245/245/245 286/286/286
f 244/244/244 286/286/286 285/285/285
f 245/245/245 246/246/246 287/287/287
f 245/245/245 287/287/287 286/286/286
f 247/247/247 248/248/248 289/289/289
f 247/247/247 289/289/289 288/288/288
f 248/248/248 249/249/249 290/290/290
f 248/248/248 290/290/290 289/289/289
f 249/249/249 250/250/250 291/291/291
f 249/249/249 291/291/291 290/290/290
f 250/250/250 251/251/251 292/292/292
f 250/250/250 292/292/292 291/291/291
f 251/251/251 252/252/252 293/293/293
f 251/251/251 293/293/293 292/292/292
f 252/252/252 253/253/253 294/294/294
f 252/252/252 294/294/294 293/293/293
f 253/253/253 254/254/254 295/295/295
f 253/253/253 295/295/295 294/294/294
f 254/254/254 255/255/255 296/296/296
f 254/254/254 296/296/296 295/295/295
f 255/255/255 256/256/256 297/297/297
f 255/255/255 297/297/297 296/296/296
f 256/256/256 257/257/257 298/298/298
f 256/256/256 298/298/298 297/297/297
f 257/257/257 258/258/258 299/299/299
f 257/257/257 299/299/299 298/298/298
f 258/258/258 259/259/259 300/300/300
f 258/258/258 300/300/300 299/299/299
f 259/259/259 260/260/260 301/301/301
f 259/259/259 301/301/301 300/300/300
f 260/260/260 261/261/261 302/302/302
f 260/260/260 302/302/302 301/301/301
f 261/261/261 262/262/262 303/303/303
f 261/261/261 303/303/303 302/302/302
f 262/262/262 263/263/263 304/304/304
f 262/262/262 304/304/304 303/303/303
f 263/263/263 264/264/264 305/305/305
f 263/263/263 305/305/305 304/304/304
f 264/264/264 265/265/265 306/306/306
f 264/264/264 306/306/306 305/305/305
f 265/265/265 266/266/266 307/307/307
f 265/265/265 307/307/307 306/306/306
f 266/266/266 267/267/267 308/308/308
f 266/266/266 308/308/308 307/307/307
f 267/267/267 268/268/268 309/309/309
f 267/267/267 309/309/309 308/308/308
f 268/268/268 269/269/269 310/310/310
f 268/268/268 310/310/310 309/309/309
f 269/269/269 270/270/270 311/311/311
f 269/269/269 311/311/311 310/310/310
f 270/270/270 271/271/271 312/312/312
f 270/270/270 312/312/312 311/311/311
f 271/271/271 272/272/272 313/313/313
f 271/271/271 313/313/313 312/312/312
f 272/272/272 273/273/273 314/314/314
f 272/272/272 314/314/314 313/313/313
f 273/273/273 274/274/274 315/315/315
f 273/273/273 315/315/315 314/314/314
f 274/274/274 275/275/275 316/316/316
f 274/274/274 316/316/316 315/315/315
f 275/275/275 276/276/276 317/317/317
f 275/275/275 317/317/317 316/316/316
f 276/276/276 277/277/277 318/318/318
f 276/276/276 318/318/318 317/317/317
f 277/277/277 278/278/278 319/319/319
f 277/277/277 319/319/319 318/318/318
f 278/278/278 279/279/279 320/320/320
f 278/278/278 320/320/320 319/319/319
f 279/279/279 280/280/280 321/321/321
f 279/279/279 321/321/321 320/320/320
f 280/280/280 281/281/281 322/322/322
f 280/280/280 322/322/322 321/321/321
f 281/281/281 282/282/282 323/323/323
f 281/281/281 323/323/323 322/322/322
f 282/282/282 283/283/283 324/324/324
f 282/282/282 324/324/324 323/323/323
f 283/283/283 284/284/284 325/325/325
f 283/283/283 325/325/325 324/324/324
f 284/284/284 285/285/285 326/326/326
f 284/284/284 326/326/326 325/325/325
f 285/285/285 286/286/286 327/327/327
f 285/285/285 327/327/327 326/326/326
f 286/286/286 287/287/287 328/328/328
f 286/286/286 328/328/328 327/327/327
f 288/288/288 289/289/289 330/330/330
f 288/288/288 330/330/330 329/329/329
f 289/289/289 290/290/290 331/331/331
f 289/289/289 331/331/331 330/330/330
f 290/290/290 291/291/291 332/332/332
f 290/290/290 332/332/332 331/331/331
f 291/291/291 292/292/292 333/333/333
f 291/291/291 333/333/333 332/332/332
f 292/292/292 293/293/293 334/334/334
f 292/292/292 334/334/334 333/333/333
f 293/293/293 294/294/294 335/335/335
f 293/293/293 335/335/335 334/334/334
f 294/294/294 295/295/295 336/336/336
f 294/294/294 336/336/336 335/335/335
f 295/295/295 296/296/296 337/337/337
f 295/295/295 337/337/337 336/336/336
f 296/296/296 297/297/297 338/338/338
f 296/296/296 338/338/338 337/337/337
f 297/297/297 298/298/298 339/339/339
f 297/297/297 339/339/339 338/338/338
f 298/298/298 299/299/299 340/340/340
f 298/298/298 340/340/340 339/339/339
f 299/299/299 300/300/300 341/341/341
f 299/299/299 341/341/341 340/340/340
f 300/300/300 301/301/301 342/342/342
f 300/300/300 342/342/342 341/341/341
f 301/301/301 302/302/302 343/343/343
f 301/301/301 343/343/343 342/342/342
f 302/302/302 303/303/303 344/344/344
f 302/302/302 344/344/344 343/343/343
f 303/303/303 304/304/304 345/345/345
f 303/303/303 345/345/345 344/344/344
f 304/304/304 305/305/305 346/346/346
f 304/304/304 346/346/346 345/345/345
f 305/305/305 306/306/306 347/347/347
f 305/305/305 347/347/347 346/346/346
f 306/306/306 307/307/307 348/348/348
f 306/306/306 348/348/348 347/347/347
f 307/307/307 308/308/308 349/349/349
f 307/307/307 349/349/349 348/348/348
f 308/308/308 309/309/309 350/350/350
f 308/308/308 350/350/350 349/349/349
f 309/309/309 310/310/310 351/351/351
f 309/309/309 351/351/351 350/350/350
f 310/310/310 311/311/311 352/352/352
f 310/310/310 352/352/352 351/351/351
f 311/311/311 312/312/312 353/353/353
f 311/311/311 353/353/353 352/352/352
f 312/312/312 313/313/313 354/354/354
f 312/312/312 354/354/354 353/353/353
f 313/313/313 314/314/314 355/355/355
f 313/313/313 355/355/355 354/354/354
f 314/314/314 315/315/315 356/356/356
f 314/314/314 356/356/356 355/355/355
f 315/315/315 316/316/316 357/357/357
f 315/315/315 357/357/357 356/356/356
f 316/316/316 317/317/317 358/358/358
f 316/316/316 358/358/358 357/357/357
f 317/317/317 318/318/318 359/359/359
f 317/317/317 359/359/359 358/358/358
f 318/318/318 319/319/319 360/360/360
f 318/318/318 360/360/360 359/359/359
f 319/319/319 320/320/320 361/361/361
f 319/319/319 361/361/361 360/360/360
f 320/320/320 321/321/321 362/362/362
f 320/320/320 362/362/362 361/361/361
f 321/321/321 322/322/322 363/363/363
f 321/321/321 363/363/363 362/362/362
f 322/322/322 323/323/323 364/364/364
f 322/322/322 364/364/364 363/363/363
f 323/323/323 324/324/324 365/365/365
f 323/323/323 365/365/365 364/364/364
f 324/324/324 325/325/325 366/366/366
f 324/324/324 366/366/366 365/365/365
f 325/325/325 326/326/326 367/367/367
f 325/325/325 367/367/367 366/366/366
f 326/326/326 327/327/327 368/368/368
f 326/326/326 368/368/368 367/367/367
f 327/327/327 328/328/328 369/369/369
f 327/327/327 369/369/369 368/368/368
f 329/329/329 330/330/330 371/371/371
f 329/329/329 371/371/371 370/370/370
f 330/330/330 331/331/331 372/372/372
f 330/330/330 372/372/372 371/371/371
f 331/331/331 332/332/332 373/373/373
f 331/331/331 373/373/373 372/372/372
f 332/332/332 333/333/333 374/374/374
f 332/332/332 374/374/374 373/373/373
f 333/333/333 334/334/334 375/375/375
f 333/333/333 375/375/375 374/374/374
f 334/334/334 335/335/335 376/376/376
f 334/334/334 376/376/376 375/375/375
f 335/335/335 336/336/336 377/377/377
f 335/335/335 377/377/377 376/376/376
f 336/336/336 337/337/337 378/378/378
f 336/336/336 378/378/378 377/377/377
f 337/337/337 338/338/338 379/379/379
f 337/337/337 379/379/379 378/378/378
f 338/338/338 339/339/339 380/380/380
f 338/338/338 380/380/380 379/379/379
f 339/339/339 340/340/340 381/381/381
f 339/339/339 381/381/381 380/380/380
f 340/340/340 341/341/341 382/382/382
f 340/340/340 382/382/382 381/381/381
f 341/341/341 342/342/342 383/383/383
f 341/341/341 383/383/383 382/382/382
f 342/342/342 343/343/343 384/384/384
f 342/342/342 384/384/384 383/383/383
f 343/343/343 344/344/344 385/385/385
f 343/343/343 385/385/385 384/384/384
f 344/344/344 345/345/345 386/386/386
f 344/344/344 386/386/386 385/385/385
f 345/345/345 346/346/346 387/387/387
f 345/345/345 387/387/387 386/386/386
f 346/346/346 347/347/347 388/388/388
f 346/346/346 388/388/388 387/387/387
f 347/347/347 348/348/348 389/389/389
f 347/347/347 389/389/389 388/388/388
f 348/348/348 349/349/349 390/390/390
f 348/348/348 390/390/390 389/389/389
f 349/349/349 350/350/350 391/391/391
f 349/349/349 391/391/391 390/390/390
f 350/350/350 351/351/351 392/392/392
f 350/350/350 392/392/392 391/391/391
f 351/351/351 352/352/352 393/393/393
f 351/351/351 393/393/393 392/392/392
f 352/352/352 353/353/353 394/394/394
f 352/352/352 394/394/394 393/393/393
f 353/353/353 354/354/354 395/395/395
f 353/353/353 395/395/395 394/394/394
f 354/354/354 355/355/355 396/396/396
f 354/354/354 396/396/396 395/395/395
f 355/355/355 356/356/356 397/397/397
f 355/355/355 397/397/397 396/396/396
f 356/356/356 357/357/357 398/398/398
f 356/356/356 398/398/398 397/397/397
f 357/357/357 358/358/358 399/399/399
f 357/357/357 399/399/399 398/398/398
f 358/358/358 359/359/359 400/400/400
f 358/358/358 400/400/400 399/399/399
f 359/359/359 360/360/360 401/401/401
f 359/359/359 401/401/401 400/400/400
f 360/360/360 361/361/361 402/402/402
f 360/360/360 402/402/402 401/401/401
f 361/361/361 362/362/362 403/403/403
f 361/361/361 403/403/403 402/402/402
f 362/362/362 363/363/363 404/404/404
f 362/362/362 404/404/404 403/403/403
f 363/363/363 364/364/364 405/405/405
f 363/363/363 405/405/405 404/404/404
f 364/364/364 365/365/365 406/406/406
f 364/364/364 406/406/406 405/405/405
f 365/365/365 366/366/366 407/407/407
f 365/365/365 407/407/407 406/406/406
f 366/366/366 367/367/367 408/408/408
f 366/366/366 408/408/408 407/407/407
f 367/367/367 368/368/368 409/409/409
f 367/367/367 409/409/409 408/408/408
f 368/368/368 369/369/369 410/410/410
f 368/368/368 410/410/410 409/409/409
f 370/370/370 371/371/371 412/412/412
f 370/370/370 412/412/412 411/411/411
f 371/371/371 372/372/372 413/413/413
f 371/371/371 413/413/413 412/412/412
f 372/372/372 373/373/373 414/414/414
f 372/372/372 414/414/414 413/413/413
f 373/373/373 374/374/374 415/415/415
f 373/373/373 415/415/415 414/414/414
f 374/374/374 375/375/375 416/416/416
f 374/374/374 416/416/416 415/415/415
f 375/375/375 376/376/376 417/417/417
f 375/375/375 417/417/417 416/416/416
f 376/376/376 377/377/377 418/418/418
f 376/376/376 418/418/418 417/417/417
f 377/377/377 378/378/378 419/419/419
f 377/377/377 419/419/419 418/418/418
f 378/378/378 379/379/379 420/420/420
f 378/378/378 420/420/420 419/419/419
f 379/379/379 380/380/380 421/421/421
f 379/379/379 421/421/421 420/420/420
f 380/380/380 381/381/381 422/422/422
f 380/380/380 422/422/422 421/421/421
f 381/381/381 382/382/382 423/423/423
f 381/381/381 423/423/423 422/422/422
f 382/382/382 383/383/383 424/424/424
f 382/382/382 424/424/424 423/423/423
f 383/383/383 384/384/384 425/425/425
f 383/383/383 425/425/425 424/424/424
f 384/384/384 385/385/385 426/426/426
f 384/384/384 426/426/426 425/425/425
f 385/385/385 386/386/386 427/427/427
f 385/385/385 427/427/427 426/426/426
f 386/386/386 387/387/387 428/428/428
f 386/386/386 428/428/428 427/427/427
f 387/387/387 388/388/388 429/429/429
f 387/387/387 429/429/429 428/428/428
f 388/388/388 389/389/389 430/430/430
f 388/388/388 430/430/430 429/429/429
f 389/389/389 390/390/390 431/431/431
f 389/389/389 431/431/431 430/430/430
f 390/390/390 391/391/391 432/432/432
f 390/390/390 432/432/432 431/431/431
f 391/391/391 392/392/392 433/433/433
f 391/391/391 433/433/433 432/432/432
f 392/392/392 393/393/393 434/434/434
f 392/392/392 434/434/434 433/433/433
f 393/393/393 394/394/394 435/435/435
f 393/393/393 435/435/435 434/434/434
f 394/394/394 395/395/395 436/436/436
f 394/394/394 436/436/436 435/435/435
f 395/395/395 396/396/396 437/437/437
f 395/395/395 437/437/437 436/436/436
f 396/396/396 397/397/397 438/438/438
f 396/396/396 438/438/438 437/437/437
f 397/397/397 398/398/398 439/439/439
f 397/397/397 439/439/439 438/438/438
f 398/398/398 399/399/399 440/440/440
f 398/398/398 440/440/440 439/439/439
f 399/399/399 400/400/400 441/441/441
f 399/399/399 441/441/441 440/440/440
f 400/400/400 401/401/401 442/442/442
f 400/400/400 442/442/442 441/441/441
f 401/401/401 402/402/402 443/443/443
f 401/401/401 443/443/443 442/442/442
f 402/402/402 403/403/403 444/444/444
f 402/402/402 444/444/444 443/443/443
f 403/403/403 404/404/404 445/445/445
f 403/403/403 445/445/445 444/444/444
f 404/404/404 405/405/405 446/446/446
f 404/404/404 446/446/446 445/445/445
f 405/405/405 406/406/406 447/447/447
f 405/405/405 447/447/447 446/446/446
f 406/406/406 407/407/407 448/448/448
f 406/406/406 448/448/448 447/447/447
f 407/407/407 408/408/408 449/449/449
f 407/407/407 449/449/449 448/448/448
f 408/408/408 409/409/409 450/450/450
f 408/408/408 450/450/450 449/449/449
f 409/409/409 410/410/410 451/451/451
f 409/409/409 451/451/451 450/450/450
f 411/411/411 412/412/412 453/453/453
f 411/411/411 453/453/453 452/452/452
f 412/412/412 413/413/413 454/454/454
f 412/412/412 454/454/454 453/453/453
f 413/413/413 414/414/414 455/455/455
f 413/413/413 455/455/455 454/454/454
f 414/414/414 415/415/415 456/456/456
f 414/414/414 456/456/456 455/455/455
f 415/415/415 416/416/416 457/457/457
f 415/415/415 457/457/457 456/456/456
f 416/416/416 417/417/417 458/458/458
f 416/416/416 458/458/458 457/457/457
f 417/417/417 418/418/418 459/459/459
f 417/417/417 459/459/459 458/458/458
f 418/418/418 419/419/419 460/460/460
f 418/418/418 460/460/460 459/459/459
f 419/419/419 420/420/420 461/461/461
f 419/419/419 461/461/461 460/460/460
f 420/420/420 421/421/421 462/462/462
f 420/420/420 462/462/462 461/461/461
f 421/421/421 422/422/422 463/463/463
f 421/421/421 463/463/463 462/462/462
f 422/422/422 423/423/423 464/464/464
f 422/422/422 464/464/464 463/463/463
f 423/423/423 424/424/424 465/465/465
f 423/423/423 465/465/465 464/464/464
f 424/424/424 425/425/425 466/466/466
f 424/424/424 466/466/466 465/465/465
f 425/425/425 426/426/426 467/467/467
f 425/425/425 467/467/467 466/466/466
f 426/426/426 427/427/427 468/468/468
f 426/426/426 468/468/468 467/467/467
f 427/427/427 428/428/428 469/469/469
f 427/427/427 469/469/469 468/468/468
f 428/428/428 429/429/429 470/470/470
f 428/428/428 470/470/470 469/469/469
f 429/429/429 430/430/430 471/471/471
f 429/429/429 471/471/471 470/470/470
f 430/430/430 431/431/431 472/472/472
f 430/430/430 472/472/472 471/471/471
f 431/431/431 432/432/432 473/473/473
f 431/431/431 473/473/473 472/472/472
f 432/432/432 433/433/433 474/474/474
f 432/432/432 474/474/474 473/473/473
f 433/433/433 434/434/434 475/475/475
f 433/433/433 475/475/475 474/474/474
f 434/434/434 435/435/435 476/476/476
f 434/434/434 476/476/476 475/475/475
f 435/435/435 436/436/436 477/477/477
f 435/435/435 477/477/477 476/476/476
f 436/436/436 437/437/437 478/478/478
f 436/436/436 478/478/478 477/477/477
f 437/437/437 438/438/438 479/479/479
f 437/437/437 479/479/479 478/478/478
f 438/438/438 439/439/439 480/480/480
f 438/438/438 480/480/480 479/479/479
f 439/439/439 440/440/440 481/481/481
f 439/439/439 481/481/481 480/480/480
f 440/440/440 441/441/441 482/482/482
f 440/440/440 482/482/482 481/481/481
f 441/441/441 442/442/442 483/483/483
f 441/441/441 483/483/483 482/482/482
f 442/442/442 443/443/443 484/484/484
f 442/442/442 484/484/484 483/483/483
f 443/443/443 444/444/444 485/485/485
f 443/443/443 485/485/485 484/484/484
f 444/444/444 445/445/445 486/486/486
f 444/444/444 486/486/486 485/485/485
f 445/445/445 446/446/446 487/487/487
f 445/445/445 487/487/487 486/486/486
f 446/446/446 447/447/447 488/488/488
f 446/446/446 488/488/488 487/487/487
f 447/447/447 448/448/448 489/489/489
f 447/447/447 489/489/489 488/488/488
f 448/448/448 449/449/449 490/490/490
f 448/448/448 490/490/490 489/489/489
f 449/449/449 450/450/450 491/491/491
f 449/449/449 491/491/491 490/490/490
f 450/450/450 451/451/451 492/492/492
f 450/450/450 492/492/492 491/491/491
f 452/452/452 453/453/453 494/494/494
f 452/452/452 494/494/494 493/493/493
f 453/453/453 454/454/454 495/495/495
f 453/453/453 495/495/495 494/494/494
f 454/454/454 455/455/455 496/496/496
f 454/454/454 496/496/496 495/495/495
f 455/455/455 456/456/456 497/497/497
f 455/455/455 497/497/497 496/496/496
f 456/456/456 457/457/457 498/498/498
f 456/456/456 498/498/498 497/497/497
f 457/457/457 458/458/458 499/499/499
f 457/457/457 499/499/499 498/498/498
f 458/458/458 459/459/459 500/500/500
f 458/458/458 500/500/500 499/499/499
f 459/459/459 460/460/460 501/501/501
f 459/459/459 501/501/501 500/500/500
f 460/460/460 461/461/461 502/502/502
f 460/460/460 502/502/502 501/501/501
f 461/461/461 462/462/462 503/503/503
f 461/461/461 503/503/503 502/502/502
f 462/462/462 463/463/463 504/504/504
f 462/462/462 504/504/504 503/503/503
f 463/463/463 464/464/464 505/505/505
f 463/463/463 505/505/505 504/504/504
f 464/464/464 465/465/465 506/506/506
f 464/464/464 506/506/506 505/505/505
f 465/465/465 466/466/466 507/507/507
f 465/465/465 507/507/507 506/506/506
f 466/466/466 467/467/467 508/508/508
f 466/466/466 508/508/508 507/507/507
f 467/467/467 468/468/468 509/509/509
f 467/467/467 509/509/509 508/508/508
f 468/468/468 469/469/469 510/510/510
f 468/468/468 510/510/510 509/509/509
f 469/469/469 470/470/470 511/511/511
f 469/469/469 511/511/511 510/510/510
f 470/470/470 471/471/471 512/512/512
f 470/470/470 512/512/512 511/511/511
f 471/471/471 472/472/472 513/513/513
f 471/471/471 513/513/513 512/512/512
f 472/472/472 473/473/473 514/514/514
f 472/472/472 514/514/514 513/513/513
f 473/473/473 474/474/474 515/515/515
f 473/473/473 515/515/515 514/514/514
f 474/474/474 475/475/475 516/516/516
f 474/474/474 516/516/516 515/515/515
f 475/475/475 476/476/476 517/517/517
f 475/475/475 517/517/517 516/516/516
f 476/476/476 477/477/477 518/518/518
f 476/476/476 518/518/518 517/517/517
f 477/477/477 478/478/478 519/519/519
f 477/477/477 519/519/519 518/518/518
f 478/478/478 479/479/479 520/520/520
f 478/478/478 520/520/520 519/519/519
f 479/479/479 480/480/480 521/521/521
f 479/479/479 521/521/521 520/520/520
f 480/480/480 481/481/481 522/522/522
f 480/480/480 522/522/522 521/521/521
f 481/481/481 482/482/482 523/523/523
f 481/481/481 523/523/523 522/522/522
f 482/482/482 483/483/483 524/524/524
f 482/482/482 524/524/524 523/523/523
f 483/483/483 484/484/484 525/525/525
f 483/483/483 525/525/525 524/524/524
f 484/484/484 485/485/485 526/526/526
f 484/484/484 526/526/526 525/525/525
f 485/485/485 486/486/486 527/527/527
f 485/485/485 527/527/527 526/526/526
f 486/486/486 487/487/487 528/528/528
f 486/486/486 528/528/528 527/527/527
f 487/487/487 488/488/488 529/529/529
f 487/487/487 529/529/529 528/528/528
f 488/488/488 489/489/489 530/530/530
f 488/488/488 530/530/530 529/529/529
f 489/489/489 490/490/490 531/531/531
f 489/489/489 531/531/531 530/530/530
f 490/490/490 491/491/491 532/532/532
f 490/490/490 532/532/532 531/531/531
f 491/491/491 492/492/492 533/533/533
f 491/491/491 533/533/533 532/532/532
f 493/493/493 494/494/494 535/535/535
f 493/493/493 535/535/535 534/534/534
f 494/494/494 495/495/495 536/536/536
f 494/494/494 536/536/536 535/535/535
f 495/495/495 496/496/496 537/537/537
f 495/495/495 537/537/537 536/536/536
f 496/496/496 497/497/497 538/538/538
f 496/496/496 538/538/538 537/537/537
f 497/497/497 498/498/498 539/539/539
f 497/497/497 539/539/539 538/538/538
f 498/498/498 499/499/499 540/540/540
f 498/498/498 540/540/540 539/539/539
f 499/499/499 500/500/500 541/541/541
f 499/499/499 541/541/541 540/540/540
f 500/500/500 501/501/501 542/542/542
f 500/500/500 542/542/542 541/541/541
f 501/501/501 502/502/502 543/543/543
f 501/501/501 543/543/543 542/542/542
f 502/502/502 503/503/503 544/544/544
f 502/502/502 544/544/544 543/543/543
f 503/503/503 504/504/504 545/545/545
f 503/503/503 545/545/545 544/544/544
f 504/504/504 505/505/505 546/546/546
f 504/504/504 546/546/546 545/545/545
f 505/505/505 506/506/506 547/547/547
f 505/505/505 547/547/547 546/546/546
f 506/506/506 507/507/507 548/548/548
f 506/506/506 548/548/548 547/547/547
f 507/507/507 508/508/508 549/549/549
f 507/507/507 549/549/549 548/548/548
f 508/508/508 509/509/509 550/550/550
f 508/508/508 550/550/550 549/549/549
f 509/509/509 510/510/510 551/551/551
f 509/509/509 551/551/551 550/550/550
f 510/510/510 511/511/511 552/552/552
f 510/510/510 552/552/552 551/551/551
f 511/511/511 512/512/512 553/553/553
f 511/511/511 553/553/553 552/552/552
f 512/512/512 513/513/513 554/554/554
f 512/512/512 554/554/554 553/553/553
f 513/513/513 514/514/514 555/555/555
f 513/513/513 555/555/555 554/554/554
f 514/514/514 515/515/515 556/556/556
f 514/514/514 556/556/556 555/555/555
f 515/515/515 516/516/516 557/557/557
f 515/515/515 557/557/557 556/556/556
f 516/516/516 517/517/517 558/558/558
f 516/516/516 558/558/558 557/557/557
f 517/517/517 518/518/518 559/559/559
f 517/517/517 559/559/559 558/558/558
f 518/518/518 519/519/519 560/560/560
f 518/518/518 560/560/560 559/559/559
f 519/519/519 520/520/520 561/561/561
f 519/519/519 561/561/561 560/560/560
f 520/520/520 521/521/521 562/562/562
f 520/520/520 562/562/562 561/561/561
f 521/521/521 522/522/522 563/563/563
f 521/521/521 563/563/563 562/562/562
f 522/522/522 523/523/523 564/564/564
f 522/522/522 564/564/564 563/563/563
f 523/523/523 524/524/524 565/565/565
f 523/523/523 565/565/565 564/564/564
f 524/524/524 525/525/525 566/566/566
f 524/524/524 566/566/566 565/565/565
f 525/525/525 526/526/526 567/567/567
f 525/525/525 567/567/567 566/566/566
f 526/526/526 527/527/527 568/568/568
f 526/526/526 568/568/568 567/567/567
f 527/527/527 528/528/528 569/569/569
f 527/527/527 569/569/569 568/568/568
f 528/528/528 529/529/529 570/570/570
f 528/528/528 570/570/570 569/569/569
f 529/529/529 530/530/530 571/571/571
f 529/529/529 571/571/571 570/570/570
f 530/530/530 531/531/531 572/572/572
f 530/530/530 572/572/572 571/571/571
f 531/531/531 532/532/532 573/573/573
f 531/531/531 573/573/573 572/572/572
f 532/532/532 533/533/533 574/574/574
f 532/532/532 574/574/574 573/573/573
f 534/534/534 535/535/535 576/576/576
f 534/534/534 576/576/576 575/575/575
f 535/535/535 536/536/536 577/577/577
f 535/535/535 577/577/577 576/576/576
f 536/536/536 537/537/537 578/578/578
f 536/536/536 578/578/578 577/577/577
f 537/537/537 538/538/538 579/579/579
f 537/537/537 579/579/579 578/578/578
f 538/538/538 539/539/539 580/580/580
f 538/538/538 580/580/580 579/579/579
f 539/539/539 540/540/540 581/581/581
f 539/539/539 581/581/581 580/580/580
f 540/540/540 541/541/541 582/582/582
f 540/540/540 582/582/582 581/581/581
f 541/541/541 542/542/542 583/583/583
f 541/541/541 583/583/583 582/582/582
f 542/542/542 543/543/543 584/584/584
f 542/542/542 584/584/584 583/583/583
f 543/543/543 544/544/544 585/585/585
f 543/543/543 585/585/585 584/584/584
f 544/544/544 545/545/545 586/586/586
f 544/544/544 586/586/586 585/585/585
f 545/545/545 546/546/546 587/587/587
f 545/545/545 587/587/587 586/586/586
f 546/546/546 547/547/547 588/588/588
f 546/546/546 588/588/588 587/587/587
f 547/547/547 548/548/548 589/589/589
f 547/547/547 589/589/589 588/588/588
f 548/548/548 549/549/549 590/590/590
f 548/548/548 590/590/590 589/589/589
f 549/549/549 550/550/550 591/591/591
f 549/549/549 591/591/591 590/590/590
f 550/550/550 551/551/551 592/592/592
f 550/550/550 592/592/592 591/591/591
f 551/551/551 552/552/552 593/593/593
f 551/551/551 593/593/593 592/592/592
f 552/552/552 553/553/553 594/594/594
f 552/552/552 594/594/594 593/593/593
f 553/553/553 554/554/554 595/595/595
f 553/553/553 595/595/595 594/594/594
f 554/554/554 555/555/555 596/596/596
f 554/554/554 596/596/596 595/595/595
f 555/555/555 556/556/556 597/597/597
f 555/555/555 597/597/597 596/596/596
f 556/556/556 557/557/557 598/598/598
f 556/556/556 598/598/598 597/597/597
f 557/557/557 558/558/558 599/599/599
f 557/557/557 599/599/599 598/598/598
f 558/558/558 559/559/559 600/600/600
f 558/558/558 600/600/600 599/599/599
f 559/559/559 560/560/560 601/601/601
f 559/559/559 601/601/601 600/600/600
f 560/560/560 561/561/561 602/602/602
f 560/560/560 602/602/602 601/601/601
f 561/561/561 562/562/562 603/603/603
f 561/561/561 603/603/603 602/602/602
f 562/562/562 563/563/563 604/604/604
f 562/562/562 604/604/604 603/603/603
f 563/563/563 564/564/564 605/605/605
f 563/563/563 605/605/605 604/604/604
f 564/564/564 565/565/565 606/606/606
f 564/564/564 606/606/606 605/605/605
f 565/565/565 566/566/566 607/607/607
f 565/565/565 607/607/607 606/606/606
f 566/566/566 567/567/567 608/608/608
f 566/566/566 608/608/608 607/607/607
f 567/567/567 568/568/568 609/609/609
f 567/567/567 609/609/609 608/608/608
f 568/568/568 569/569/569 610/610/610
f 568/568/568 610/610/610 609/609/609
f 569/569/569 570/570/570 611/611/611
f 569/569/569 611/611/611 610/610/610
f 570/570/570 571/571/571 612/612/612
f 570/570/570 612/612/612 611/611/611
f 571/571/571 572/572/572 613/613/613
f 571/571/571 613/613/613 612/612/612
f 572/572/572 573/573/573 614/614/614
f 572/572/572 614/614/614 613/613/613
f 573/573/573 574/574/574 615/615/615
f 573/573/573 615/615/615 614/614/614
f 575/575/575 576/576/576 617/617/617
f 575/575/575 617/617/617 616/616/616
f 576/576/576 577/577/577 618/618/618
f 576/576/576 618/618/618 617/617/617
f 577/577/577 578/578/578 619/619/619
f 577/577/577 619/619/619 618/618/618
f 578/578/578 579/579/579 620/620/620
f 578/578/578 620/620/620 619/619/619
f 579/579/579 580/580/580 621/621/621
f 579/579/579 621/621/621 620/620/620
f 580/580/580 581/581/581 622/622/622
f 580/580/580 622/622/622 621/621/621
f 581/581/581 582/582/582 623/623/623
f 581/581/581 623/623/623 622/622/622
f 582/582/582 583/583/583 624/624/624
f 582/582/582 624/624/624 623/623/623
f 583/583/583 584/584/584 625/625/625
f 583/583/583 625/625/625 624/624/624
f 584/584/584 585/585/585 626/626/626
f 584/584/584 626/626/626 625/625/625
f 585/585/585 586/586/586 627/627/627
f 585/585/585 627/627/627 626/626/626
f 586/586/586 587/587/587 628/628/628
f 586/586/586 628/628/628 627/627/627
f 587/587/587 588/588/588 629/629/629
f 587/587/587 629/629/629 628/628/628
f 588/588/588 589/589/589 630/630/630
f 588/588/588 630/630/630 629/629/629
f 589/589/589 590/590/590 631/631/631
f 589/589/589 631/631/631 630/630/630
f 590/590/590 591/591/591 632/632/632
f 590/590/590 632/632/632 631/631/631
f 591/591/591 592/592/592 633/633/633
f 591/591/591 633/633/633 632/632/632
f 592/592/592 593/593/593 634/634/634
f 592/592/592 634/634/634 633/633/633
f 593/593/593 594/594/594 635/635/635
f 593/593/593 635/635/635 634/634/634
f 594/594/594 595/595/595 636/636/636
f 594/594/594 636/636/636 635/635/635
f 595/595/595 596/596/596 637/637/637
f 595/595/595 637/637/637 636/636/636
f 596/596/596 597/597/597 638/638/638
f 596/596/596 638/638/638 637/637/637
f 597/597/597 598/598/598 639/639/639
f 597/597/597 639/639/639 638/638/638
f 598/598/598 599/599/599 640/640/640
f 598/598/598 640/640/640 639/639/639
f 599/599/599 600/600/600 641/641/641
f 599/599/599 641/641/641 640/640/640
f 600/600/600 601/601/601 642/642/642
f 600/600/600 642/642/642 641/641/641
f 601/601/601 602/602/602 643/643/643
f 601/601/601 643/643/643 642/642/642
f 602/602/602 603/603/603 644/644/644
f 602/602/602 644/644/644 643/643/643
f 603/603/603 604/604/604 645/645/645
f 603/603/603 645/645/645 644/644/644
f 604/604/604 605/605/605 646/646/646
f 604/604/604 646/646/646 645/645/645
f 605/605/605 606/606/606 647/647/647
f 605/605/605 647/647/647 646/646/646
f 606/606/606 607/607/607 648/648/648
f 606/606/606 648/648/648 647/647/647
f 607/607/607 608/608/608 649/649/649
f 607/607/607 649/649/649 648/648/648
f 608/608/608 609/609/609 650/650/650
f 608/608/608 650/650/650 649/649/649
f 609/609/609 610/610/610 651/651/651
f 609/609/609 651/651/651 650/650/650
f 610/610/610 611/611/611 652/652/652
f 610/610/610 652/652/652 651/651/651
f 611/611/611 612/612/612 653/653/653
f 611/611/611 653/653/653 652/652/652
f 612/612/612 613/613/613 654/654/654
f 612/612/612 654/654/654 653/653/653
f 613/613/613 614/614/614 655/655/655
f 613/613/613 655/655/655 654/654/654
f 614/614/614 615/615/615 656/656/656
f 614/614/614 656/656/656 655/655/655
f 616/616/616 617/617/617 658/658/658
f 616/616/616 658/658/658 657/657/657
f 617/617/617 618/618/618 659/659/659
f 617/617/617 659/659/659 658/658/658
f 618/618/618 619/619/619 660/660/660
f 618/618/618 660/660/660 659/659/659
f 619/619/619 620/620/620 661/661/661
f 619/619/619 661/661/661 660/660/660
f 620/620/620 621/621/621 662/662/662
f 620/620/620 662/662/662 661/661/661
f 621/621/621 622/622/622 663/663/663
f 621/621/621 663/663/663 662/662/662
f 622/622/622 623/623/623 664/664/664
f 622/622/622 664/664/664 663/663/663
f 623/623/623 624/624/624 665/665/665
f 623/623/623 665/665/665 664/664/664
f 624/624/624 625/625/625 666/666/666
f 624/624/624 666/666/666 665/665/665
f 625/625/625 626/626/626 667/667/667
f 625/625/625 667/667/667 666/666/666
f 626/626/626 627/627/627 668/668/668
f 626/626/626 668/668/668 667/667/667
f 627/627/627 628/628/628 669/669/669
f 627/627/627 669/669/669 668/668/668
f 628/628/628 629/629/629 670/670/670
f 628/628/628 670/670/670 669/669/669
f 629/629/629 630/630/630 671/671/671
f 629/629/629 671/671/671 670/670/670
f 630/630/630 631/631/631 672/672/672
f 630/630/630 672/672/672 671/671/671
f 631/631/631 632/632/632 673/673/673
f 631/631/631 673/673/673 672/672/672
f 632/632/632 633/633/633 674/674/674
f 632/632/632 674/674/674 673/673/673
f 633/633/633 634/634/634 675/675/675
f 633/633/633 675/675/675 674/674/674
f 634/634/634 635/635/635 676/676/676
f 634/634/634 676/676/676 675/675/675
f 635/635/635 636/636/636 677/677/677
f 635/635/635 677/677/677 676/676/676
f 636/636/636 637/637/637 678/678/678
f 636/636/636 678/678/678 677/677/677
f 637/637/637 638/638/638 679/679/679
f 637/637/637 679/679/679 678/678/678
f 638/638/638 639/639/639 680/680/680
f 638/638/638 680/680/680 679/679/679
f 639/639/639 640/640/640 681/681/681
f 639/639/639 681/681/681 680/680/680
f 640/640/640 641/641/641 682/682/682
f 640/640/640 682/682/682 681/681/681
f 641/641/641 642/642/642 683/683/683
f 641/641/641 683/683/683 682/682/682
f 642/642/642 643/643/643 684/684/684
f 642/642/642 684/684/684 683/683/683
f 643/643/643 644/644/644 685/685/685
f 643/643/643 685/685/685 684/684/684
f 644/644/644 645/645/645 686/686/686
f 644/644/644 686/686/686 685/685/685
f 645/645/645 646/646/646 687/687/687
f 645/645/645 687/687/687 686/686/686
f 646/646/646 647/647/647 688/688/688
f 646/646/646 688/688/688 687/687/687
f 647/647/647 648/648/648 689/689/689
f 647/647/647 689/689/689 688/688/688
f 648/648/648 649/649/649 690/690/690
f 648/648/648 690/690/690 689/689/689
f 649/649/649 650/650/650 691/691/691
f 649/649/649 691/691/691 690/690/690
f 650/650/650 651/651/651 692/692/692
f 650/650/650 692/692/692 691/691/691
f 651/651/651 652/652/652 693/693/693
f 651/651/651 693/693/693 692/692/692
f 652/652/652 653/653/653 694/694/694
f 652/652/652 694/694/694 693/693/693
f 653/653/653 654/654/654 695/695/695
f 653/653/653 695/695/695 694/694/694
f 654/654/654 655/655/655 696/696/696
f 654/654/654 696/696/696 695/695/695
f 655/655/655 656/656/656 697/697/697
f 655/655/655 697/697/697 696/696/696
f 657/657/657 658/658/658 699/699/699
f 657/657/657 699/699/699 698/698/698
f 658/658/658 659/659/659 700/700/700
f 658/658/658 700/700/700 699/699/699
f 659/659/659 660/660/660 701/701/701
f 659/659/659 701/701/701 700/700/700
f 660/660/660 661/661/661 702/702/702
f 660/660/660 702/702/702 701/701/701
f 661/661/661 662/662/662 703/703/703
f 661/661/661 703/703/703 702/702/702
f 662/662/662 663/663/663 704/704/704
f 662/662/662 704/704/704 703/703/703
f 663/663/663 664/664/664 705/705/705
f 663/663/663 705/705/705 704/704/704
f 664/664/664 665/665/665 706/706/706
f 664/664/664 706/706/706 705/705/705
f 665/665/665 666/666/666 707/707/707
f 665/665/665 707/707/707 706/706/706
f 666/666/666 667/667/667 708/708/708
f 666/666/666 708/708/708 707/707/707
f 667/667/667 668/668/668 709/709/709
f 667/667/667 709/709/709 708/708/708
f 668/668/668 669/669/669 710/710/710
f 668/668/668 710/710/710 709/709/709
f 669/669/669 670/670/670 711/711/711
f 669/669/669 711/711/711 710/710/710
f 670/670/670 671/671/671 712/712/712
f 670/670/670 712/712/712 711/711/711
f 671/671/671 672/672/672 713/713/713
f 671/671/671 713/713/713 712/712/712
f 672/672/672 673/673/673 714/714/714
f 672/672/672 714/714/714 713/713/713
f 673/673/673 674/674/674 715/715/715
f 673/673/673 715/715/715 714/714/714
f 674/674/674 675/675/675 716/716/716
f 674/674/674 716/716/716 715/715/715
f 675/675/675 676/676/676 717/717/717
f 675/675/675 717/717/717 716/716/716
f 676/676/676 677/677/677 718/718/718
f 676/676/676 718/718/718 717/717/717
f 677/677/677 678/678/678 719/719/719
f 677/677/677 719/719/719 718/718/718
f 678/678/678 679/679/679 720/720/720
f 678/678/678 720/720/720 719/719/719
f 679/679/679 680/680/680 721/721/721
f 679/679/679 721/721/721 720/720/720
f 680/680/680 681/681/681 722/722/722
f 680/680/680 722/722/722 721/721/721
f 681/681/681 682/682/682 723/723/723
f 681/681/681 723/723/723 722/722/722
f 682/682/682 683/683/683 724/724/724
f 682/682/682 724/724/724 723/723/723
f 683/683/683 684/684/684 725/725/725
f 683/683/683 725/725/725 724/724/724
f 684/684/684 685/685/685 726/726/726
f 684/684/684 726/726/726 725/725/725
f 685/685/685 686/686/686 727/727/727
f 685/685/685 727/727/727 726/726/726
f 686/686/686 687/687/687 728/728/728
f 686/686/686 728/728/728 727/727/727
f 687/687/687 688/688/688 729/729/729
f 687/687/687 729/729/729 728/728/728
f 688/688/688 689/689/689 730/730/730
f 688/688/688 730/730/730 729/729/729
f 689/689/689 690/690/690 731/731/731
f 689/689/689 731/731/731 730/730/730
f 690/690/690 691/691/691 732/732/732
f 690/690/690 732/732/732 731/731/731
f 691/691/691 692/692/692 733/733/733
f 691/691/691 733/733/733 732/732/732
f 692/692/692 693/693/693 734/734/734
f 692/692/692 734/734/734 733/733/733
f 693/693/693 694/694/694 735/735/735
f 693/693/693 735/735/735 734/734/734
f 694/694/694 695/695/695 736/736/736
f 694/694/694 736/736/736 735/735/735
f 695/695/695 696/696/696 737/737/737
f 695/695/695 737/737/737 736/736/736
f 696/696/696 697/697/697 738/738/738
f 696/696/696 738/738/738 737/737/737
f 698/698/698 699/699/699 740/740/740
f 698/698/698 740/740/740 739/739/739
f 699/699/699 700/700/700 741/741/741
f 699/699/699 741/741/741 740/740/740
f 700/700/700 701/701/701 742/742/742
f 700/700/700 742/742/742 741/741/741
f 701/701/701 702/702/702 743/743/743
f 701/701/701 743/743/743 742/742/742
f 702/702/702 703/703/703 744/744/744
f 702/702/702 744/744/744 743/743/743
f 703/703/703 704/704/704 745/745/745
f 703/703/703 745/745/745 744/744/744
f 704/704/704 705/705/705 746/746/746
f 704/704/704 746/746/746 745/745/745
f 705/705/705 706/706/706 747/747/747
f 705/705/705 747/747/747 746/746/746
f 706/706/706 707/707/707 748/748/748
f 706/706/706 748/748/748 747/747/747
f 707/707/707 708/708/708 749/749/749
f 707/707/707 749/749/749 748/748/748
f 708/708/708 709/709/709 750/750/750
f 708/708/708 750/750/750 749/749/749
f 709/709/709 710/710/710 751/751/751
f 709/709/709 751/751/751 750/750/750
f 710/710/710 711/711/711 752/752/752
f 710/710/710 752/752/752 751/751/751
f 711/711/711 712/712/712 753/753/753
f 711/711/711 753/753/753 752/752/752
f 712/712/712 713/713/713 754/754/754
f 712/712/712 754/754/754 753/753/753
f 713/713/713 714/714/714 755/755/755
f 713/713/713 755/755/755 754/754/754
f 714/714/714 715/715/715 756/756/756
f 714/714/714 756/756/756 755/755/755
f 715/715/715 716/716/716 757/757/757
f 715/715/715 757/757/757 756/756/756
f 716/716/716 717/717/717 758/758/758
f 716/716/716 758/758/758 757/757/757
f 717/717/717 718/718/718 759/759/759
f 717/717/717 759/759/759 758/758/758
f 718/718/718 719/719/719 760/760/760
f 718/718/718 760/760/760 759/759/759
f 719/719/719 720/720/720 761/761/761
f 719/719/719 761/761/761 760/760/760
f 720/720/720 721/721/721 762/762/762
f 720/720/720 762/762/762 761/761/761
f 721/721/721 722/722/722 763/763/763
f 721/721/721 763/763/763 762/762/762
f 722/722/722 723/723/723 764/764/764
f 722/722/722 764/764/764 763/763/763
f 723/723/723 724/724/724 765/765/765
f 723/723/723 765/765/765 764/764/764
f 724/724/724 725/725/725 766/766/766
f 724/724/724 766/766/766 765/765/765
f 725/725/725 726/726/726 767/767/767
f 725/725/725 767/767/767 766/766/766
f 726/726/726 727/727/727 768/768/768
f 726/726/726 768/768/768 767/767/767
f 727/727/727 728/728/728 769/769/769
f 727/727/727 769/769/769 768/768/768
f 728/728/728 729/729/729 770/770/770
f 728/728/728 770/770/770 769/769/769
f 729/729/729 730/730/730 771/771/771
f 729/729/729 771/771/771 770/770/770
f 730/730/730 731/731/731 772/772/772
f 730/730/730 772/772/772 771/771/771
f 731/731/731 732/732/732 773/773/773
f 731/731/731 773/773/773 772/772/772
f 732/732/732 733/733/733 774/774/774
f 732/732/732 774/774/774 773/773/773
f 733/733/733 734/734/734 775/775/775
f 733/733/733 775/775/775 774/774/774
f 734/734/734 735/735/735 776/776/776
f 734/734/734 776/776/776 775/775/775
f 735/735/735 736/736/736 777/777/777
f 735/735/735 777/777/777 776/776/776
f 736/736/736 737/737/737 778/778/778
f 736/736/736 778/778/778 777/777/777
f 737/737/737 738/738/738 779/779/779
f 737/737/737 779/779/779 778/778/778
f 739/739/739 740/740/740 781/781/781
f 739/739/739 781/781/781 780/780/780
f 740/740/740 741/741/741 782/782/782
f 740/740/740 782/782/782 781/781/781
f 741/741/741 742/742/742 783/783/783
f 741/741/741 783/783/783 782/782/782
f 742/742/742 743/743/743 784/784/784
f 742/742/742 784/784/784 783/783/783
f 743/743/743 744/744/744 785/785/785
f 743/743/743 785/785/785 784/784/784
f 744/744/744 745/745/745 786/786/786
f 744/744/744 786/786/786 785/785/785
f 745/745/745 746/746/746 787/787/787
f 745/745/745 787/787/787 786/786/786
f 746/746/746 747/747/747 788/788/788
f 746/746/746 788/788/788 787/787/787
f 747/747/747 748/748/748 789/789/789
f 747/747/747 789/789/789 788/788/788
f 748/748/748 749/749/749 790/790/790
f 748/748/748 790/790/790 789/789/789
f 749/749/749 750/750/750 791/791/791
f 749/749/749 791/791/791 790/790/790
f 750/750/750 751/751/751 792/792/792
f 750/750/750 792/792/792 791/791/791
f 751/751/751 752/752/752 793/793/793
f 751/751/751 793/793/793 792/792/792
f 752/752/752 753/753/753 794/794/794
f 752/752/752 794/794/794 793/793/793
f 753/753/753 754/754/754 795/795/795
f 753/753/753 795/795/795 794/794/794
f 754/754/754 755/755/755 796/796/796
f 754/754/754 796/796/796 795/795/795
f 755/755/755 756/756/756 797/797/797
f 755/755/755 797/797/797 796/796/796
f 756/756/756 757/757/757 798/798/798
f 756/756/756 798/798/798 797/797/797
f 757/757/757 758/758/758 799/799/799
f 757/757/757 799/799/799 798/798/798
f 758/758/758 759/759/759 800/800/800
f 758/758/758 800/800/800 799/799/799
f 759/759/759 760/760/760 801/801/801
f 759/759/759 801/801/801 800/800/800
f 760/760/760 761/761/761 802/802/802
f 760/760/760 802/802/802 801/801/801
f 761/761/761 762/762/762 803/803/803
f 761/761/761 803/803/803 802/802/802
f 762/762/762 763/763/763 804/804/804
f 762/762/762 804/804/804 803/803/803
f 763/763/763 764/764/764 805/805/805
f 763/763/763 805/805/805 804/804/804
f 764/764/764 765/765/765 806/806/806
f 764/764/764 806/806/806 805/805/805
f 765/765/765 766/766/766 807/807/807
f 765/765/765 807/807/807 806/806/806
f 766/766/766 767/767/767 808/808/808
f 766/766/766 808/808/808 807/807/807
f 767/767/767 768/768/768 809/809/809
f 767/767/767 809/809/809 808/808/808
f 768/768/768 769/769/769 810/810/810
f 768/768/768 810/810/810 809/809/809
f 769/769/769 770/770/770 811/811/811
f 769/769/769 811/811/811 810/810/810
f 770/770/770 771/771/771 812/812/812
f 770/770/770 812/812/812 811/811/811
f 771/771/771 772/772/772 813/813/813
f 771/771/771 813/813/813 812/812/812
f 772/772/772 773/773/773 814/814/814
f 772/772/772 814/814/814 813/813/813
f 773/773/773 774/774/774 815/815/815
f 773/773/773 815/815/815 814/814/814
f 774/774/774 775/775/775 816/816/816
f 774/774/774 816/816/816 815/815/815
f 775/775/775 776/776/776 817/817/817
f 775/775/775 817/817/817 816/816/816
f 776/776/776 777/777/777 818/818/818
f 776/776/776 818/818/818 817/817/817
f 777/777/777 778/778/778 819/819/819
f 777/777/777 819/819/819 818/818/818
f 778/778/778 779/779/779 820/820/820
f 778/778/778 820/820/820 819/819/819
f 780/780/780 781/781/781 822/822/822
f 780/780/780 822/822/822 821/821/821
f 781/781/781 782/782/782 823/823/823
f 781/781/781 823/823/823 822/822/822
f 782/782/782 783/783/783 824/824/824
f 782/782/782 824/824/824 823/823/823
f 783/783/783 784/784/784 825/825/825
f 783/783/783 825/825/825 824/824/824
f 784/784/784 785/785/785 826/826/826
f 784/784/784 826/826/826 825/825/825
f 785/785/785 786/786/786 827/827/827
f 785/785/785 827/827/827 826/826/826
f 786/786/786 787/787/787 828/828/828
f 786/786/786 828/828/828 827/827/827
f 787/787/787 788/788/788 829/829/829
f 787/787/787 829/829/829 828/828/828
f 788/788/788 789/789/789 830/830/830
f 788/788/788 830/830/830 829/829/829
f 789/789/789 790/790/790 831/831/831
f 789/789/789 831/831/831 830/830/830
f 790/790/790 791/791/791 832/832/832
f 790/790/790 832/832/832 831/831/831
f 791/791/791 792/792/792 833/833/833
f 791/791/791 833/833/833 832/832/832
f 792/792/792 793/793/793 834/834/834
f 792/792/792 834/834/834 833/833/833
f 793/793/793 794/794/794 835/835/835
f 793/793/793 835/835/835 834/834/834
f 794/794/794 795/795/795 836/836/836
f 794/794/794 836/836/836 835/835/835
f 795/795/795 796/796/796 837/837/837
f 795/795/795 837/837/837 836/836/836
f 796/796/796 797/797/797 838/838/838
f 796/796/796 838/838/838 837/837/837
f 797/797/797 798/798/798 839/839/839
f 797/797/797 839/839/839 838/838/838
f 798/798/798 799/799/799 840/840/840
f 798/798/798 840/840/840 839/839/839
f 799/799/799 800/800/800 841/841/841
f 799/799/799 841/841/841 840/840/840
f 800/800/800 801/801/801 842/842/842
f 800/800/800 842/842/842 841/841/841
f 801/801/801 802/802/802 843/843/843
f 801/801/801 843/843/843 842/842/842
f 802/802/802 803/803/803 844/844/844
f 802/802/802 844/844/844 843/843/843
f 803/803/803 804/804/804 845/845/845
f 803/803/803 845/845/845 844/844/844
f 804/804/804 805/805/805 846/846/846
f 804/804/804 846/846/846 845/845/845
f 805/805/805 806/806/806 847/847/847
f 805/805/805 847/847/847 846/846/846
f 806/806/806 807/807/807 848/848/848
f 806/806/806 848/848/848 847/847/847
f 807/807/807 808/808/808 849/849/849
f 807/807/807 849/849/849 848/848/848
f 808/808/808 809/809/809 850/850/850
f 808/808/808 850/850/850 849/849/849
f 809/809/809 810/810/810 851/851/851
f 809/809/809 851/851/851 850/850/850
f 810/810/810 811/811/811 852/852/852
f 810/810/810 852/852/852 851/851/851
f 811/811/811 812/812/812 853/853/853
f 811/811/811 853/853/853 852/852/852
f 812/812/812 813/813/813 854/854/854
f 812/812/812 854/854/854 853/853/853
f 813/813/813 814/814/814 855/855/855
f 813/813/813 855/855/855 854/854/854
f 814/814/814 815/815/815 856/856/856
f 814/814/814 856/856/856 855/855/855
f 815/815/815 816/816/816 857/857/857
f 815/815/815 857/857/857 856/856/856
f 816/816/816 817/817/817 858/858/858
f 816/816/816 858/858/858 857/857/857
f 817/817/817 818/818/818 859/859/859
f 817/817/817 859/859/859 858/858/858
f 818/818/818 819/819/819 860/860/860
f 818/818/818 860/860/860 859/859/859
f 819/819/819 820/820/820 861/861/861
f 819/819/819 861/861/861 860/860/860
f 821/821/821 822/822/822 863/863/863
f 821/821/821 863/863/863 862/862/862
f 822/822/822 823/823/823 864/864/864
f 822/822/822 864/864/864 863/863/863
f 823/823/823 824/824/824 865/865/865
f 823/823/823 865/865/865 864/864/864
f 824/824/824 825/825/825 866/866/866
f 824/824/824 866/866/866 865/865/865
f 825/825/825 826/826/826 867/867/867
f 825/825/825 867/867/867 866/866/866
f 826/826/826 827/827/827 868/868/868
f 826/826/826 868/868/868 867/867/867
f 827/827/827 828/828/828 869/869/869
f 827/827/827 869/869/869 868/868/868
f 828/828/828 829/829/829 870/870/870
f 828/828/828 870/870/870 869/869/869
f 829/829/829 830/830/830 871/871/871
f 829/829/829 871/871/871 870/870/870
f 830/830/830 831/831/831 872/872/872
f 830/830/830 872/872/872 871/871/871
f 831/831/831 832/832/832 873/873/873
f 831/831/831 873/873/873 872/872/872
f 832/832/832 833/833/833 874/874/874
f 832/832/832 874/874/874 873/873/873
f 833/833/833 834/834/834 875/875/875
f 833/833/833 875/875/875 874/874/874
f 834/834/834 835/835/835 876/876/876
f 834/834/834 876/876/876 875/875/875
f 835/835/835 836/836/836 877/877/877
f 835/835/835 877/877/877 876/876/876
f 836/836/836 837/837/837 878/878/878
f 836/836/836 878/878/878 877/877/877
f 837/837/837 838/838/838 879/879/879
f 837/837/837 879/879/879 878/878/878
f 838/838/838 839/839/839 880/880/880
f 838/838/838 880/880/880 879/879/879
f 839/839/839 840/840/840 881/881/881
f 839/839/839 881/881/881 880/880/880
f 840/840/840 841/841/841 882/882/882
f 840/840/840 882/882/882 881/881/881
f 841/841/841 842/842/842 883/883/883
f 841/841/841 883/883/883 882/882/882
f 842/842/842 843/843/843 884/884/884
f 842/842/842 884/884/884 883/883/883
f 843/843/843 844/844/844 885/885/885
f 843/843/843 885/885/885 884/884/884
f 844/844/844 845/845/845 886/886/886
f 844/844/844 886/886/886 885/885/885
f 845/845/845 846/846/846 887/887/887
f 845/845/845 887/887/887 886/886/886
f 846/846/846 847/847/847 888/888/888
f 846/846/846 888/888/888 887/887/887
f 847/847/847 848/848/848 889/889/889
f 847/847/847 889/889/889 888/888/888
f 848/848/848 849/849/849 890/890/890
f 848/848/848 890/890/890 889/889/889
f 849/849/849 850/850/850 891/891/891
f 849/849/849 891/891/891 890/890/890
f 850/850/850 851/851/851 892/892/892
f 850/850/850 892/892/892 891/891/891
f 851/851/851 852/852/852 893/893/893
f 851/851/851 893/893/893 892/892/892
f 852/852/852 853/853/853 894/894/894
f 852/852/852 894/894/894 893/893/893
f 853/853/853 854/854/854 895/895/895
f 853/853/853 895/895/895 894/894/894
f 854/854/854 855/855/855 896/896/896
f 854/854/854 896/896/896 895/895/895
f 855/855/855 856/856/856 897/897/897
f 855/855/855 897/897/897 896/896/896
f 856/856/856 857/857/857 898/898/898
f 856/856/856 898/898/898 897/897/897
f 857/857/857 858/858/858 899/899/899
f 857/857/857 899/899/899 898/898/898
f 858/858/858 859/859/859 900/900/900
f 858/858/858 900/900/900 899/899/899
f 859/859/859 860/860/860 901/901/901
f 859/859/859 901/901/901 900/900/900
f 860/860/860 861/861/861 902/902/902
f 860/860/860 902/902/902 901/901/901
f 862/862/862 863/863/863 904/904/904
f 862/862/862 904/904/904 903/903/903
f 863/863/863 864/864/864 905/905/905
f 863/863/863 905/905/905 904/904/904
f 864/864/864 865/865/865 906/906/906
f 864/864/864 906/906/906 905/905/905
f 865/865/865 866/866/866 907/907/907
f 865/865/865 907/907/907 906/906/906
f 866/866/866 867/867/867 908/908/908
f 866/866/866 908/908/908 907/907/907
f 867/867/867 868/868/868 909/909/909
f 867/867/867 909/909/909 908/908/908
f 868/868/868 869/869/869 910/910/910
f 868/868/868 910/910/910 909/909/909
f 869/869/869 870/870/870 911/911/911
f 869/869/869 911/911/911 910/910/910
f 870/870/870 871/871/871 912/912/912
f 870/870/870 912/912/912 911/911/911
f 871/871/871 872/872/872 913/913/913
f 871/871/871 913/913/913 912/912/912
f 872/872/872 873/873/873 914/914/914
f 872/872/872 914/914/914 913/913/913
f 873/873/873 874/874/874 915/915/915
f 873/873/873 915/915/915 914/914/914
f 874/874/874 875/875/875 916/916/916
f 874/874/874 916/916/916 915/915/915
f 875/875/875 876/876/876 917/917/917
f 875/875/875 917/917/917 916/916/916
f 876/876/876 877/877/877 918/918/918
f 876/876/876 918/918/918 917/917/917
f 877/877/877 878/878/878 919/919/919
f 877/877/877 919/919/919 918/918/918
f 878/878/878 879/879/879 920/920/920
f 878/878/878 920/920/920 919/919/919
f 879/879/879 880/880/880 921/921/921
f 879/879/879 921/921/921 920/920/920
f 880/880/880 881/881/881 922/922/922
f 880/880/880 922/922/922 921/921/921
f 881/881/881 882/882/882 923/923/923
f 881/881/881 923/923/923 922/922/922
f 882/882/882 883/883/883 924/924/924
f 882/882/882 924/924/924 923/923/923
f 883/883/883 884/884/884 925/925/925
f 883/883/883 925/925/925 924/924/924
f 884/884/884 885/885/885 926/926/926
f 884/884/884 926/926/926 925/925/925
f 885/885/885 886/886/886 927/927/927
f 885/885/885 927/927/927 926/926/926
f 886/886/886 887/887/887 928/928/928
f 886/886/886 928/928/928 927/927/927
f 887/887/887 888/888/888 929/929/929
f 887/887/887 929/929/929 928/928/928
f 888/888/888 889/889/889 930/930/930
f 888/888/888 930/930/930 929/929/929
f 889/889/889 890/890/890 931/931/931
f 889/889/889 931/931/931 930/930/930
f 890/890/890 891/891/891 932/932/932
f 890/890/890 932/932/932 931/931/931
f 891/891/891 892/892/892 933/933/933
f 891/891/891 933/933/933 932/932/932
f 892/892/892 893/893/893 934/934/934
f 892/892/892 934/934/934 933/933/933
f 893/893/893 894/894/894 935/935/935
f 893/893/893 935/935/935 934/934/934
f 894/894/894 895/895/895 936/936/936
f 894/894/894 936/936/936 935/935/935
f 895/895/895 896/896/896 937/937/937
f 895/895/895 937/937/937 936/936/936
f 896/896/896 897/897/897 938/938/938
f 896/896/896 938/938/938 937/937/937
f 897/897/897 898/898/898 939/939/939
f 897/897/897 939/939/939 938/938/938
f 898/898/898 899/899/899 940/940/940
f 898/898/898 940/940/940 939/939/939
f 899/899/899 900/900/900 941/941/941
f 899/899/899 941/941/941 940/940/940
f 900/900/900 901/901/901 942/942/942
f 900/900/900 942/942/942 941/941/941
f 901/901/901 902/902/902 943/943/943
f 901/901/901 943/943/943 942/942/942
f 903/903/903 904/904/904 945/945/945
f 903/903/903 945/945/945 944/944/944
f 904/904/904 905/905/905 946/946/946
f 904/904/904 946/946/946 945/945/945
f 905/905/905 906/906/906 947/947/947
f 905/905/905 947/947/947 946/946/946
f 906/906/906 907/907/907 948/948/948
f 906/906/906 948/948/948 947/947/947
f 907/907/907 908/908/908 949/949/949
f 907/907/907 949/949/949 948/948/948
f 908/908/908 909/909/909 950/950/950
f 908/908/908 950/950/950 949/949/949
f 909/909/909 910/910/910 951/951/951
f 909/909/909 951/951/951 950/950/950
f 910/910/910 911/911/911 952/952/952
f 910/910/910 952/952/952 951/951/951
f 911/911/911 912/912/912 953/953/953
f 911/911/911 953/953/953 952/952/952
f 912/912/912 913/913/913 954/954/954
f 912/912/912 954/954/954 953/953/953
f 913/913/913 914/914/914 955/955/955
f 913/913/913 955/955/955 954/954/954
f 914/914/914 915/915/915 956/956/956
f 914/914/914 956/956/956 955/955/955
f 915/915/915 916/916/916 957/957/957
f 915/915/915 957/957/957 956/956/956
f 916/916/916 917/917/917 958/958/958
f 916/916/916 958/958/958 957/957/957
f 917/917/917 918/918/918 959/959/959
f 917/917/917 959/959/959 958/958/958
f 918/918/918 919/919/919 960/960/960
f 918/918/918 960/960/960 959/959/959
f 919/919/919 920/920/920 961/961/961
f 919/919/919 961/961/961 960/960/960
f 920/920/920 921/921/921 962/962/962
f 920/920/920 962/962/962 961/961/961
f 921/921/921 922/922/922 963/963/963
f 921/921/921 963/963/963 962/962/962
f 922/922/922 923/923/923 964/964/964
f 922/922/922 964/964/964 963/963/963
f 923/923/923 924/924/924 965/965/965
f 923/923/923 965/965/965 964/964/964
f 924/924/924 925/925/925 966/966/966
f 924/924/924 966/966/966 965/965/965
f 925/925/925 926/926/926 967/967/967
f 925/925/925 967/967/967 966/966/966
f 926/926/926 927/927/927 968/968/968
f 926/926/926 968/968/968 967/967/967
f 927/927/927 928/928/928 969/969/969
f 927/927/927 969/969/969 968/968/968
f 928/928/928 929/929/929 970/970/970
f 928/928/928 970/970/970 969/969/969
f 929/929/929 930/930/930 971/971/971
f 929/929/929 971/971/971 970/970/970
f 930/930/930 931/931/931 972/972/972
f 930/930/930 972/972/972 971/971/971
f 931/931/931 932/932/932 973/973/973
f 931/931/931 973/973/973 972/972/972
f 932/932/932 933/933/933 974/974/974
f 932/932/932 974/974/974 973/973/973
f 933/933/933 934/934/934 975/975/975
f 933/933/933 975/975/975 974/974/974
f 934/934/934 935/935/935 976/976/976
f 934/934/934 976/976/976 975/975/975
f 935/935/935 936/936/936 977/977/977
f 935/935/935 977/977/977 976/976/976
f 936/936/936 937/937/937 978/978/978
f 936/936/936 978/978/978 977/977/977
f 937/937/937 938/938/938 979/979/979
f 937/937/937 979/979/979 978/978/978
f 938/938/938 939/939/939 980/980/980
f 938/938/938 980/980/980 979/979/979
f 939/939/939 940/940/940 981/981/981
f 939/939/939 981/981/981 980/980/980
f 940/940/940 941/941/941 982/982/982
f 940/940/940 982/982/982 981/981/981
f 941/941/941 942/942/942 983/983/983
f 941/941/941 983/983/983 982/982/982
f 942/942/942 943/943/943 984/984/984
f 942/942/942 984/984/984 983/983/983
f 944/944/944 945/945/945 986/986/986
f 944/944/944 986/986/986 985/985/985
f 945/945/945 946/946/946 987/987/987
f 945/945/945 987/987/987 986/986/986
f 946/946/946 947/947/947 988/988/988
f 946/946/946 988/988/988 987/987/987
f 947/947/947 948/948/948 989/989/989
f 947/947/947 989/989/989 988/988/988
f 948/948/948 949/949/949 990/990/990
f 948/948/948 990/990/990 989/989/989
f 949/949/949 950/950/950 991/991/991
f 949/949/949 991/991/991 990/990/990
f 950/950/950 951/951/951 992/992/992
f 950/950/950 992/992/992 991/991/991
f 951/951/951 952/952/952 993/993/993
f 951/951/951 993/993/993 992/992/992
f 952/952/952 953/953/953 994/994/994
f 952/952/952 994/994/994 993/993/993
f 953/953/953 954/954/954 995/995/995
f 953/953/953 995/995/995 994/994/994
f 954/954/954 955/955/955 996/996/996
f 954/954/954 996/996/996 995/995/995
f 955/955/955 956/956/956 997/997/997
f 955/955/955 997/997/997 996/996/996
f 956/956/956 957/957/957 998/998/998
f 956/956/956 998/998/998 997/997/997
f 957/957/957 958/958/958 999/999/999
f 957/957/957 999/999/999 998/998/998
f 958/958/958 959/959/959 1000/1000/1000
f 958/958/958 1000/1000/1000 999/999/999
f 959/959/959 960/960/960 1001/1001/1001
f 959/959/959 1001/1001/1001 1000/1000/1000
f 960/960/960 961/961/961 1002/1002/1002
f 960/960/960 1002/1002/1002 1001/1001/1001
f 961/961/961 962/962/962 1003/1003/1003
f 961/961/961 1003/1003/1003 1002/1002/1002
f 962/962/962 963/963/963 1004/1004/1004
f 962/962/962 1004/1004/1004 1003/1003/1003
f 963/963/963 964/964/964 1005/1005/1005
f 963/963/963 1005/1005/1005 1004/1004/1004
f 964/964/964 965/965/965 1006/1006/1006
f 964/964/964 1006/1006/1006 1005/1005/1005
f 965/965/965 966/966/966 1007/1007/1007
f 965/965/965 1007/1007/1007 1006/1006/1006
f 966/966/966 967/967/967 1008/1008/1008
f 966/966/966 1008/1008/1008 1007/1007/1007
f 967/967/967 968/968/968 1009/1009/1009
f 967/967/967 1009/1009/1009 1008/1008/1008
f 968/968/968 969/969/969 1010/1010/1010
f 968/968/968 1010/1010/1010 1009/1009/1009
f 969/969/969 970/970/970 1011/1011/1011
f 969/969/969 1011/1011/1011 1010/1010/1010
f 970/970/970 971/971/971 1012/1012/1012
f 970/970/970 1012/1012/1012 1011/1011/1011
f 971/971/971 972/972/972 1013/1013/1013
f 971/971/971 1013/1013/1013 1012/1012/1012
f 972/972/972 973/973/973 1014/1014/1014
f 972/972/972 1014/1014/1014 1013/1013/1013
f 973/973/973 974/974/974 1015/1015/1015
f 973/973/973 1015/1015/1015 1014/1014/1014
f 974/974/974 975/975/975 1016/1016/1016
f 974/974/974 1016/1016/1016 1015/1015/1015
f 975/975/975 976/976/976 1017/1017/1017
f 975/975/975 1017/1017/1017 1016/1016/1016
f 976/976/976 977/977/977 1018/1018/1018
f 976/976/976 1018/1018/1018 1017/1017/1017
f 977/977/977 978/978/978 1019/1019/1019
f 977/977/977 1019/1019/1019 1018/1018/1018
f 978/978/978 979/979/979 1020/1020/1020
f 978/978/978 1020/1020/1020 1019/1019/1019
f 979/979/979 980/980/980 1021/1021/1021
f 979/979/979 1021/1021/1021 1020/1020/1020
f 980/980/980 981/981/981 1022/1022/1022
f 980/980/980 1022/1022/1022 1021/1021/1021
f 981/981/981 982/982/982 1023/1023/1023
f 981/981/981 1023/1023/1023 1022/1022/1022
f 982/982/982 983/983/983 1024/1024/1024
f 982/982/982 1024/1024/1024 1023/1023/1023
f 983/983/983 984/984/984 1025/1025/1025
f 983/983/983 1025/1025/1025 1024/1024/1024
f 985/985/985 986/986/986 1027/1027/1027
f 985/985/985 1027/1027/1027 1026/1026/1026
f 986/986/986 987/987/987 1028/1028/1028
f 986/986/986 1028/1028/1028 1027/1027/1027
f 987/987/987 988/988/988 1029/1029/1029
f 987/987/987 1029/1029/1029 1028/1028/1028
f 988/988/988 989/989/989 1030/1030/1030
f 988/988/988 1030/1030/1030 1029/1029/1029
f 989/989/989 990/990/990 1031/1031/1031
f 989/989/989 1031/1031/1031 1030/1030/1030
f 990/990/990 991/991/991 1032/1032/1032
f 990/990/990 1032/1032/1032 1031/1031/1031
f 991/991/991 992/992/992 1033/1033/1033
f 991/991/991 1033/1033/1033 1032/1032/1032
f 992/992/992 993/993/993 1034/1034/1034
f 992/992/992 1034/1034/1034 1033/1033/1033
f 993/993/993 994/994/994 1035/1035/1035
f 993/993/993 1035/1035/1035 1034/1034/1034
f 994/994/994 995/995/995 1036/1036/1036
f 994/994/994 1036/1036/1036 1035/1035/1035
f 995/995/995 996/996/996 1037/1037/1037
f 995/995/995 1037/1037/1037 1036/1036/1036
f 996/996/996 997/997/997 1038/1038/1038
f 996/996/996 1038/1038/1038 1037/1037/1037
f 997/997/997 998/998/998 1039/1039/1039
f 997/997/997 1039/1039/1039 1038/1038/1038
f 998/998/998 999/999/999 1040/1040/1040
f 998/998/998 1040/1040/1040 1039/1039/1039
f 999/999/999 1000/1000/1000 1041/1041/1041
f 999/999/999 1041/1041/1041 1040/1040/1040
f 1000/1000/1000 1001/1001/1001 1042/1042/1042
f 1000/1000/1000 1042/1042/1042 1041/1041/1041
f 1001/1001/1001 1002/1002/1002 1043/1043/1043
f 1001/1001/1001 1043/1043/1043 1042/1042/1042
f 1002/1002/1002 1003/1003/1003 1044/1044/1044
f 1002/1002/1002 1044/1044/1044 1043/1043/1043
f 1003/1003/1003 1004/1004/1004 1045/1045/1045
f 1003/1003/1003 1045/1045/1045 1044/1044/1044
f 1004/1004/1004 1005/1005/1005 1046/1046/1046
f 1004/1004/1004 1046/1046/1046 1045/1045/1045
f 1005/1005/1005 1006/1006/1006 1047/1047/1047
f 1005/1005/1005 1047/1047/1047 1046/1046/1046
f 1006/1006/1006 1007/1007/1007 1048/1048/1048
f 1006/1006/1006 1048/1048/1048 1047/1047/1047
f 1007/1007/1007 1008/1008/1008 1049/1049/1049
f 1007/1007/1007 1049/1049/1049 1048/1048/1048
f 1008/1008/1008 1009/1009/1009 1050/1050/1050
f 1008/1008/1008 1050/1050/1050 1049/1049/1049
f 1009/1009/1009 1010/1010/1010 1051/1051/1051
f 1009/1009/1009 1051/1051/1051 1050/1050/1050
f 1010/1010/1010 1011/1011/1011 1052/1052/1052
f 1010/1010/1010 1052/1052/1052 1051/1051/1051
f 1011/1011/1011 1012/1012/1012 1053/1053/1053
f 1011/1011/1011 1053/1053/1053 1052/1052/1052
f 1012/1012/1012 1013/1013/1013 1054/1054/1054
f 1012/1012/1012 1054/1054/1054 1053/1053/1053
f 1013/1013/1013 1014/1014/1014 1055/1055/1055
f 1013/1013/1013 1055/1055/1055 1054/1054/1054
f 1014/1014/1014 1015/1015/1015 1056/1056/1056
f 1014/1014/1014 1056/1056/1056 1055/1055/1055
f 1015/1015/1015 1016/1016/1016 1057/1057/1057
f 1015/1015/1015 1057/1057/1057 1056/1056/1056
f 1016/1016/1016 1017/1017/1017 1058/1058/1058
f 1016/1016/1016 1058/1058/1058 1057/1057/1057
f 1017/1017/1017 1018/1018/1018 1059/1059/1059
f 1017/1017/1017 1059/1059/1059 1058/1058/1058
f 1018/1018/1018 1019/1019/1019 1060/1060/1060
f 1018/1018/1018 1060/1060/1060 1059/1059/1059
f 1019/1019/1019 1020/1020/1020 1061/1061/1061
f 1019/1019/1019 1061/1061/1061 1060/1060/1060
f 1020/1020/1020 1021/1021/1021 1062/1062/1062
f 1020/1020/1020 1062/1062/1062 1061/1061/1061
f 1021/1021/1021 1022/1022/1022 1063/1063/1063
f 1021/1021/1021 1063/1063/1063 1062/1062/1062
f 1022/1022/1022 1023/1023/1023 1064/1064/1064
f 1022/1022/1022 1064/1064/1064 1063/1063/1063
f 1023/1023/1023 1024/1024/1024 1065/1065/1065
f 1023/1023/1023 1065/1065/1065 1064/1064/1064
f 1024/1024/1024 1025/1025/1025 1066/1066/1066
f 1024/1024/1024 1066/1066/1066 1065/1065/1065
f 1026/1026/1026 1027/1027/1027 1068/1068/1068
f 1026/1026/1026 1068/1068/1068 1067/1067/1067
f 1027/1027/1027 1028/1028/1028 1069/1069/1069
f 1027/1027/1027 1069/1069/1069 1068/1068/1068
f 1028/1028/1028 1029/1029/1029 1070/1070/1070
f 1028/1028/1028 1070/1070/1070 1069/1069/1069
f 1029/1029/1029 1030/1030/1030 1071/1071/1071
f 1029/1029/1029 1071/1071/1071 1070/1070/1070
f 1030/1030/1030 1031/1031/1031 1072/1072/1072
f 1030/1030/1030 1072/1072/1072 1071/1071/1071
f 1031/1031/1031 1032/1032/1032 1073/1073/1073
f 1031/1031/1031 1073/1073/1073 1072/1072/1072
f 1032/1032/1032 1033/1033/1033 1074/1074/1074
f 1032/1032/1032 1074/1074/1074 1073/1073/1073
f 1033/1033/1033 1034/1034/1034 1075/1075/1075
f 1033/1033/1033 1075/1075/1075 1074/1074/1074
f 1034/1034/1034 1035/1035/1035 1076/1076/1076
f 1034/1034/1034 1076/1076/1076 1075/1075/1075
f 1035/1035/1035 1036/1036/1036 1077/1077/1077
f 1035/1035/1035 1077/1077/1077 1076/1076/1076
f 1036/1036/1036 1037/1037/1037 1078/1078/1078
f 1036/1036/1036 1078/1078/1078 1077/1077/1077
f 1037/1037/1037 1038/1038/1038 1079/1079/1079
f 1037/1037/1037 1079/1079/1079 1078/1078/1078
f 1038/1038/1038 1039/1039/1039 1080/1080/1080
f 1038/1038/1038 1080/1080/1080 1079/1079/1079
f 1039/1039/1039 1040/1040/1040 1081/1081/1081
f 1039/1039/1039 1081/1081/1081 1080/1080/1080
f 1040/1040/1040 1041/1041/1041 1082/1082/1082
f 1040/1040/1040 1082/1082/1082 1081/1081/1081
f 1041/1041/1041 1042/1042/1042 1083/1083/1083
f 1041/1041/1041 1083/1083/1083 1082/1082/1082
f 1042/1042/1042 1043/1043/1043 1084/1084/1084
f 1042/1042/1042 1084/1084/1084 1083/1083/1083
f 1043/1043/1043 1044/1044/1044 1085/1085/1085
f 1043/1043/1043 1085/1085/1085 1084/1084/1084
f 1044/1044/1044 1045/1045/1045 1086/1086/1086
f 1044/1044/1044 1086/1086/1086 1085/1085/1085
f 1045/1045/1045 1046/1046/1046 1087/1087/1087
f 1045/1045/1045 1087/1087/1087 1086/1086/1086
f 1046/1046/1046 1047/1047/1047 1088/1088/1088
f 1046/1046/1046 1088/1088/1088 1087/1087/1087
f 1047/1047/1047 1048/1048/1048 1089/1089/1089
f 1047/1047/1047 1089/1089/1089 1088/1088/1088
f 1048/1048/1048 1049/1049/1049 1090/1090/1090
f 1048/1048/1048 1090/1090/1090 1089/1089/1089
f 1049/1049/1049 1050/1050/1050 1091/1091/1091
f 1049/1049/1049 1091/1091/1091 1090/1090/1090
f 1050/1050/1050 1051/1051/1051 1092/1092/1092
f 1050/1050/1050 1092/1092/1092 1091/1091/1091
f 1051/1051/1051 1052/1052/1052 1093/1093/1093
f 1051/1051/1051 1093/1093/1093 1092/1092/1092
f 1052/1052/1052 1053/1053/1053 1094/1094/1094
f 1052/1052/1052 1094/1094/1094 1093/1093/1093
f 1053/1053/1053 1054/1054/1054 1095/1095/1095
f 1053/1053/1053 1095/1095/1095 1094/1094/1094
f 1054/1054/1054 1055/1055/1055 1096/1096/1096
f 1054/1054/1054 1096/1096/1096 1095/1095/1095
f 1055/1055/1055 1056/1056/1056 1097/1097/1097
f 1055/1055/1055 1097/1097/1097 1096/1096/1096
f 1056/1056/1056 1057/1057/1057 1098/1098/1098
f 1056/1056/1056 1098/1098/1098 1097/1097/1097
f 1057/1057/1057 1058/1058/1058 1099/1099/1099
f 1057/1057/1057 1099/1099/1099 1098/1098/1098
f 1058/1058/1058 1059/1059/1059 1100/1100/1100
f 1058/1058/1058 1100/1100/1100 1099/1099/1099
f 1059/1059/1059 1060/1060/1060 1101/1101/1101
f 1059/1059/1059 1101/1101/1101 1100/1100/1100
f 1060/1060/1060 1061/1061/1061 1102/1102/1102
f 1060/1060/1060 1102/1102/1102 1101/1101/1101
f 1061/1061/1061 1062/1062/1062 1103/1103/1103
f 1061/1061/1061 1103/1103/1103 1102/1102/1102
f 1062/1062/1062 1063/1063/1063 1104/1104/1104
f 1062/1062/1062 1104/1104/1104 1103/1103/1103
f 1063/1063/1063 1064/1064/1064 1105/1105/1105
f 1063/1063/1063 1105/1105/1105 1104/1104/1104
f 1064/1064/1064 1065/1065/1065 1106/1106/1106
f 1064/1064/1064 1106/1106/1106 1105/1105/1105
f 1065/1065/1065 1066/1066/1066 1107/1107/1107
f 1065/1065/1065 1107/1107/1107 1106/1106/1106
f 1067/1067/1067 1068/1068/1068 1109/1109/1109
f 1067/1067/1067 1109/1109/1109 1108/1108/1108
f 1068/1068/1068 1069/1069/1069 1110/1110/1110
f 1068/1068/1068 1110/1110/1110 1109/1109/1109
f 1069/1069/1069 1070/1070/1070 1111/1111/1111
f 1069/1069/1069 1111/1111/1111 1110/1110/1110
f 1070/1070/1070 1071/1071/1071 1112/1112/1112
f 1070/1070/1070 1112/1112/1112 1111/1111/1111
f 1071/1071/1071 1072/1072/1072 1113/1113/1113
f 1071/1071/1071 1113/1113/1113 1112/1112/1112
f 1072/1072/1072 1073/1073/1073 1114/1114/1114
f 1072/1072/1072 1114/1114/1114 1113/1113/1113
f 1073/1073/1073 1074/1074/1074 1115/1115/1115
f 1073/1073/1073 1115/1115/1115 1114/1114/1114
f 1074/1074/1074 1075/1075/1075 1116/1116/1116
f 1074/1074/1074 1116/1116/1116 1115/1115/1115
f 1075/1075/1075 1076/1076/1076 1117/1117/1117
f 1075/1075/1075 1117/1117/1117 1116/1116/1116
f 1076/1076/1076 1077/1077/1077 1118/1118/1118
f 1076/1076/1076 1118/1118/1118 1117/1117/1117
f 1077/1077/1077 1078/1078/1078 1119/1119/1119
f 1077/1077/1077 1119/1119/1119 1118/1118/1118
f 1078/1078/1078 1079/1079/1079 1120/1120/1120
f 1078/1078/1078 1120/1120/1120 1119/1119/1119
f 1079/1079/1079 1080/1080/1080 1121/1121/1121
f 1079/1079/1079 1121/1121/1121 1120/1120/1120
f 1080/1080/1080 1081/1081/1081 1122/1122/1122
f 1080/1080/1080 1122/1122/1122 1121/1121/1121
f 1081/1081/1081 1082/1082/1082 1123/1123/1123
f 1081/1081/1081 1123/1123/1123 1122/1122/1122
f 1082/1082/1082 1083/1083/1083 1124/1124/1124
f 1082/1082/1082 1124/1124/1124 1123/1123/1123
f 1083/1083/1083 1084/1084/1084 1125/1125/1125
f 1083/1083/1083 1125/1125/1125 1124/1124/1124
f 1084/1084/1084 1085/1085/1085 1126/1126/1126
f 1084/1084/1084 1126/1126/1126 1125/1125/1125
f 1085/1085/1085 1086/1086/1086 1127/1127/1127
f 1085/1085/1085 1127/1127/1127 1126/1126/1126
f 1086/1086/1086 1087/1087/1087 1128/1128/1128
f 1086/1086/1086 1128/1128/1128 1127/1127/1127
f 1087/1087/1087 1088/1088/1088 1129/1129/1129
f 1087/1087/1087 1129/1129/1129 1128/1128/1128
f 1088/1088/1088 1089/1089/1089 1130/1130/1130
f 1088/1088/1088 1130/1130/1130 1129/1129/1129
f 1089/1089/1089 1090/1090/1090 1131/1131/1131
f 1089/1089/1089 1131/1131/1131 1130/1130/1130
f 1090/1090/1090 1091/1091/1091 1132/1132/1132
f 1090/1090/1090 1132/1132/1132 1131/1131/1131
f 1091/1091/1091 1092/1092/1092 1133/1133/1133
f 1091/1091/1091 1133/1133/1133 1132/1132/1132
f 1092/1092/1092 1093/1093/1093 1134/1134/1134
f 1092/1092/1092 1134/1134/1134 1133/1133/1133
f 1093/1093/1093 1094/1094/1094 1135/1135/1135
f 1093/1093/1093 1135/1135/1135 1134/1134/1134
f 1094/1094/1094 1095/1095/1095 1136/1136/1136
f 1094/1094/1094 1136/1136/1136 1135/1135/1135
f 1095/1095/1095 1096/1096/1096 1137/1137/1137
f 1095/1095/1095 1137/1137/1137 1136/1136/1136
f 1096/1096/1096 1097/1097/1097 1138/1138/1138
f 1096/1096/1096 1138/1138/1138 1137/1137/1137
f 1097/1097/1097 1098/1098/1098 1139/1139/1139
f 1097/1097/1097 1139/1139/1139 1138/1138/1138
f 1098/1098/1098 1099/1099/1099 1140/1140/1140
f 1098/1098/1098 1140/1140/1140 1139/1139/1139
f 1099/1099/1099 1100/1100/1100 1141/1141/1141
f 1099/1099/1099 1141/1141/1141 1140/1140/1140
f 1100/1100/1100 1101/1101/1101 1142/1142/1142
f 1100/1100/1100 1142/1142/1142 1141/1141/1141
f 1101/1101/1101 1102/1102/1102 1143/1143/1143
f 1101/1101/1101 1143/1143/1143 1142/1142/1142
f 1102/1102/1102 1103/1103/1103 1144/1144/1144
f 1102/1102/1102 1144/1144/1144 1143/1143/1143
f 1103/1103/1103 1104/1104/1104 1145/1145/1145
f 1103/1103/1103 1145/1145/1145 1144/1144/1144
f 1104/1104/1104 1105/1105/1105 1146/1146/1146
f 1104/1104/1104 1146/1146/1146 1145/1145/1145
f 1105/1105/1105 1106/1106/1106 1147/1147/1147
f 1105/1105/1105 1147/1147/1147 1146/1146/1146
f 1106/1106/1106 1107/1107/1107 1148/1148/1148
f 1106/1106/1106 1148/1148/1148 1147/1147/1147
f 1108/1108/1108 1109/1109/1109 1150/1150/1150
f 1108/1108/1108 1150/1150/1150 1149/1149/1149
f 1109/1109/1109 1110/1110/1110 1151/1151/1151
f 1109/1109/1109 1151/1151/1151 1150/1150/1150
f 1110/1110/1110 1111/1111/1111 1152/1152/1152
f 1110/1110/1110 1152/1152/1152 1151/1151/1151
f 1111/1111/1111 1112/1112/1112 1153/1153/1153
f 1111/1111/1111 1153/1153/1153 1152/1152/1152
f 1112/1112/1112 1113/1113/1113 1154/1154/1154
f 1112/1112/1112 1154/1154/1154 1153/1153/1153
f 1113/1113/1113 1114/1114/1114 1155/1155/1155
f 1113/1113/1113 1155/1155/1155 1154/1154/1154
f 1114/1114/1114 1115/1115/1115 1156/1156/1156
f 1114/1114/1114 1156/1156/1156 1155/1155/1155
f 1115/1115/1115 1116/1116/1116 1157/1157/1157
f 1115/1115/1115 1157/1157/1157 1156/1156/1156
f 1116/1116/1116 1117/1117/1117 1158/1158/1158
f 1116/1116/1116 1158/1158/1158 1157/1157/1157
f 1117/1117/1117 1118/1118/1118 1159/1159/1159
f 1117/1117/1117 1159/1159/1159 1158/1158/1158
f 1118/1118/1118 1119/1119/1119 1160/1160/1160
f 1118/1118/1118 1160/1160/1160 1159/1159/1159
f 1119/1119/1119 1120/1120/1120 1161/1161/1161
f 1119/1119/1119 1161/1161/1161 1160/1160/1160
f 1120/1120/1120 1121/1121/1121 1162/1162/1162
f 1120/1120/1120 1162/1162/1162 1161/1161/1161
f 1121/1121/1121 1122/1122/1122 1163/1163/1163
f 1121/1121/1121 1163/1163/1163 1162/1162/1162
f 1122/1122/1122 1123/1123/1123 1164/1164/1164
f 1122/1122/1122 1164/1164/1164 1163/1163/1163
f 1123/1123/1123 1124/1124/1124 1165/1165/1165
f 1123/1123/1123 1165/1165/1165 1164/1164/1164
f 1124/1124/1124 1125/1125/1125 1166/1166/1166
f 1124/1124/1124 1166/1166/1166 1165/1165/1165
f 1125/1125/1125 1126/1126/1126 1167/1167/1167
f 1125/1125/1125 1167/1167/1167 1166/1166/1166
f 1126/1126/1126 1127/1127/1127 1168/1168/1168
f 1126/1126/1126 1168/1168/1168 1167/1167/1167
f 1127/1127/1127 1128/1128/1128 1169/1169/1169
f 1127/1127/1127 1169/1169/1169 1168/1168/1168
f 1128/1128/1128 1129/1129/1129 1170/1170/1170
f 1128/1128/1128 1170/1170/1170 1169/1169/1169
f 1129/1129/1129 1130/1130/1130 1171/1171/1171
f 1129/1129/1129 1171/1171/1171 1170/1170/1170
f 1130/1130/1130 1131/1131/1131 1172/1172/1172
f 1130/1130/1130 1172/1172/1172 1171/1171/1171
f 1131/1131/1131 1132/1132/1132 1173/1173/1173
f 1131/1131/1131 1173/1173/1173 1172/1172/1172
f 1132/1132/1132 1133/1133/1133 1174/1174/1174
f 1132/1132/1132 1174/1174/1174 1173/1173/1173
f 1133/1133/1133 1134/1134/1134 1175/1175/1175
f 1133/1133/1133 1175/1175/1175 1174/1174/1174
f 1134/1134/1134 1135/1135/1135 1176/1176/1176
f 1134/1134/1134 1176/1176/1176 1175/1175/1175
f 1135/1135/1135 1136/1136/1136 1177/1177/1177
f 1135/1135/1135 1177/1177/1177 1176/1176/1176
f 1136/1136/1136 1137/1137/1137 1178/1178/1178
f 1136/1136/1136 1178/1178/1178 1177/1177/1177
f 1137/1137/1137 1138/1138/1138 1179/1179/1179
f 1137/1137/1137 1179/1179/1179 1178/1178/1178
f 1138/1138/1138 1139/1139/1139 1180/1180/1180
f 1138/1138/1138 1180/1180/1180 1179/1179/1179
f 1139/1139/1139 1140/1140/1140 1181/1181/1181
f 1139/1139/1139 1181/1181/1181 1180/1180/1180
f 1140/1140/1140 1141/1141/1141 1182/1182/1182
f 1140/1140/1140 1182/1182/1182 1181/1181/1181
f 1141/1141/1141 1142/1142/1142 1183/1183/1183
f 1141/1141/1141 1183/1183/1183 1182/1182/1182
f 1142/1142/1142 1143/1143/1143 1184/1184/1184
f 1142/1142/1142 1184/1184/1184 1183/1183/1183
f 1143/1143/1143 1144/1144/1144 1185/1185/1185
f 1143/1143/1143 1185/1185/1185 1184/1184/1184
f 1144/1144/1144 1145/1145/1145 1186/1186/1186
f 1144/1144/1144 1186/1186/1186 1185/1185/1185
f 1145/1145/1145 1146/1146/1146 1187/1187/1187
f 1145/1145/1145 1187/1187/1187 1186/1186/1186
f 1146/1146/1146 1147/1147/1147 1188/1188/1188
f 1146/1146/1146 1188/1188/1188 1187/1187/1187
f 1147/1147/1147 1148/1148/1148 1189/1189/1189
f 1147/1147/1147 1189/1189/1189 1188/1188/1188
f 1149/1149/1149 1150/1150/1150 1191/1191/1191
f 1149/1149/1149 1191/1191/1191 1190/1190/1190
f 1150/1150/1150 1151/1151/1151 1192/1192/1192
f 1150/1150/1150 1192/1192/1192 1191/1191/1191
f 1151/1151/1151 1152/1152/1152 1193/1193/1193
f 1151/1151/1151 1193/1193/1193 1192/1192/1192
f 1152/1152/1152 1153/1153/1153 1194/1194/1194
f 1152/1152/1152 1194/1194/1194 1193/1193/1193
f 1153/1153/1153 1154/1154/1154 1195/1195/1195
f 1153/1153/1153 1195/1195/1195 1194/1194/1194
f 1154/1154/1154 1155/1155/1155 1196/1196/1196
f 1154/1154/1154 1196/1196/1196 1195/1195/1195
f 1155/1155/1155 1156/1156/1156 1197/1197/1197
f 1155/1155/1155 1197/1197/1197 1196/1196/1196
f 1156/1156/1156 1157/1157/1157 1198/1198/1198
f 1156/1156/1156 1198/1198/1198 1197/1197/1197
f 1157/1157/1157 1158/1158/1158 1199/1199/1199
f 1157/1157/1157 1199/1199/1199 1198/1198/1198
f 1158/1158/1158 1159/1159/1159 1200/1200/1200
f 1158/1158/1158 1200/1200/1200 1199/1199/1199
f 1159/1159/1159 1160/1160/1160 1201/1201/1201
f 1159/1159/1159 1201/1201/1201 1200/1200/1200
f 1160/1160/1160 1161/1161/1161 1202/1202/1202
f 1160/1160/1160 1202/1202/1202 1201/1201/1201
f 1161/1161/1161 1162/1162/1162 1203/1203/1203
f 1161/1161/1161 1203/1203/1203 1202/1202/1202
f 1162/1162/1162 1163/1163/1163 1204/1204/1204
f 1162/1162/1162 1204/1204/1204 1203/1203/1203
f 1163/1163/1163 1164/1164/1164 1205/1205/1205
f 1163/1163/1163 1205/1205/1205 1204/1204/1204
f 1164/1164/1164 1165/1165/1165 1206/1206/1206
f 1164/1164/1164 1206/1206/1206 1205/1205/1205
f 1165/1165/1165 1166/1166/1166 1207/1207/1207
f 1165/1165/1165 1207/1207/1207 1206/1206/1206
f 1166/1166/1166 1167/1167/1167 1208/1208/1208
f 1166/1166/1166 1208/1208/1208 1207/1207/1207
f 1167/1167/1167 1168/1168/1168 1209/1209/1209
f 1167/1167/1167 1209/1209/1209 1208/1208/1208
f 1168/1168/1168 1169/1169/1169 1210/1210/1210
f 1168/1168/1168 1210/1210/1210 1209/1209/1209
f 1169/1169/1169 1170/1170/1170 1211/1211/1211
f 1169/1169/1169 1211/1211/1211 1210/1210/1210
f 1170/1170/1170 1171/1171/1171 1212/1212/1212
f 1170/1170/1170 1212/1212/1212 1211/1211/1211
f 1171/1171/1171 1172/1172/1172 1213/1213/1213
f 1171/1171/1171 1213/1213/1213 1212/1212/1212
f 1172/1172/1172 1173/1173/1173 1214/1214/1214
f 1172/1172/1172 1214/1214/1214 1213/1213/1213
f 1173/1173/1173 1174/1174/1174 1215/1215/1215
f 1173/1173/1173 1215/1215/1215 1214/1214/1214
f 1174/1174/1174 1175/1175/1175 1216/1216/1216
f 1174/1174/1174 1216/1216/1216 1215/1215/1215
f 1175/1175/1175 1176/1176/1176 1217/1217/1217
f 1175/1175/1175 1217/1217/1217 1216/1216/1216
f 1176/1176/1176 1177/1177/1177 1218/1218/1218
f 1176/1176/1176 1218/1218/1218 1217/1217/1217
f 1177/1177/1177 1178/1178/1178 1219/1219/1219
f 1177/1177/1177 1219/1219/1219 1218/1218/1218
f 1178/1178/1178 1179/1179/1179 1220/1220/1220
f 1178/1178/1178 1220/1220/1220 1219/1219/1219
f 1179/1179/1179 1180/1180/1180 1221/1221/1221
f 1179/1179/1179 1221/1221/1221 1220/1220/1220
f 1180/1180/1180 1181/1181/1181 1222/1222/1222
f 1180/1180/1180 1222/1222/1222 1221/1221/1221
f 1181/1181/1181 1182/1182/1182 1223/1223/1223
f 1181/1181/1181 1223/1223/1223 1222/1222/1222
f 1182/1182/1182 1183/1183/1183 1224/1224/1224
f 1182/1182/1182 1224/1224/1224 1223/1223/1223
f 1183/1183/1183 1184/1184/1184 1225/1225/1225
f 1183/1183/1183 1225/1225/1225 1224/1224/1224
f 1184/1184/1184 1185/1185/1185 1226/1226/1226
f 1184/1184/1184 1226/1226/1226 1225/1225/1225
f 1185/1185/1185 1186/1186/1186 1227/1227/1227
f 1185/1185/1185 1227/1227/1227 1226/1226/1226
f 1186/1186/1186 1187/1187/1187 1228/1228/1228
f 1186/1186/1186 1228/1228/1228 1227/1227/1227
f 1187/1187/1187 1188/1188/1188 1229/1229/1229
f 1187/1187/1187 1229/1229/1229 1228/1228/1228
f 1188/1188/1188 1189/1189/1189 1230/1230/1230
f 1188/1188/1188 1230/1230/1230 1229/1229/1229
f 1190/1190/1190 1191/1191/1191 1232/1232/1232
f 1190/1190/1190 1232/1232/1232 1231/1231/1231
f 1191/1191/1191 1192/1192/1192 1233/1233/1233
f 1191/1191/1191 1233/1233/1233 1232/1232/1232
f 1192/1192/1192 1193/1193/1193 1234/1234/1234
f 1192/1192/1192 1234/1234/1234 1233/1233/1233
f 1193/1193/1193 1194/1194/1194 1235/1235/1235
f 1193/1193/1193 1235/1235/1235 1234/1234/1234
f 1194/1194/1194 1195/1195/1195 1236/1236/1236
f 1194/1194/1194 1236/1236/1236 1235/1235/1235
f 1195/1195/1195 1196/1196/1196 1237/1237/1237
f 1195/1195/1195 1237/1237/1237 1236/1236/1236
f 1196/1196/1196 1197/1197/1197 1238/1238/1238
f 1196/1196/1196 1238/1238/1238 1237/1237/1237
f 1197/1197/1197 1198/1198/1198 1239/1239/1239
f 1197/1197/1197 1239/1239/1239 1238/1238/1238
f 1198/1198/1198 1199/1199/1199 1240/1240/1240
f 1198/1198/1198 1240/1240/1240 1239/1239/1239
f 1199/1199/1199 1200/1200/1200 1241/1241/1241
f 1199/1199/1199 1241/1241/1241 1240/1240/1240
f 1200/1200/1200 1201/1201/1201 1242/1242/1242
f 1200/1200/1200 1242/1242/1242 1241/1241/1241
f 1201/1201/1201 1202/1202/1202 1243/1243/1243
f 1201/1201/1201 1243/1243/1243 1242/1242/1242
f 1202/1202/1202 1203/1203/1203 1244/1244/1244
f 1202/1202/1202 1244/1244/1244 1243/1243/1243
f 1203/1203/1203 1204/1204/1204 1245/1245/1245
f 1203/1203/1203 1245/1245/1245 1244/1244/1244
f 1204/1204/1204 1205/1205/1205 1246/1246/1246
f 1204/1204/1204 1246/1246/1246 1245/1245/1245
f 1205/1205/1205 1206/1206/1206 1247/1247/1247
f 1205/1205/1205 1247/1247/1247 1246/1246/1246
f 1206/1206/1206 1207/1207/1207 1248/1248/1248
f 1206/1206/1206 1248/1248/1248 1247/1247/1247
f 1207/1207/1207 1208/1208/1208 1249/1249/1249
f 1207/1207/1207 1249/1249/1249 1248/1248/1248
f 1208/1208/1208 1209/1209/1209 1250/1250/1250
f 1208/1208/1208 1250/1250/1250 1249/1249/1249
f 1209/1209/1209 1210/1210/1210 1251/1251/1251
f 1209/1209/1209 1251/1251/1251 1250/1250/1250
f 1210/1210/1210 1211/1211/1211 1252/1252/1252
f 1210/1210/1210 1252/1252/1252 1251/1251/1251
f 1211/1211/1211 1212/1212/1212 1253/1253/1253
f 1211/1211/1211 1253/1253/1253 1252/1252/1252
f 1212/1212/1212 1213/1213/1213 1254/1254/1254
f 1212/1212/1212 1254/1254/1254 1253/1253/1253
f 1213/1213/1213 1214/1214/1214 1255/1255/1255
f 1213/1213/1213 1255/1255/1255 1254/1254/1254
f 1214/1214/1214 1215/1215/1215 1256/1256/1256
f 1214/1214/1214 1256/1256/1256 1255/1255/1255
f 1215/1215/1215 1216/1216/1216 1257/1257/1257
f 1215/1215/1215 1257/1257/1257 1256/1256/1256
f 1216/1216/1216 1217/1217/1217 1258/1258/1258
f 1216/1216/1216 1258/1258/1258 1257/1257/1257
f 1217/1217/1217 1218/1218/1218 1259/1259/1259
f 1217/1217/1217 1259/1259/1259 1258/1258/1258
f 1218/1218/1218 1219/1219/1219 1260/1260/1260
f 1218/1218/1218 1260/1260/1260 1259/1259/1259
f 1219/1219/1219 1220/1220/1220 1261/1261/1261
f 1219/1219/1219 1261/1261/1261 1260/1260/1260
f 1220/1220/1220 1221/1221/1221 1262/1262/1262
f 1220/1220/1220 1262/1262/1262 1261/1261/1261
f 1221/1221/1221 1222/1222/1222 1263/1263/1263
f 1221/1221/1221 1263/1263/1263 1262/1262/1262
f 1222/1222/1222 1223/1223/1223 1264/1264/1264
f 1222/1222/1222 1264/1264/1264 1263/1263/1263
f 1223/1223/1223 1224/1224/1224 1265/1265/1265
f 1223/1223/1223 1265/1265/1265 1264/1264/1264
f 1224/1224/1224 1225/1225/1225 1266/1266/1266
f 1224/1224/1224 1266/1266/1266 1265/1265/1265
f 1225/1225/1225 1226/1226/1226 1267/1267/1267
f 1225/1225/1225 1267/1267/1267 1266/1266/1266
f 1226/1226/1226 1227/1227/1227 1268/1268/1268
f 1226/1226/1226 1268/1268/1268 1267/1267/1267
f 1227/1227/1227 1228/1228/1228 1269/1269/1269
f 1227/1227/1227 1269/1269/1269 1268/1268/1268
f 1228/1228/1228 1229/1229/1229 1270/1270/1270
f 1228/1228/1228 1270/1270/1270 1269/1269/1269
f 1229/1229/1229 1230/1230/1230 1271/1271/1271
f 1229/1229/1229 1271/1271/1271 1270/1270/1270
f 1272/1272/1272 1275/1273/1273 1274/1274/1274
f 1272/1272/1272 1274/1274/1274 1273/1275/1275
f 1276/1276/1276 1277/1277/1277 1278/1278/1278
f 1276/1276/1276 1278/1278/1278 1279/1279/1279
f 1272/1280/1280 1273/1281/1281 1277/1282/1282
f 1272/1280/1280 1277/1282/1282 1276/1283/1283
f 1275/1284/1284 1279/1285/1285 1278/1286/1286
f 1275/1284/1284 1278/1286/1286 1274/1287/1287
f 1272/1288/1288 1276/1289/1289 1279/1290/1290
f 1272/1288/1288 1279/1290/1290 1275/1291/1291
f 1273/1292/1292 1274/1293/1293 1278/1294/1294
f 1273/1292/1292 1278/1294/1294 1277/1295/1295
f 1280/1296/1296 1283/1297/1297 1282/1298/1298
f 1280/1296/1296 1282/1298/1298 1281/1299/1299
f 1284/1300/1300 1285/1301/1301 1286/1302/1302
f 1284/1300/1300 1286/1302/1302 1287/1303/1303
f 1280/1304/1304 1281/1305/1305 1285/1306/1306
f 1280/1304/1304 1285/1306/1306 1284/1307/1307
f 1283/1308/1308 1287/1309/1309 1286/1310/1310
f 1283/1308/1308 1286/1310/1310 1282/1311/1311
f 1280/1312/1312 1284/1313/1313 1287/1314/1314
f 1280/1312/1312 1287/1314/1314 1283/1315/1315
f 1281/1316/1316 1282/1317/1317 1286/1318/1318
f 1281/1316/1316 1286/1318/1318 1285/1319/1319
f 1288/1320/1320 1291/1321/1321 1290/1322/1322
f 1288/1320/1320 1290/1322/1322 1289/1323/1323
f 1292/1324/1324 1293/1325/1325 1294/1326/1326
f 1292/1324/1324 1294/1326/1326 1295/1327/1327
f 1288/1328/1328 1289/1329/1329 1293/1330/1330
f 1288/1328/1328 1293/1330/1330 1292/1331/1331
f 1291/1332/1332 1295/1333/1333 1294/1334/1334
f 1291/1332/1332 1294/1334/1334 1290/1335/1335
f 1288/1336/1336 1292/1337/1337 1295/1338/1338
f 1288/1336/1336 1295/1338/1338 1291/1339/1339
f 1289/1340/1340 1290/1341/1341 1294/1342/1342
f 1289/1340/1340 1294/1342/1342 1293/1343/1343
f 1296/1344/1344 1299/1345/1345 1298/1346/1346
f 1296/1344/1344 1298/1346/1346 1297/1347/1347
f 1300/1348/1348 1301/1349/1349 1302/1350/1350
f 1300/1348/1348 1302/1350/1350 1303/1351/1351
f 1296/1352/1352 1297/1353/1353 1301/1354/1354
f 1296/1352/1352 1301/1354/1354 1300/1355/1355
f 1299/1356/1356 1303/1357/1357 1302/1358/1358
f 1299/1356/1356 1302/1358/1358 1298/1359/1359
f 1296/1360/1360 1300/1361/1361 1303/1362/1362
f 1296/1360/1360 1303/1362/1362 1299/1363/1363
f 1297/1364/1364 1298/1365/1365 1302/1366/1366
f 1297/1364/1364 1302/1366/1366 1301/1367/1367
f 1304/1368/1368 1307/1369/1369 1306/1370/1370
f 1304/1368/1368 1306/1370/1370 1305/1371/1371
f 1308/1372/1372 1309/1373/1373 1310/1374/1374
f 1308/1372/1372 1310/1374/1374 1311/1375/1375
f 1304/1376/1376 1305/1377/1377 1309/1378/1378
f 1304/1376/1376 1309/1378/1378 1308/1379/1379
f 1307/1380/1380 1311/1381/1381 1310/1382/1382
f 1307/1380/1380 1310/1382/1382 1306/1383/1383
f 1304/1384/1384 1308/1385/1385 1311/1386/1386
f 1304/1384/1384 1311/1386/1386 1307/1387/1387
f 1305/1388/1388 1306/1389/1389 1310/1390/1390
f 1305/1388/1388 1310/1390/1390 1309/1391/1391
